STATION,Station_name,DATE,DATE_local,Year,Month,Day,Hour,Minute,LATITUDE,LONGITUDE,ELEVATION,temperature,temperature_Report_Type,temperature_Source_Code,temperature_Source_Station_ID,dew_point_temperature,dew_point_temperature_Report_Type,dew_point_temperature_Source_Code,dew_point_temperature_Source_Station_ID,station_level_pressure,station_level_pressure_Report_Type,station_level_pressure_Source_Code,station_level_pressure_Source_Station_ID,sea_level_pressure,sea_level_pressure_Report_Type,sea_level_pressure_Source_Code,sea_level_pressure_Source_Station_ID,wind_direction,wind_direction_Report_Type,wind_direction_Source_Code,wind_direction_Source_Station_ID,wind_speed,wind_speed_Report_Type,wind_speed_Source_Code,wind_speed_Source_Station_ID,wind_gust,wind_gust_Report_Type,wind_gust_Source_Code,wind_gust_Source_Station_ID,precipitation,precipitation_Measurement_Code,precipitation_Quality_Code,precipitation_Report_Type,precipitation_Source_Code,precipitation_Source_Station_ID,relative_humidity,relative_humidity_Measurement_Code,relative_humidity_Report_Type,relative_humidity_Source_Code,relative_humidity_Source_Station_ID,wet_bulb_temperature,wet_bulb_temperature_Measurement_Code,wet_bulb_temperature_Report_Type,wet_bulb_temperature_Source_Code,wet_bulb_temperature_Source_Station_ID,pres_wx_MW1,pres_wx_MW1_Report_Type,pres_wx_MW1_Source_Code,pres_wx_MW1_Source_Station_ID,pres_wx_MW2,pres_wx_MW2_Report_Type,pres_wx_MW2_Source_Code,pres_wx_MW2_Source_Station_ID,pres_wx_AU1,pres_wx_AU1_Report_Type,pres_wx_AU1_Source_Code,pres_wx_AU1_Source_Station_ID,pres_wx_AU2,pres_wx_AU2_Report_Type,pres_wx_AU2_Source_Code,pres_wx_AU2_Source_Station_ID,pres_wx_AW1,pres_wx_AW1_Report_Type,pres_wx_AW1_Source_Code,pres_wx_AW1_Source_Station_ID,pres_wx_AW2,pres_wx_AW2_Report_Type,pres_wx_AW2_Source_Code,pres_wx_AW2_Source_Station_ID,visibility,visibility_Report_Type,visibility_Source_Code,visibility_Source_Station_ID,altimeter,altimeter_Report_Type,altimeter_Source_Code,altimeter_Source_Station_ID,pressure_3hr_change,pressure_3hr_change_Measurement_Code,pressure_3hr_change_Report_Type,pressure_3hr_change_Source_Code,pressure_3hr_change_Source_Station_ID,sky_condition,sky_condition_Report_Type,sky_condition_Source_Code,sky_condition_Source_Station_ID,sky_condition_baseht,sky_condition_baseht_Report_Type,sky_condition_baseht_Source_Code,sky_condition_baseht_Source_Station_ID,ceiling_height,ceiling_height_Measurement_Code,ceiling_height_Report_Type,ceiling_height_Source_Code,ceiling_height_Source_Station_ID,sky_cover_layer_1,sky_cover_layer_1_Report_Type,sky_cover_layer_1_Source_Code,sky_cover_layer_1_Source_Station_ID,sky_cover_layer_baseht_1,sky_cover_layer_baseht_1_Measurement_Code,sky_cover_layer_baseht_1_Report_Type,sky_cover_layer_baseht_1_Source_Code,sky_cover_layer_baseht_1_Source_Station_ID,sky_cover_summation_1,sky_cover_summation_1_Report_Type,sky_cover_summation_1_Source_Code,sky_cover_summation_1_Source_Station_ID,sky_cover_summation_2,sky_cover_summation_2_Report_Type,sky_cover_summation_2_Source_Code,sky_cover_summation_2_Source_Station_ID,sky_cover_summation_3,sky_cover_summation_3_Report_Type,sky_cover_summation_3_Source_Code,sky_cover_summation_3_Source_Station_ID,sky_cover_summation_4,sky_cover_summation_4_Report_Type,sky_cover_summation_4_Source_Code,sky_cover_summation_4_Source_Station_ID,sky_cover_summation_baseht_1,sky_cover_summation_baseht_1_Measurement_Code,sky_cover_summation_baseht_1_Report_Type,sky_cover_summation_baseht_1_Source_Code,sky_cover_summation_baseht_1_Source_Station_ID,sky_cover_summation_baseht_2,sky_cover_summation_baseht_2_Measurement_Code,sky_cover_summation_baseht_2_Report_Type,sky_cover_summation_baseht_2_Source_Code,sky_cover_summation_baseht_2_Source_Station_ID,sky_cover_summation_baseht_3,sky_cover_summation_baseht_3_Measurement_Code,sky_cover_summation_baseht_3_Report_Type,sky_cover_summation_baseht_3_Source_Code,sky_cover_summation_baseht_3_Source_Station_ID,sky_cover_summation_baseht_4,sky_cover_summation_baseht_4_Measurement_Code,sky_cover_summation_baseht_4_Report_Type,sky_cover_summation_baseht_4_Source_Code,sky_cover_summation_baseht_4_Source_Station_ID,precipitation_24_hour,precipitation_24_hour_Report_Type,precipitation_24_hour_Source_Code,precipitation_24_hour_Source_Station_ID,REM,REM_Report_Type,REM_Source_Code,REM_Source_Station_ID
USW00013722,RALEIGH AP,2026-09-01T04:51:00,2026-09-01 00:51,2026,09,01,04,51,35.8922,-78.7819,120.4,26.1,FM15,413,ICAO-KRDU,21.1,FM15,413,ICAO-KRDU,,,,,1018.7,FM15,413,ICAO-KRDU,0,FM15,413,ICAO-KRDU,0.0,FM15,413,ICAO-KRDU,,,,,,,,,,,74,D,FM15,413,ICAO-KRDU,,,,,,,,,,,,,,,,,,,,,,,,,,,,,,16.09,FM15,413,ICAO-KRDU,1019.3,FM15,413,ICAO-KRDU,,,,,,,,,,,,,,2134,M;,FM15,413,ICAO-KRDU,,,,,,,,,,BKN:07;,FM15,413,ICAO-KRDU,BKN:07;,FM15,413,ICAO-KRDU,BKN:07;,FM15,413,ICAO-KRDU,BKN:07;,FM15,413,ICAO-KRDU,2134,:,FM15,413,ICAO-KRDU,2591,:,FM15,413,ICAO-KRDU,3048,:,FM15,413,ICAO-KRDU,7620,:,FM15,413,ICAO-KRDU,,,,,KRDU 010451Z 00000KT 10SM BKN070 BKN085 BKN100 BKN250 26/21 A3010 RMK AO2 SLP187 T02610211 403560200,FM15,413,ICAO-KRDU
USW00013722,RALEIGH AP,2026-09-01T05:51:00,2026-09-01 01:51,2026,09,01,05,51,35.8922,-78.7819,120.4,26.1,FM15,413,ICAO-KRDU,20.6,FM15,413,ICAO-KRDU,1003.7,FM94_1,412,WMO-72306,1018.7,FM15,413,ICAO-KRDU,170,FM15,413,ICAO-KRDU,2.1,FM15,413,ICAO-KRDU,,,,,0.0,,,FM94_1,412,WMO-72306,72,D,FM15,413,ICAO-KRDU,22.4,D,FM94_1,412,WMO-72306,,,,,,,,,,,,,,,,,,,,,,,,,16.09,FM15,413,ICAO-KRDU,1019.3,FM15,413,ICAO-KRDU,0.3,1,FM15,413,ICAO-KRDU,06;;,FM94_1,412,WMO-72306,2000,FM94_1,412,WMO-72306,4572,M;,FM15,413,ICAO-KRDU,,,,,2000,:,FM94_1,412,WMO-72306,FEW:02;,FM15,413,ICAO-KRDU,SCT:04;,FM15,413,ICAO-KRDU,BKN:07;,FM15,413,ICAO-KRDU,BKN:07;,FM15,413,ICAO-KRDU,2134,:,FM15,413,ICAO-KRDU,2896,:,FM15,413,ICAO-KRDU,4572,:,FM15,413,ICAO-KRDU,7620,:,FM15,413,ICAO-KRDU,,,,,KRDU 010551Z 17004KT 10SM FEW070 SCT095 BKN150 BKN250 26/21 A3010 RMK AO2 SLP187 T02610206 10306 20256 51003,FM15,413,ICAO-KRDU
USW00013722,RALEIGH AP,2026-09-01T06:51:00,2026-09-01 02:51,2026,09,01,06,51,35.8922,-78.7819,120.4,26.1,FM15,413,ICAO-KRDU,21.1,FM15,413,ICAO-KRDU,,,,,1018.4,FM15,413,ICAO-KRDU,210,FM15,413,ICAO-KRDU,1.5,FM15,413,ICAO-KRDU,,,,,,,,,,,74,D,FM15,413,ICAO-KRDU,,,,,,,,,,,,,,,,,,,,,,,,,,,,,,16.09,FM15,413,ICAO-KRDU,1019.0,FM15,413,ICAO-KRDU,,,,,,,,,,,,,,2134,M;,FM15,413,ICAO-KRDU,,,,,,,,,,BKN:07;,FM15,413,ICAO-KRDU,BKN:07;,FM15,413,ICAO-KRDU,BKN:07;,FM15,413,ICAO-KRDU,BKN:07;,FM15,413,ICAO-KRDU,2134,:,FM15,413,ICAO-KRDU,2896,:,FM15,413,ICAO-KRDU,4572,:,FM15,413,ICAO-KRDU,7620,:,FM15,413,ICAO-KRDU,,,,,KRDU 010651Z 21003KT 10SM BKN070 BKN095 BKN150 BKN250 26/21 A3009 RMK AO2 SLP184 T02610211,FM15,413,ICAO-KRDU
USW00013722,RALEIGH AP,2026-09-01T07:51:00,2026-09-01 03:51,2026,09,01,07,51,35.8922,-78.7819,120.4,25.6,FM15,413,ICAO-KRDU,21.7,FM15,413,ICAO-KRDU,,,,,1018.0,FM15,413,ICAO-KRDU,240,FM15,413,ICAO-KRDU,2.1,FM15,413,ICAO-KRDU,,,,,,,,,,,79,D,FM15,413,ICAO-KRDU,,,,,,,,,,,,,,,,,,,,,,,,,,,,,,16.09,FM15,413,ICAO-KRDU,1018.6,FM15,413,ICAO-KRDU,,,,,,,,,,,,,,2134,M;,FM15,413,ICAO-KRDU,,,,,,,,,,BKN:07;,FM15,413,ICAO-KRDU,BKN:07;,FM15,413,ICAO-KRDU,BKN:07;,FM15,413,ICAO-KRDU,BKN:07;,FM15,413,ICAO-KRDU,2134,:,FM15,413,ICAO-KRDU,2896,:,FM15,413,ICAO-KRDU,3658,:,FM15,413,ICAO-KRDU,7620,:,FM15,413,ICAO-KRDU,,,,,KRDU 010751Z 24004KT 10SM BKN070 BKN095 BKN120 BKN250 26/22 A3008 RMK AO2 SLP180 T02560217,FM15,413,ICAO-KRDU
USW00013722,RALEIGH AP,2026-09-01T08:51:00,2026-09-01 04:51,2026,09,01,08,51,35.8922,-78.7819,120.4,25.0,FM15,413,ICAO-KRDU,22.2,FM15,413,ICAO-KRDU,1002.7,FM94_1,412,WMO-72306,1017.8,FM15,413,ICAO-KRDU,220,FM15,413,ICAO-KRDU,3.1,FM15,413,ICAO-KRDU,,,,,,,,,,,84,D,FM15,413,ICAO-KRDU,23.1,D,FM94_1,412,WMO-72306,,,,,,,,,,,,,,,,,,,,,,,,,16.09,FM15,413,ICAO-KRDU,1018.3,FM15,413,ICAO-KRDU,0.9,6,FM15,413,ICAO-KRDU,02;;,FM94_1,412,WMO-72306,,,,,,,,,,,,,,,,,,,FEW:02;,FM15,413,ICAO-KRDU,FEW:02;,FM15,413,ICAO-KRDU,FEW:02;,FM15,413,ICAO-KRDU,,,,,2134,:,FM15,413,ICAO-KRDU,2896,:,FM15,413,ICAO-KRDU,3353,:,FM15,413,ICAO-KRDU,,,,,,,,,,KRDU 010851Z 22006KT 10SM FEW070 FEW095 FEW110 25/22 A3007 RMK AO2 SLP178 T02500222 56009,FM15,413,ICAO-KRDU
USW00013722,RALEIGH AP,2026-09-01T09:51:00,2026-09-01 05:51,2026,09,01,09,51,35.8922,-78.7819,120.4,24.4,FM15,413,ICAO-KRDU,22.2,FM15,413,ICAO-KRDU,,,,,1017.7,FM15,413,ICAO-KRDU,230,FM15,413,ICAO-KRDU,3.1,FM15,413,ICAO-KRDU,,,,,,,,,,,88,D,FM15,413,ICAO-KRDU,,,,,,,,,,,,,,,,,,,,,,,,,,,,,,16.09,FM15,413,ICAO-KRDU,1018.3,FM15,413,ICAO-KRDU,,,,,,,,,,,,,,,,,,,,,,,,,,,,FEW:02;,FM15,413,ICAO-KRDU,,,,,,,,,,,,,2743,:,FM15,413,ICAO-KRDU,,,,,,,,,,,,,,,,,,,,KRDU 010951Z 23006KT 10SM FEW090 24/22 A3007 RMK AO2 SLP177 T02440222,FM15,413,ICAO-KRDU
USW00013722,RALEIGH AP,2026-09-01T10:51:00,2026-09-01 06:51,2026,09,01,10,51,35.8922,-78.7819,120.4,23.9,FM15,413,ICAO-KRDU,22.2,FM15,413,ICAO-KRDU,,,,,1018.0,FM15,413,ICAO-KRDU,240,FM15,413,ICAO-KRDU,1.5,FM15,413,ICAO-KRDU,,,,,,,,,,,90,D,FM15,413,ICAO-KRDU,,,,,,,,,,,,,,,,,,,,,,,,,,,,,,16.09,FM15,413,ICAO-KRDU,1018.6,FM15,413,ICAO-KRDU,,,,,,,,,,,,,,,,,,,,,,,,,,,,FEW:02;,FM15,413,ICAO-KRDU,FEW:02;,FM15,413,ICAO-KRDU,,,,,,,,,2743,:,FM15,413,ICAO-KRDU,7620,:,FM15,413,ICAO-KRDU,,,,,,,,,,,,,,,KRDU 011051Z 24003KT 10SM FEW090 FEW250 24/22 A3008 RMK AO2 SLP180 T02390222,FM15,413,ICAO-KRDU
USW00013722,RALEIGH AP,2026-09-01T11:51:00,2026-09-01 07:51,2026,09,01,11,51,35.8922,-78.7819,120.4,25.0,FM15,413,ICAO-KRDU,22.2,FM15,413,ICAO-KRDU,1003.3,FM94_1,412,WMO-72306,1018.4,FM15,413,ICAO-KRDU,210,FM15,413,ICAO-KRDU,3.1,FM15,413,ICAO-KRDU,,,,,0.0,,,FM94_1,412,WMO-72306,84,D,FM15,413,ICAO-KRDU,23.1,D,FM94_1,412,WMO-72306,,,,,,,,,,,,,,,,,,,,,,,,,16.09,FM15,413,ICAO-KRDU,1019.0,FM15,413,ICAO-KRDU,0.6,3,FM15,413,ICAO-KRDU,02;;,FM94_1,412,WMO-72306,5000,FM94_1,412,WMO-72306,,,,,,,,,,5000,:,FM94_1,412,WMO-72306,FEW:02;,FM15,413,ICAO-KRDU,FEW:02;,FM15,413,ICAO-KRDU,,,,,,,,,2743,:,FM15,413,ICAO-KRDU,7620,:,FM15,413,ICAO-KRDU,,,,,,,,,,,,,,,KRDU 011151Z 21006KT 10SM FEW090 FEW250 25/22 A3009 RMK AO2 SLP184 T02500222 10267 20239 53006,FM15,413,ICAO-KRDU
USW00013722,RALEIGH AP,2026-09-01T12:51:00,2026-09-01 08:51,2026,09,01,12,51,35.8922,-78.7819,120.4,26.7,FM15,413,ICAO-KRDU,22.2,FM15,413,ICAO-KRDU,,,,,1018.8,FM15,413,ICAO-KRDU,260,FM15,413,ICAO-KRDU,1.5,FM15,413,ICAO-KRDU,,,,,,,,,,,76,D,FM15,413,ICAO-KRDU,,,,,,,,,,,,,,,,,,,,,,,,,,,,,,16.09,FM15,413,ICAO-KRDU,1019.3,FM15,413,ICAO-KRDU,,,,,,,,,,,,,,,,,,,,,,,,,,,,FEW:02;,FM15,413,ICAO-KRDU,,,,,,,,,,,,,7620,:,FM15,413,ICAO-KRDU,,,,,,,,,,,,,,,,,,,,KRDU 011251Z 26003KT 10SM FEW250 27/22 A3010 RMK AO2 SLP188 T02670222,FM15,413,ICAO-KRDU
USW00013722,RALEIGH AP,2026-09-01T13:51:00,2026-09-01 09:51,2026,09,01,13,51,35.8922,-78.7819,120.4,28.9,FM15,413,ICAO-KRDU,22.2,FM15,413,ICAO-KRDU,,,,,1018.9,FM15,413,ICAO-KRDU,0,FM15,413,ICAO-KRDU,0.0,FM15,413,ICAO-KRDU,,,,,,,,,,,67,D,FM15,413,ICAO-KRDU,,,,,,,,,,,,,,,,,,,,,,,,,,,,,,16.09,FM15,413,ICAO-KRDU,1019.6,FM15,413,ICAO-KRDU,,,,,,,,,,,,,,,,,,,,,,,,,,,,FEW:02;,FM15,413,ICAO-KRDU,,,,,,,,,,,,,7620,:,FM15,413,ICAO-KRDU,,,,,,,,,,,,,,,,,,,,KRDU 011351Z 00000KT 10SM FEW250 29/22 A3011 RMK AO2 SLP189 T02890222,FM15,413,ICAO-KRDU
USW00013722,RALEIGH AP,2026-09-01T14:51:00,2026-09-01 10:51,2026,09,01,14,51,35.8922,-78.7819,120.4,31.1,FM15,413,ICAO-KRDU,22.2,FM15,413,ICAO-KRDU,1004.0,FM94_1,412,WMO-72306,1018.9,FM15,413,ICAO-KRDU,280,FM15,413,ICAO-KRDU,1.5,FM15,413,ICAO-KRDU,,,,,,,,,,,59,D,FM15,413,ICAO-KRDU,24.9,D,FM94_1,412,WMO-72306,,,,,,,,,,,,,,,,,,,,,,,,,16.09,FM15,413,ICAO-KRDU,1019.6,FM15,413,ICAO-KRDU,0.4,1,FM15,413,ICAO-KRDU,02;;,FM94_1,412,WMO-72306,300,FM94_1,412,WMO-72306,,,,,,,,,,300,:,FM94_1,412,WMO-72306,FEW:02;,FM15,413,ICAO-KRDU,,,,,,,,,,,,,7620,:,FM15,413,ICAO-KRDU,,,,,,,,,,,,,,,,,,,,KRDU 011451Z 28003KT 10SM FEW250 31/22 A3011 RMK AO2 SLP189 T03110222 51004,FM15,413,ICAO-KRDU
USW00013722,RALEIGH AP,2026-09-01T15:51:00,2026-09-01 11:51,2026,09,01,15,51,35.8922,-78.7819,120.4,32.8,FM15,413,ICAO-KRDU,21.1,FM15,413,ICAO-KRDU,,,,,1018.5,FM15,413,ICAO-KRDU,0,FM15,413,ICAO-KRDU,0.0,FM15,413,ICAO-KRDU,,,,,,,,,,,50,D,FM15,413,ICAO-KRDU,,,,,,,,,,,,,,,,,,,,,,,,,,,,,,16.09,FM15,413,ICAO-KRDU,1019.0,FM15,413,ICAO-KRDU,,,,,,,,,,,,,,,,,,,,,,,,,,,,FEW:02;,FM15,413,ICAO-KRDU,,,,,,,,,,,,,7620,:,FM15,413,ICAO-KRDU,,,,,,,,,,,,,,,,,,,,KRDU 011551Z 00000KT 10SM FEW250 33/21 A3009 RMK AO2 SLP185 T03280211,FM15,413,ICAO-KRDU
USW00013722,RALEIGH AP,2026-09-01T16:51:00,2026-09-01 12:51,2026,09,01,16,51,35.8922,-78.7819,120.4,33.9,FM15,413,ICAO-KRDU,20.0,FM15,413,ICAO-KRDU,,,,,1017.7,FM15,413,ICAO-KRDU,0,FM15,413,ICAO-KRDU,0.0,FM15,413,ICAO-KRDU,,,,,,,,,,,44,D,FM15,413,ICAO-KRDU,,,,,,,,,,,,,,,,,,,,,,,,,,,,,,16.09,FM15,413,ICAO-KRDU,1018.3,FM15,413,ICAO-KRDU,,,,,,,,,,,,,,,,,,,,,,,,,,,,FEW:02;,FM15,413,ICAO-KRDU,FEW:02;,FM15,413,ICAO-KRDU,,,,,,,,,1524,:,FM15,413,ICAO-KRDU,7620,:,FM15,413,ICAO-KRDU,,,,,,,,,,,,,,,KRDU 011651Z 00000KT 10SM FEW050 FEW250 34/20 A3007 RMK AO2 SLP177 T03390200,FM15,413,ICAO-KRDU
USW00013722,RALEIGH AP,2026-09-01T17:51:00,2026-09-01 13:51,2026,09,01,17,51,35.8922,-78.7819,120.4,35.0,FM15,413,ICAO-KRDU,21.1,FM15,413,ICAO-KRDU,1002.3,FM94_1,412,WMO-72306,1017.1,FM15,413,ICAO-KRDU,,,,,1.5,FM15,413,ICAO-KRDU,,,,,0.0,,,FM94_1,412,WMO-72306,44,D,FM15,413,ICAO-KRDU,25.2,D,FM94_1,412,WMO-72306,,,,,,,,,,,,,,,,,,,,,,,,,16.09,FM15,413,ICAO-KRDU,1017.9,FM15,413,ICAO-KRDU,1.6,7,FM15,413,ICAO-KRDU,04;;,FM94_1,412,WMO-72306,1500,FM94_1,412,WMO-72306,,,,,,,,,,1500,:,FM94_1,412,WMO-72306,SCT:04;,FM15,413,ICAO-KRDU,SCT:04;,FM15,413,ICAO-KRDU,,,,,,,,,1676,:,FM15,413,ICAO-KRDU,7620,:,FM15,413,ICAO-KRDU,,,,,,,,,,,,,,,KRDU 011751Z VRB03KT 10SM SCT055 SCT250 35/21 A3006 RMK AO2 SLP171 T03500211 10350 20250 57016,FM15,413,ICAO-KRDU
USW00013722,RALEIGH AP,2026-09-01T18:51:00,2026-09-01 14:51,2026,09,01,18,51,35.8922,-78.7819,120.4,35.6,FM15,413,ICAO-KRDU,20.0,FM15,413,ICAO-KRDU,,,,,1016.9,FM15,413,ICAO-KRDU,,,,,2.1,FM15,413,ICAO-KRDU,,,,,,,,,,,40,D,FM15,413,ICAO-KRDU,,,,,,,,,,,,,,,,,,,,,,,,,,,,,,16.09,FM15,413,ICAO-KRDU,1017.6,FM15,413,ICAO-KRDU,,,,,,,,,,,,,,,,,,,,,,,,,,,,SCT:04;,FM15,413,ICAO-KRDU,SCT:04;,FM15,413,ICAO-KRDU,,,,,,,,,1829,:,FM15,413,ICAO-KRDU,7620,:,FM15,413,ICAO-KRDU,,,,,,,,,,,,,,,KRDU 011851Z VRB04KT 10SM SCT060 SCT250 36/20 A3005 RMK AO2 SLP169 T03560200,FM15,413,ICAO-KRDU
USW00013722,RALEIGH AP,2026-09-01T19:51:00,2026-09-01 15:51,2026,09,01,19,51,35.8922,-78.7819,120.4,35.6,FM15,413,ICAO-KRDU,18.9,FM15,413,ICAO-KRDU,,,,,1016.3,FM15,413,ICAO-KRDU,280,FM15,413,ICAO-KRDU,3.1,FM15,413,ICAO-KRDU,,,,,,,,,,,37,D,FM15,413,ICAO-KRDU,,,,,,,,,,,,,,,,,,,,,,,,,,,,,,16.09,FM15,413,ICAO-KRDU,1016.9,FM15,413,ICAO-KRDU,,,,,,,,,,,,,,,,,,,,,,,,,,,,SCT:04;,FM15,413,ICAO-KRDU,SCT:04;,FM15,413,ICAO-KRDU,,,,,,,,,1829,:,FM15,413,ICAO-KRDU,7620,:,FM15,413,ICAO-KRDU,,,,,,,,,,,,,,,KRDU 011951Z 28006KT 10SM SCT060 SCT250 36/19 A3003 RMK AO2 SLP163 T03560189,FM15,413,ICAO-KRDU
USW00013722,RALEIGH AP,2026-09-01T20:51:00,2026-09-01 16:51,2026,09,01,20,51,35.8922,-78.7819,120.4,36.1,FM15,413,ICAO-KRDU,18.3,FM15,413,ICAO-KRDU,1001.0,FM94_1,412,WMO-72306,1016.0,FM15,413,ICAO-KRDU,280,FM15,413,ICAO-KRDU,2.6,FM15,413,ICAO-KRDU,,,,,0.0,,,FM94_1,412,WMO-72306,35,D,FM15,413,ICAO-KRDU,24.0,D,FM94_1,412,WMO-72306,,,,,,,,,,,,,,,,,,,,,,,,,16.09,FM15,413,ICAO-KRDU,1016.6,FM15,413,ICAO-KRDU,1.1,8,FM15,413,ICAO-KRDU,04;;,FM94_1,412,WMO-72306,300,FM94_1,412,WMO-72306,,,,,,,,,,300,:,FM94_1,412,WMO-72306,FEW:02;,FM15,413,ICAO-KRDU,SCT:04;,FM15,413,ICAO-KRDU,,,,,,,,,1829,:,FM15,413,ICAO-KRDU,7620,:,FM15,413,ICAO-KRDU,,,,,,,,,,,,,,,KRDU 012051Z 28005KT 10SM FEW060 SCT250 36/18 A3002 RMK AO2 SLP160 T03610183 58011,FM15,413,ICAO-KRDU
USW00013722,RALEIGH AP,2026-09-01T21:51:00,2026-09-01 17:51,2026,09,01,21,51,35.8922,-78.7819,120.4,35.0,FM15,413,ICAO-KRDU,19.4,FM15,413,ICAO-KRDU,,,,,1016.0,FM15,413,ICAO-KRDU,280,FM15,413,ICAO-KRDU,2.1,FM15,413,ICAO-KRDU,,,,,,,,,,,40,D,FM15,413,ICAO-KRDU,,,,,,,,,,,,,,,,,,,,,,,,,,,,,,16.09,FM15,413,ICAO-KRDU,1016.6,FM15,413,ICAO-KRDU,,,,,,,,,,,,,,,,,,,,,,,,,,,,FEW:02;,FM15,413,ICAO-KRDU,FEW:02;,FM15,413,ICAO-KRDU,,,,,,,,,1829,:,FM15,413,ICAO-KRDU,7620,:,FM15,413,ICAO-KRDU,,,,,,,,,,,,,,,KRDU 012151Z 28004KT 10SM FEW060 FEW250 35/19 A3002 RMK AO2 SLP160 T03500194,FM15,413,ICAO-KRDU
USW00013722,RALEIGH AP,2026-09-01T22:51:00,2026-09-01 18:51,2026,09,01,22,51,35.8922,-78.7819,120.4,33.9,FM15,413,ICAO-KRDU,20.0,FM15,413,ICAO-KRDU,,,,,1015.9,FM15,413,ICAO-KRDU,240,FM15,413,ICAO-KRDU,2.1,FM15,413,ICAO-KRDU,,,,,,,,,,,44,D,FM15,413,ICAO-KRDU,,,,,,,,,,,,,,,,,,,,,,,,,,,,,,16.09,FM15,413,ICAO-KRDU,1016.6,FM15,413,ICAO-KRDU,,,,,,,,,,,,,,,,,,,,,,,,,,,,FEW:02;,FM15,413,ICAO-KRDU,FEW:02;,FM15,413,ICAO-KRDU,,,,,,,,,1829,:,FM15,413,ICAO-KRDU,7620,:,FM15,413,ICAO-KRDU,,,,,,,,,,,,,,,KRDU 012251Z 24004KT 10SM FEW060 FEW250 34/20 A3002 RMK AO2 SLP159 T03390200,FM15,413,ICAO-KRDU
USW00013722,RALEIGH AP,2026-09-01T23:51:00,2026-09-01 19:51,2026,09,01,23,51,35.8922,-78.7819,120.4,32.2,FM15,413,ICAO-KRDU,20.6,FM15,413,ICAO-KRDU,1000.7,FM94_1,412,WMO-72306,1015.7,FM15,413,ICAO-KRDU,240,FM15,413,ICAO-KRDU,1.5,FM15,413,ICAO-KRDU,,,,,0.0,,,FM94_1,412,WMO-72306,50,D,FM15,413,ICAO-KRDU,24.2,D,FM94_1,412,WMO-72306,,,,,,,,,,,,,,,,,,,,,,,,,16.09,FM15,413,ICAO-KRDU,1016.3,FM15,413,ICAO-KRDU,0.4,8,FM15,413,ICAO-KRDU,02;;,FM94_1,412,WMO-72306,1500,FM94_1,412,WMO-72306,,,,,,,,,,1500,:,FM94_1,412,WMO-72306,FEW:02;,FM15,413,ICAO-KRDU,FEW:02;,FM15,413,ICAO-KRDU,,,,,,,,,1829,:,FM15,413,ICAO-KRDU,7620,:,FM15,413,ICAO-KRDU,,,,,,,,,,,,,,,KRDU 012351Z 24003KT 10SM FEW060 FEW250 32/21 A3001 RMK AO2 SLP157 T03220206 10367 20322 58004,FM15,413,ICAO-KRDU
USW00013722,RALEIGH AP,2026-09-02T00:51:00,2026-09-01 20:51,2026,09,02,00,51,35.8922,-78.7819,120.4,30.6,FM15,413,ICAO-KRDU,21.1,FM15,413,ICAO-KRDU,,,,,1015.6,FM15,413,ICAO-KRDU,0,FM15,413,ICAO-KRDU,0.0,FM15,413,ICAO-KRDU,,,,,,,,,,,57,D,FM15,413,ICAO-KRDU,,,,,,,,,,,,,,,,,,,,,,,,,,,,,,16.09,FM15,413,ICAO-KRDU,1016.3,FM15,413,ICAO-KRDU,,,,,,,,,,,,,,,,,,,,,,,,,,,,FEW:02;,FM15,413,ICAO-KRDU,,,,,,,,,,,,,7620,:,FM15,413,ICAO-KRDU,,,,,,,,,,,,,,,,,,,,KRDU 020051Z 00000KT 10SM FEW250 31/21 A3001 RMK AO2 SLP156 T03060211,FM15,413,ICAO-KRDU
USW00013722,RALEIGH AP,2026-09-02T01:51:00,2026-09-01 21:51,2026,09,02,01,51,35.8922,-78.7819,120.4,29.4,FM15,413,ICAO-KRDU,21.7,FM15,413,ICAO-KRDU,,,,,1016.2,FM15,413,ICAO-KRDU,230,FM15,413,ICAO-KRDU,2.1,FM15,413,ICAO-KRDU,,,,,,,,,,,63,D,FM15,413,ICAO-KRDU,,,,,,,,,,,,,,,,,,,,,,,,,,,,,,16.09,FM15,413,ICAO-KRDU,1016.9,FM15,413,ICAO-KRDU,,,,,,,,,,,,,,,,,,,,,,,,,,,,FEW:02;,FM15,413,ICAO-KRDU,,,,,,,,,,,,,7620,:,FM15,413,ICAO-KRDU,,,,,,,,,,,,,,,,,,,,KRDU 020151Z 23004KT 10SM FEW250 29/22 A3003 RMK AO2 SLP162 T02940217,FM15,413,ICAO-KRDU
USW00013722,RALEIGH AP,2026-09-02T02:51:00,2026-09-01 22:51,2026,09,02,02,51,35.8922,-78.7819,120.4,28.9,FM15,413,ICAO-KRDU,21.7,FM15,413,ICAO-KRDU,1001.7,FM94_1,412,WMO-72306,1016.7,FM15,413,ICAO-KRDU,220,FM15,413,ICAO-KRDU,2.1,FM15,413,ICAO-KRDU,,,,,0.0,,,FM94_1,412,WMO-72306,65,D,FM15,413,ICAO-KRDU,23.9,D,FM94_1,412,WMO-72306,,,,,,,,,,,,,,,,,,,,,,,,,16.09,FM15,413,ICAO-KRDU,1017.3,FM15,413,ICAO-KRDU,0.9,3,FM15,413,ICAO-KRDU,02;;,FM94_1,412,WMO-72306,5000,FM94_1,412,WMO-72306,,,,,,,,,,5000,:,FM94_1,412,WMO-72306,FEW:02;,FM15,413,ICAO-KRDU,,,,,,,,,,,,,7620,:,FM15,413,ICAO-KRDU,,,,,,,,,,,,,,,,,,,,KRDU 020251Z 22004KT 10SM FEW250 29/22 A3004 RMK AO2 SLP167 T02890217 53009,FM15,413,ICAO-KRDU
USW00013722,RALEIGH AP,2026-09-02T03:51:00,2026-09-01 23:51,2026,09,02,03,51,35.8922,-78.7819,120.4,28.3,FM15,413,ICAO-KRDU,21.7,FM15,413,ICAO-KRDU,,,,,1016.6,FM15,413,ICAO-KRDU,0,FM15,413,ICAO-KRDU,0.0,FM15,413,ICAO-KRDU,,,,,,,,,,,67,D,FM15,413,ICAO-KRDU,,,,,,,,,,,,,,,,,,,,,,,,,,,,,,16.09,FM15,413,ICAO-KRDU,1017.3,FM15,413,ICAO-KRDU,,,,,,,,,,,,,,,,,,,,,,,,,,,,FEW:02;,FM15,413,ICAO-KRDU,,,,,,,,,,,,,7620,:,FM15,413,ICAO-KRDU,,,,,,,,,,,,,,,,,,,,KRDU 020351Z 00000KT 10SM FEW250 28/22 A3004 RMK AO2 SLP166 T02830217,FM15,413,ICAO-KRDU
USW00013722,RALEIGH AP,2026-09-02T04:51:00,2026-09-02 00:51,2026,09,02,04,51,35.8922,-78.7819,120.4,27.2,FM15,413,ICAO-KRDU,22.2,FM15,413,ICAO-KRDU,,,,,1016.8,FM15,413,ICAO-KRDU,0,FM15,413,ICAO-KRDU,0.0,FM15,413,ICAO-KRDU,,,,,,,,,,,74,D,FM15,413,ICAO-KRDU,,,,,,,,,,,,,,,,,,,,,,,,,,,,,,16.09,FM15,413,ICAO-KRDU,1017.6,FM15,413,ICAO-KRDU,,,,,,,,,,,,,,,,,,,,,,,,,,,,CLR:00;,FM15,413,ICAO-KRDU,,,,,,,,,,,,,,,,,,,,,,,,,,,,,,,,,,,,,KRDU 020451Z 00000KT 10SM CLR 27/22 A3005 RMK AO2 SLP168 T02720222 403670239,FM15,413,ICAO-KRDU
USW00013722,RALEIGH AP,2026-09-02T05:51:00,2026-09-02 01:51,2026,09,02,05,51,35.8922,-78.7819,120.4,27.2,FM15,413,ICAO-KRDU,22.2,FM15,413,ICAO-KRDU,,,,,1017.2,FM15,413,ICAO-KRDU,0,FM15,413,ICAO-KRDU,0.0,FM15,413,ICAO-KRDU,,,,,,,,,,,74,D,FM15,413,ICAO-KRDU,,,,,,,,,,,,,,,,,,,,,,,,,,,,,,16.09,FM15,413,ICAO-KRDU,1017.9,FM15,413,ICAO-KRDU,0.6,3,FM15,413,ICAO-KRDU,,,,,,,,,,,,,,,,,,,,,,,CLR:00;,FM15,413,ICAO-KRDU,,,,,,,,,,,,,,,,,,,,,,,,,,,,,,,,,,,,,KRDU 020551Z 00000KT 10SM CLR 27/22 A3006 RMK AO2 SLP172 T02720222 10322 20267 53006,FM15,413,ICAO-KRDU
USW00013722,RALEIGH AP,2026-09-02T06:51:00,2026-09-02 02:51,2026,09,02,06,51,35.8922,-78.7819,120.4,26.1,FM15,413,ICAO-KRDU,22.8,FM15,413,ICAO-KRDU,,,,,1017.2,FM15,413,ICAO-KRDU,220,FM15,413,ICAO-KRDU,2.1,FM15,413,ICAO-KRDU,,,,,,,,,,,82,D,FM15,413,ICAO-KRDU,,,,,,,,,,,,,,,,,,,,,,,,,,,,,,16.09,FM15,413,ICAO-KRDU,1017.9,FM15,413,ICAO-KRDU,,,,,,,,,,,,,,,,,,,,,,,,,,,,CLR:00;,FM15,413,ICAO-KRDU,,,,,,,,,,,,,,,,,,,,,,,,,,,,,,,,,,,,,KRDU 020651Z 22004KT 10SM CLR 26/23 A3006 RMK AO2 SLP172 T02610228,FM15,413,ICAO-KRDU
USW00013722,RALEIGH AP,2026-09-02T07:51:00,2026-09-02 03:51,2026,09,02,07,51,35.8922,-78.7819,120.4,26.1,FM15,413,ICAO-KRDU,22.8,FM15,413,ICAO-KRDU,,,,,1017.0,FM15,413,ICAO-KRDU,210,FM15,413,ICAO-KRDU,3.1,FM15,413,ICAO-KRDU,,,,,,,,,,,82,D,FM15,413,ICAO-KRDU,,,,,,,,,,,,,,,,,,,,,,,,,,,,,,16.09,FM15,413,ICAO-KRDU,1017.6,FM15,413,ICAO-KRDU,,,,,,,,,,,,,,,,,,,,,,,,,,,,CLR:00;,FM15,413,ICAO-KRDU,,,,,,,,,,,,,,,,,,,,,,,,,,,,,,,,,,,,,KRDU 020751Z 21006KT 10SM CLR 26/23 A3005 RMK AO2 SLP170 T02610228,FM15,413,ICAO-KRDU
USW00013722,RALEIGH AP,2026-09-02T08:51:00,2026-09-02 04:51,2026,09,02,08,51,35.8922,-78.7819,120.4,25.0,FM15,413,ICAO-KRDU,22.8,FM15,413,ICAO-KRDU,,,,,1017.0,FM15,413,ICAO-KRDU,220,FM15,413,ICAO-KRDU,2.6,FM15,413,ICAO-KRDU,,,,,,,,,,,88,D,FM15,413,ICAO-KRDU,,,,,,,,,,,,,,,,,,,,,,,,,,,,,,16.09,FM15,413,ICAO-KRDU,1017.6,FM15,413,ICAO-KRDU,0.2,8,FM15,413,ICAO-KRDU,,,,,,,,,,,,,,,,,,,,,,,CLR:00;,FM15,413,ICAO-KRDU,,,,,,,,,,,,,,,,,,,,,,,,,,,,,,,,,,,,,KRDU 020851Z 22005KT 10SM CLR 25/23 A3005 RMK AO2 SLP170 T02500228 58002,FM15,413,ICAO-KRDU
USW00013722,RALEIGH AP,2026-09-02T09:51:00,2026-09-02 05:51,2026,09,02,09,51,35.8922,-78.7819,120.4,25.0,FM15,413,ICAO-KRDU,22.2,FM15,413,ICAO-KRDU,,,,,1017.6,FM15,413,ICAO-KRDU,0,FM15,413,ICAO-KRDU,0.0,FM15,413,ICAO-KRDU,,,,,,,,,,,84,D,FM15,413,ICAO-KRDU,,,,,,,,,,,,,,,,,,,,,,,,,,,,,,16.09,FM15,413,ICAO-KRDU,1018.3,FM15,413,ICAO-KRDU,,,,,,,,,,,,,,,,,,,,,,,,,,,,CLR:00;,FM15,413,ICAO-KRDU,,,,,,,,,,,,,,,,,,,,,,,,,,,,,,,,,,,,,KRDU 020951Z 00000KT 10SM CLR 25/22 A3007 RMK AO2 SLP176 T02500222,FM15,413,ICAO-KRDU
USW00013722,RALEIGH AP,2026-09-02T10:51:00,2026-09-02 06:51,2026,09,02,10,51,35.8922,-78.7819,120.4,24.4,FM15,413,ICAO-KRDU,22.8,FM15,413,ICAO-KRDU,,,,,1017.9,FM15,413,ICAO-KRDU,0,FM15,413,ICAO-KRDU,0.0,FM15,413,ICAO-KRDU,,,,,,,,,,,91,D,FM15,413,ICAO-KRDU,,,,,,,,,,,,,,,,,,,,,,,,,,,,,,11.27,FM15,413,ICAO-KRDU,1018.6,FM15,413,ICAO-KRDU,,,,,,,,,,,,,,,,,,,,,,,,,,,,FEW:02;,FM15,413,ICAO-KRDU,FEW:02;,FM15,413,ICAO-KRDU,,,,,,,,,2286,:,FM15,413,ICAO-KRDU,7620,:,FM15,413,ICAO-KRDU,,,,,,,,,,,,,,,KRDU 021051Z 00000KT 7SM FEW075 FEW250 24/23 A3008 RMK AO2 SLP179 T02440228,FM15,413,ICAO-KRDU
USW00013722,RALEIGH AP,2026-09-02T11:51:00,2026-09-02 07:51,2026,09,02,11,51,35.8922,-78.7819,120.4,25.6,FM15,413,ICAO-KRDU,22.8,FM15,413,ICAO-KRDU,,,,,1018.1,FM15,413,ICAO-KRDU,0,FM15,413,ICAO-KRDU,0.0,FM15,413,ICAO-KRDU,,,,,,,,,,,85,D,FM15,413,ICAO-KRDU,,,,,,,,,,,,,,,,,,,,,,,,,,,,,,16.09,FM15,413,ICAO-KRDU,1018.6,FM15,413,ICAO-KRDU,1.0,1,FM15,413,ICAO-KRDU,,,,,,,,,,,,,,,,,,,,,,,FEW:02;,FM15,413,ICAO-KRDU,,,,,,,,,,,,,7620,:,FM15,413,ICAO-KRDU,,,,,,,,,,,,,,,,,,,,KRDU 021151Z 00000KT 10SM FEW250 26/23 A3008 RMK AO2 SLP181 T02560228 10272 20244 51010,FM15,413,ICAO-KRDU
USW00013722,RALEIGH AP,2026-09-02T12:51:00,2026-09-02 08:51,2026,09,02,12,51,35.8922,-78.7819,120.4,27.8,FM15,413,ICAO-KRDU,22.8,FM15,413,ICAO-KRDU,,,,,1018.2,FM15,413,ICAO-KRDU,340,FM15,413,ICAO-KRDU,1.5,FM15,413,ICAO-KRDU,,,,,,,,,,,74,D,FM15,413,ICAO-KRDU,,,,,,,,,,,,,,,,,,,,,,,,,,,,,,16.09,FM15,413,ICAO-KRDU,1019.0,FM15,413,ICAO-KRDU,,,,,,,,,,,,,,,,,,,,,,,,,,,,CLR:00;,FM15,413,ICAO-KRDU,,,,,,,,,,,,,,,,,,,,,,,,,,,,,,,,,,,,,KRDU 021251Z 34003KT 10SM CLR 28/23 A3009 RMK AO2 SLP182 T02780228,FM15,413,ICAO-KRDU
USW00013722,RALEIGH AP,2026-09-02T13:51:00,2026-09-02 09:51,2026,09,02,13,51,35.8922,-78.7819,120.4,30.6,FM15,413,ICAO-KRDU,21.1,FM15,413,ICAO-KRDU,,,,,1018.1,FM15,413,ICAO-KRDU,20,FM15,413,ICAO-KRDU,2.6,FM15,413,ICAO-KRDU,,,,,,,,,,,57,D,FM15,413,ICAO-KRDU,,,,,,,,,,,,,,,,,,,,,,,,,,,,,,16.09,FM15,413,ICAO-KRDU,1018.6,FM15,413,ICAO-KRDU,,,,,,,,,,,,,,,,,,,,,,,,,,,,CLR:00;,FM15,413,ICAO-KRDU,,,,,,,,,,,,,,,,,,,,,,,,,,,,,,,,,,,,,KRDU 021351Z 02005KT 10SM CLR 31/21 A3008 RMK AO2 SLP181 T03060211,FM15,413,ICAO-KRDU
USW00013722,RALEIGH AP,2026-09-02T14:51:00,2026-09-02 10:51,2026,09,02,14,51,35.8922,-78.7819,120.4,32.8,FM15,413,ICAO-KRDU,21.1,FM15,413,ICAO-KRDU,,,,,1018.1,FM15,413,ICAO-KRDU,80,FM15,413,ICAO-KRDU,2.6,FM15,413,ICAO-KRDU,,,,,,,,,,,50,D,FM15,413,ICAO-KRDU,,,,,,,,,,,,,,,,,,,,,,,,,,,,,,16.09,FM15,413,ICAO-KRDU,1019.0,FM15,413,ICAO-KRDU,0.1,1,FM15,413,ICAO-KRDU,,,,,,,,,,,,,,,,,,,,,,,CLR:00;,FM15,413,ICAO-KRDU,,,,,,,,,,,,,,,,,,,,,,,,,,,,,,,,,,,,,KRDU 021451Z 08005KT 10SM CLR 33/21 A3009 RMK AO2 SLP181 T03280211 51001,FM15,413,ICAO-KRDU
USW00013722,RALEIGH AP,2026-09-02T15:51:00,2026-09-02 11:51,2026,09,02,15,51,35.8922,-78.7819,120.4,33.9,FM15,413,ICAO-KRDU,20.0,FM15,413,ICAO-KRDU,,,,,1018.1,FM15,413,ICAO-KRDU,0,FM15,413,ICAO-KRDU,0.0,FM15,413,ICAO-KRDU,,,,,,,,,,,44,D,FM15,413,ICAO-KRDU,,,,,,,,,,,,,,,,,,,,,,,,,,,,,,16.09,FM15,413,ICAO-KRDU,1018.6,FM15,413,ICAO-KRDU,,,,,,,,,,,,,,,,,,,,,,,,,,,,CLR:00;,FM15,413,ICAO-KRDU,,,,,,,,,,,,,,,,,,,,,,,,,,,,,,,,,,,,,KRDU 021551Z 00000KT 10SM CLR 34/20 A3008 RMK AO2 SLP181 T03390200,FM15,413,ICAO-KRDU
USW00013722,RALEIGH AP,2026-09-02T16:51:00,2026-09-02 12:51,2026,09,02,16,51,35.8922,-78.7819,120.4,35.6,FM15,413,ICAO-KRDU,20.0,FM15,413,ICAO-KRDU,,,,,1017.7,FM15,413,ICAO-KRDU,100,FM15,413,ICAO-KRDU,2.6,FM15,413,ICAO-KRDU,,,,,,,,,,,40,D,FM15,413,ICAO-KRDU,,,,,,,,,,,,,,,,,,,,,,,,,,,,,,16.09,FM15,413,ICAO-KRDU,1018.3,FM15,413,ICAO-KRDU,,,,,,,,,,,,,,,,,,,,,,,,,,,,FEW:02;,FM15,413,ICAO-KRDU,,,,,,,,,,,,,1829,:,FM15,413,ICAO-KRDU,,,,,,,,,,,,,,,,,,,,KRDU 021651Z 10005KT 10SM FEW060 36/20 A3007 RMK AO2 SLP177 T03560200,FM15,413,ICAO-KRDU
USW00013722,RALEIGH AP,2026-09-02T17:51:00,2026-09-02 13:51,2026,09,02,17,51,35.8922,-78.7819,120.4,37.2,FM15,413,ICAO-KRDU,19.4,FM15,413,ICAO-KRDU,,,,,1017.2,FM15,413,ICAO-KRDU,,,,,1.5,FM15,413,ICAO-KRDU,,,,,,,,,,,35,D,FM15,413,ICAO-KRDU,,,,,,,,,,,,,,,,,,,,,,,,,,,,,,16.09,FM15,413,ICAO-KRDU,1017.9,FM15,413,ICAO-KRDU,0.8,8,FM15,413,ICAO-KRDU,,,,,,,,,,,,,,,,,,,,,,,SCT:04;,FM15,413,ICAO-KRDU,,,,,,,,,,,,,1981,:,FM15,413,ICAO-KRDU,,,,,,,,,,,,,,,,,,,,KRDU 021751Z VRB03KT 10SM SCT065 37/19 A3006 RMK AO2 SLP172 T03720194 10372 20256 58008,FM15,413,ICAO-KRDU
USW00013722,RALEIGH AP,2026-09-02T18:51:00,2026-09-02 14:51,2026,09,02,18,51,35.8922,-78.7819,120.4,36.7,FM15,413,ICAO-KRDU,18.9,FM15,413,ICAO-KRDU,,,,,1016.8,FM15,413,ICAO-KRDU,,,,,1.5,FM15,413,ICAO-KRDU,,,,,,,,,,,35,D,FM15,413,ICAO-KRDU,,,,,,,,,,,,,,,,,,,,,,,,,,,,,,16.09,FM15,413,ICAO-KRDU,1017.6,FM15,413,ICAO-KRDU,,,,,,,,,,,,,,,,,,,,,,,,,,,,SCT:04;,FM15,413,ICAO-KRDU,,,,,,,,,,,,,2134,:,FM15,413,ICAO-KRDU,,,,,,,,,,,,,,,,,,,,KRDU 021851Z VRB03KT 10SM SCT070 37/19 A3005 RMK AO2 SLP168 T03670189,FM15,413,ICAO-KRDU
USW00013722,RALEIGH AP,2026-09-02T19:51:00,2026-09-02 15:51,2026,09,02,19,51,35.8922,-78.7819,120.4,36.7,FM15,413,ICAO-KRDU,18.3,FM15,413,ICAO-KRDU,,,,,1016.3,FM15,413,ICAO-KRDU,40,FM15,413,ICAO-KRDU,3.6,FM15,413,ICAO-KRDU,,,,,,,,,,,34,D,FM15,413,ICAO-KRDU,,,,,,,,,,,,,,,,,,,,,,,,,,,,,,16.09,FM15,413,ICAO-KRDU,1016.9,FM15,413,ICAO-KRDU,,,,,,,,,,,,,,,,,,,,,,,,,,,,SCT:04;,FM15,413,ICAO-KRDU,,,,,,,,,,,,,2134,:,FM15,413,ICAO-KRDU,,,,,,,,,,,,,,,,,,,,KRDU 021951Z 04007KT 10SM SCT070 37/18 A3003 RMK AO2 SLP163 T03670183,FM15,413,ICAO-KRDU
USW00013722,RALEIGH AP,2026-09-02T20:51:00,2026-09-02 16:51,2026,09,02,20,51,35.8922,-78.7819,120.4,36.7,FM15,413,ICAO-KRDU,18.9,FM15,413,ICAO-KRDU,,,,,1015.7,FM15,413,ICAO-KRDU,50,FM15,413,ICAO-KRDU,3.1,FM15,413,ICAO-KRDU,,,,,,,,,,,35,D,FM15,413,ICAO-KRDU,,,,,,,,,,,,,,,,,,,,,,,,,,,,,,16.09,FM15,413,ICAO-KRDU,1016.6,FM15,413,ICAO-KRDU,1.5,8,FM15,413,ICAO-KRDU,,,,,,,,,,,,,,,,,,,,,,,FEW:02;,FM15,413,ICAO-KRDU,,,,,,,,,,,,,2134,:,FM15,413,ICAO-KRDU,,,,,,,,,,,,,,,,,,,,KRDU 022051Z 05006KT 10SM FEW070 37/19 A3002 RMK AO2 SLP157 T03670189 58015,FM15,413,ICAO-KRDU
USW00013722,RALEIGH AP,2026-09-02T21:51:00,2026-09-02 17:51,2026,09,02,21,51,35.8922,-78.7819,120.4,36.1,FM15,413,ICAO-KRDU,19.4,FM15,413,ICAO-KRDU,,,,,1015.7,FM15,413,ICAO-KRDU,40,FM15,413,ICAO-KRDU,2.1,FM15,413,ICAO-KRDU,,,,,,,,,,,38,D,FM15,413,ICAO-KRDU,,,,,,,,,,,,,,,,,,,,,,,,,,,,,,16.09,FM15,413,ICAO-KRDU,1016.3,FM15,413,ICAO-KRDU,,,,,,,,,,,,,,,,,,,,,,,,,,,,FEW:02;,FM15,413,ICAO-KRDU,,,,,,,,,,,,,2134,12:,FM15,413,ICAO-KRDU,,,,,,,,,,,,,,,,,,,,KRDU 022151Z 04004KT 10SM FEW070TCU 36/19 A3001 RMK AO2 SLP157 CB DSNT NE-E TCU S T03610194,FM15,413,ICAO-KRDU
USW00013722,RALEIGH AP,2026-09-02T22:51:00,2026-09-02 18:51,2026,09,02,22,51,35.8922,-78.7819,120.4,35.0,FM15,413,ICAO-KRDU,20.6,FM15,413,ICAO-KRDU,,,,,1015.9,FM15,413,ICAO-KRDU,130,FM15,413,ICAO-KRDU,2.6,FM15,413,ICAO-KRDU,,,,,,,,,,,43,D,FM15,413,ICAO-KRDU,,,,,,,,,,,,,,,,,,,,,,,,,,,,,,16.09,FM15,413,ICAO-KRDU,1016.6,FM15,413,ICAO-KRDU,,,,,,,,,,,,,,,,,,,,,,,,,,,,FEW:02;,FM15,413,ICAO-KRDU,,,,,,,,,,,,,2134,:,FM15,413,ICAO-KRDU,,,,,,,,,,,,,,,,,,,,KRDU 022251Z 13005KT 10SM FEW070 35/21 A3002 RMK AO2 SLP159 CB DSNT NE-E T03500206,FM15,413,ICAO-KRDU
USW00013722,RALEIGH AP,2026-09-02T23:51:00,2026-09-02 19:51,2026,09,02,23,51,35.8922,-78.7819,120.4,32.8,FM15,413,ICAO-KRDU,21.7,FM15,413,ICAO-KRDU,,,,,1015.9,FM15,413,ICAO-KRDU,160,FM15,413,ICAO-KRDU,2.1,FM15,413,ICAO-KRDU,,,,,,,,,,,52,D,FM15,413,ICAO-KRDU,,,,,,,,,,,,,,,,,,,,,,,,,,,,,,16.09,FM15,413,ICAO-KRDU,1016.6,FM15,413,ICAO-KRDU,0.1,3,FM15,413,ICAO-KRDU,,,,,,,,,,,,,,,,,,,,,,,FEW:02;,FM15,413,ICAO-KRDU,,,,,,,,,,,,,1981,12:,FM15,413,ICAO-KRDU,,,,,,,,,,,,,,,,,,,,KRDU 022351Z 16004KT 10SM FEW065TCU 33/22 A3002 RMK AO2 SLP159 CB DSNT NE TCU OHD T03280217 10378 20328 53001,FM15,413,ICAO-KRDU
USW00013722,RALEIGH AP,2026-09-03T00:51:00,2026-09-02 20:51,2026,09,03,00,51,35.8922,-78.7819,120.4,31.1,FM15,413,ICAO-KRDU,21.1,FM15,413,ICAO-KRDU,,,,,1016.8,FM15,413,ICAO-KRDU,100,FM15,413,ICAO-KRDU,6.2,FM15,413,ICAO-KRDU,12.9,FM15,413,ICAO-KRDU,,,,,,,55,D,FM15,413,ICAO-KRDU,,,,,,,,,,,,,,,,,,,,,,,,,,,,,,16.09,FM15,413,ICAO-KRDU,1017.3,FM15,413,ICAO-KRDU,,,,,,,,,,,,,,,,,,,,,,,,,,,,SCT:04;,FM15,413,ICAO-KRDU,SCT:04;,FM15,413,ICAO-KRDU,,,,,,,,,1981,:,FM15,413,ICAO-KRDU,7620,:,FM15,413,ICAO-KRDU,,,,,,,,,,,,,,,KRDU 030051Z 10012G25KT 10SM SCT065 SCT250 31/21 A3004 RMK AO2 SLP168 CB DSNT E T03110211,FM15,413,ICAO-KRDU
USW00013722,RALEIGH AP,2026-09-03T01:51:00,2026-09-02 21:51,2026,09,03,01,51,35.8922,-78.7819,120.4,28.9,FM15,413,ICAO-KRDU,20.0,FM15,413,ICAO-KRDU,,,,,1016.8,FM15,413,ICAO-KRDU,,,,,2.1,FM15,413,ICAO-KRDU,,,,,,,,,,,59,D,FM15,413,ICAO-KRDU,,,,,,,,,,,,,,,,,,,,,,,,,,,,,,16.09,FM15,413,ICAO-KRDU,1017.3,FM15,413,ICAO-KRDU,,,,,,,,,,,,,,,,,,,,,,,,,,,,SCT:04;,FM15,413,ICAO-KRDU,,,,,,,,,,,,,7620,:,FM15,413,ICAO-KRDU,,,,,,,,,,,,,,,,,,,,KRDU 030151Z VRB04KT 10SM SCT250 29/20 A3004 RMK AO2 SLP168 T02890200,FM15,413,ICAO-KRDU
USW00013722,RALEIGH AP,2026-09-03T02:51:00,2026-09-02 22:51,2026,09,03,02,51,35.8922,-78.7819,120.4,27.8,FM15,413,ICAO-KRDU,20.6,FM15,413,ICAO-KRDU,,,,,1016.6,FM15,413,ICAO-KRDU,120,FM15,413,ICAO-KRDU,2.6,FM15,413,ICAO-KRDU,,,,,,,,,,,65,D,FM15,413,ICAO-KRDU,,,,,,,,,,,,,,,,,,,,,,,,,,,,,,16.09,FM15,413,ICAO-KRDU,1017.3,FM15,413,ICAO-KRDU,0.8,0,FM15,413,ICAO-KRDU,,,,,,,,,,,,,,,,,,,,,,,FEW:02;,FM15,413,ICAO-KRDU,,,,,,,,,,,,,7620,:,FM15,413,ICAO-KRDU,,,,,,,,,,,,,,,,,,,,KRDU 030251Z 12005KT 10SM FEW250 28/21 A3004 RMK AO2 SLP166 T02780206 50008,FM15,413,ICAO-KRDU
USW00013722,RALEIGH AP,2026-09-03T03:51:00,2026-09-02 23:51,2026,09,03,03,51,35.8922,-78.7819,120.4,27.2,FM15,413,ICAO-KRDU,21.1,FM15,413,ICAO-KRDU,,,,,1016.6,FM15,413,ICAO-KRDU,0,FM15,413,ICAO-KRDU,0.0,FM15,413,ICAO-KRDU,,,,,,,,,,,69,D,FM15,413,ICAO-KRDU,,,,,,,,,,,,,,,,,,,,,,,,,,,,,,16.09,FM15,413,ICAO-KRDU,1017.3,FM15,413,ICAO-KRDU,,,,,,,,,,,,,,,,,,,,,,,,,,,,CLR:00;,FM15,413,ICAO-KRDU,,,,,,,,,,,,,,,,,,,,,,,,,,,,,,,,,,,,,KRDU 030351Z 00000KT 10SM CLR 27/21 A3004 RMK AO2 SLP166 T02720211,FM15,413,ICAO-KRDU
USW00013722,RALEIGH AP,2026-09-03T04:51:00,2026-09-03 00:51,2026,09,03,04,51,35.8922,-78.7819,120.4,26.7,FM15,413,ICAO-KRDU,21.7,FM15,413,ICAO-KRDU,,,,,1016.6,FM15,413,ICAO-KRDU,130,FM15,413,ICAO-KRDU,1.5,FM15,413,ICAO-KRDU,,,,,,,,,,,74,D,FM15,413,ICAO-KRDU,,,,,,,,,,,,,,,,,,,,,,,,,,,,,,16.09,FM15,413,ICAO-KRDU,1017.3,FM15,413,ICAO-KRDU,,,,,,,,,,,,,,,,,,,,,,,,,,,,CLR:00;,FM15,413,ICAO-KRDU,,,,,,,,,,,,,,,,,,,,,,,,,,,,,,,,,,,,,KRDU 030451Z 13003KT 10SM CLR 27/22 A3004 RMK AO2 SLP166 T02670217 403780244,FM15,413,ICAO-KRDU
USW00013722,RALEIGH AP,2026-09-03T05:51:00,2026-09-03 01:51,2026,09,03,05,51,35.8922,-78.7819,120.4,25.6,FM15,413,ICAO-KRDU,21.7,FM15,413,ICAO-KRDU,,,,,1016.4,FM15,413,ICAO-KRDU,0,FM15,413,ICAO-KRDU,0.0,FM15,413,ICAO-KRDU,,,,,,,,,,,79,D,FM15,413,ICAO-KRDU,,,,,,,,,,,,,,,,,,,,,,,,,,,,,,16.09,FM15,413,ICAO-KRDU,1017.3,FM15,413,ICAO-KRDU,0.2,8,FM15,413,ICAO-KRDU,,,,,,,,,,,,,,,,,,,,,,,CLR:00;,FM15,413,ICAO-KRDU,,,,,,,,,,,,,,,,,,,,,,,,,,,,,,,,,,,,,KRDU 030551Z 00000KT 10SM CLR 26/22 A3004 RMK AO2 SLP164 T02560217 10328 20256 58002,FM15,413,ICAO-KRDU
USW00013722,RALEIGH AP,2026-09-03T06:51:00,2026-09-03 02:51,2026,09,03,06,51,35.8922,-78.7819,120.4,25.0,FM15,413,ICAO-KRDU,22.2,FM15,413,ICAO-KRDU,,,,,1016.1,FM15,413,ICAO-KRDU,0,FM15,413,ICAO-KRDU,0.0,FM15,413,ICAO-KRDU,,,,,,,,,,,84,D,FM15,413,ICAO-KRDU,,,,,,,,,,,,,,,,,,,,,,,,,,,,,,16.09,FM15,413,ICAO-KRDU,1016.9,FM15,413,ICAO-KRDU,,,,,,,,,,,,,,,,,,,,,,,,,,,,CLR:00;,FM15,413,ICAO-KRDU,,,,,,,,,,,,,,,,,,,,,,,,,,,,,,,,,,,,,KRDU 030651Z 00000KT 10SM CLR 25/22 A3003 RMK AO2 SLP161 T02500222,FM15,413,ICAO-KRDU
USW00013722,RALEIGH AP,2026-09-03T07:51:00,2026-09-03 03:51,2026,09,03,07,51,35.8922,-78.7819,120.4,24.4,FM15,413,ICAO-KRDU,21.7,FM15,413,ICAO-KRDU,,,,,1016.1,FM15,413,ICAO-KRDU,0,FM15,413,ICAO-KRDU,0.0,FM15,413,ICAO-KRDU,,,,,,,,,,,85,D,FM15,413,ICAO-KRDU,,,,,,,,,,,,,,,,,,,,,,,,,,,,,,16.09,FM15,413,ICAO-KRDU,1016.9,FM15,413,ICAO-KRDU,,,,,,,,,,,,,,,,,,,,,,,,,,,,CLR:00;,FM15,413,ICAO-KRDU,,,,,,,,,,,,,,,,,,,,,,,,,,,,,,,,,,,,,KRDU 030751Z 00000KT 10SM CLR 24/22 A3003 RMK AO2 SLP161 T02440217,FM15,413,ICAO-KRDU
USW00013722,RALEIGH AP,2026-09-03T08:51:00,2026-09-03 04:51,2026,09,03,08,51,35.8922,-78.7819,120.4,25.0,FM15,413,ICAO-KRDU,22.2,FM15,413,ICAO-KRDU,1001.7,FM94_1,412,WMO-72306,1016.5,FM15,413,ICAO-KRDU,0,FM15,413,ICAO-KRDU,0.0,FM15,413,ICAO-KRDU,,,,,0.0,,,FM94_1,412,WMO-72306,84,D,FM15,413,ICAO-KRDU,23.1,D,FM94_1,412,WMO-72306,,,,,,,,,,,,,,,,,,,,,,,,,16.09,FM15,413,ICAO-KRDU,1017.3,FM15,413,ICAO-KRDU,0.0,3,FM15,413,ICAO-KRDU,00;;,FM94_1,412,WMO-72306,600,FM94_1,412,WMO-72306,,,,,,,,,,600,:,FM94_1,412,WMO-72306,CLR:00;,FM15,413,ICAO-KRDU,,,,,,,,,,,,,,,,,,,,,,,,,,,,,,,,,,,,,KRDU 030851Z 00000KT 10SM CLR 25/22 A3004 RMK AO2 SLP165 T02500222 53000,FM15,413,ICAO-KRDU
USW00013722,RALEIGH AP,2026-09-03T09:51:00,2026-09-03 05:51,2026,09,03,09,51,35.8922,-78.7819,120.4,25.0,FM15,413,ICAO-KRDU,22.2,FM15,413,ICAO-KRDU,,,,,1016.6,FM15,413,ICAO-KRDU,0,FM15,413,ICAO-KRDU,0.0,FM15,413,ICAO-KRDU,,,,,,,,,,,84,D,FM15,413,ICAO-KRDU,,,,,,,,,,,,,,,,,,,,,,,,,,,,,,16.09,FM15,413,ICAO-KRDU,1017.3,FM15,413,ICAO-KRDU,,,,,,,,,,,,,,,,,,,,,,,,,,,,CLR:00;,FM15,413,ICAO-KRDU,,,,,,,,,,,,,,,,,,,,,,,,,,,,,,,,,,,,,KRDU 030951Z 00000KT 10SM CLR 25/22 A3004 RMK AO2 SLP166 T02500222,FM15,413,ICAO-KRDU
USW00013722,RALEIGH AP,2026-09-03T10:51:00,2026-09-03 06:51,2026,09,03,10,51,35.8922,-78.7819,120.4,25.0,FM15,413,ICAO-KRDU,23.3,FM15,413,ICAO-KRDU,,,,,1017.1,FM15,413,ICAO-KRDU,220,FM15,413,ICAO-KRDU,2.6,FM15,413,ICAO-KRDU,,,,,,,,,,,90,D,FM15,413,ICAO-KRDU,,,,,,,,,,,,,,,,,,,,,,,,,,,,,,16.09,FM15,413,ICAO-KRDU,1017.6,FM15,413,ICAO-KRDU,,,,,,,,,,,,,,,,,,,,,,,,,,,,CLR:00;,FM15,413,ICAO-KRDU,,,,,,,,,,,,,,,,,,,,,,,,,,,,,,,,,,,,,KRDU 031051Z 22005KT 10SM CLR 25/23 A3005 RMK AO2 SLP171 T02500233,FM15,413,ICAO-KRDU
USW00013722,RALEIGH AP,2026-09-03T11:51:00,2026-09-03 07:51,2026,09,03,11,51,35.8922,-78.7819,120.4,26.1,FM15,413,ICAO-KRDU,23.3,FM15,413,ICAO-KRDU,,,,,1017.7,FM15,413,ICAO-KRDU,220,FM15,413,ICAO-KRDU,3.6,FM15,413,ICAO-KRDU,,,,,,,,,,,85,D,FM15,413,ICAO-KRDU,,,,,,,,,,,,,,,,,,,,,,,,,,,,,,16.09,FM15,413,ICAO-KRDU,1018.3,FM15,413,ICAO-KRDU,1.1,3,FM15,413,ICAO-KRDU,,,,,,,,,,,,,,,,,,,,,,,FEW:02;,FM15,413,ICAO-KRDU,FEW:02;,FM15,413,ICAO-KRDU,,,,,,,,,2438,:,FM15,413,ICAO-KRDU,7620,:,FM15,413,ICAO-KRDU,,,,,,,,,,,,,,,KRDU 031151Z 22007KT 10SM FEW080 FEW250 26/23 A3007 RMK AO2 SLP177 T02610233 10261 20239 53011,FM15,413,ICAO-KRDU
USW00013722,RALEIGH AP,2026-09-03T12:51:00,2026-09-03 08:51,2026,09,03,12,51,35.8922,-78.7819,120.4,27.8,FM15,413,ICAO-KRDU,23.3,FM15,413,ICAO-KRDU,,,,,1017.6,FM15,413,ICAO-KRDU,260,FM15,413,ICAO-KRDU,2.1,FM15,413,ICAO-KRDU,,,,,,,,,,,77,D,FM15,413,ICAO-KRDU,,,,,,,,,,,,,,,,,,,,,,,,,,,,,,16.09,FM15,413,ICAO-KRDU,1018.3,FM15,413,ICAO-KRDU,,,,,,,,,,,,,,,,,,,,,,,,,,,,FEW:02;,FM15,413,ICAO-KRDU,,,,,,,,,,,,,7620,:,FM15,413,ICAO-KRDU,,,,,,,,,,,,,,,,,,,,KRDU 031251Z 26004KT 10SM FEW250 28/23 A3007 RMK AO2 SLP176 T02780233,FM15,413,ICAO-KRDU
USW00013722,RALEIGH AP,2026-09-03T13:51:00,2026-09-03 09:51,2026,09,03,13,51,35.8922,-78.7819,120.4,30.6,FM15,413,ICAO-KRDU,22.8,FM15,413,ICAO-KRDU,,,,,1017.5,FM15,413,ICAO-KRDU,250,FM15,413,ICAO-KRDU,1.5,FM15,413,ICAO-KRDU,,,,,,,,,,,63,D,FM15,413,ICAO-KRDU,,,,,,,,,,,,,,,,,,,,,,,,,,,,,,16.09,FM15,413,ICAO-KRDU,1018.3,FM15,413,ICAO-KRDU,,,,,,,,,,,,,,,,,,,,,,,,,,,,CLR:00;,FM15,413,ICAO-KRDU,,,,,,,,,,,,,,,,,,,,,,,,,,,,,,,,,,,,,KRDU 031351Z 25003KT 10SM CLR 31/23 A3007 RMK AO2 SLP175 T03060228,FM15,413,ICAO-KRDU
USW00013722,RALEIGH AP,2026-09-03T14:51:00,2026-09-03 10:51,2026,09,03,14,51,35.8922,-78.7819,120.4,32.8,FM15,413,ICAO-KRDU,22.2,FM15,413,ICAO-KRDU,1002.7,FM94_1,412,WMO-72306,1017.6,FM15,413,ICAO-KRDU,,,,,2.1,FM15,413,ICAO-KRDU,,,,,0.0,,,FM94_1,412,WMO-72306,54,D,FM15,413,ICAO-KRDU,25.3,D,FM94_1,412,WMO-72306,,,,,,,,,,,,,,,,,,,,,,,,,16.09,FM15,413,ICAO-KRDU,1018.3,FM15,413,ICAO-KRDU,0.0,3,FM15,413,ICAO-KRDU,02;;,FM94_1,412,WMO-72306,300,FM94_1,412,WMO-72306,,,,,,,,,,300,:,FM94_1,412,WMO-72306,FEW:02;,FM15,413,ICAO-KRDU,,,,,,,,,,,,,7620,:,FM15,413,ICAO-KRDU,,,,,,,,,,,,,,,,,,,,KRDU 031451Z VRB04KT 10SM FEW250 33/22 A3007 RMK AO2 SLP176 T03280222 53000,FM15,413,ICAO-KRDU
USW00013722,RALEIGH AP,2026-09-03T15:51:00,2026-09-03 11:51,2026,09,03,15,51,35.8922,-78.7819,120.4,35.0,FM15,413,ICAO-KRDU,21.7,FM15,413,ICAO-KRDU,,,,,1017.3,FM15,413,ICAO-KRDU,,,,,1.5,FM15,413,ICAO-KRDU,,,,,,,,,,,46,D,FM15,413,ICAO-KRDU,,,,,,,,,,,,,,,,,,,,,,,,,,,,,,16.09,FM15,413,ICAO-KRDU,1017.9,FM15,413,ICAO-KRDU,,,,,,,,,,,,,,,,,,,,,,,,,,,,FEW:02;,FM15,413,ICAO-KRDU,,,,,,,,,,,,,7620,:,FM15,413,ICAO-KRDU,,,,,,,,,,,,,,,,,,,,KRDU 031551Z VRB03KT 10SM FEW250 35/22 A3006 RMK AO2 SLP173 T03500217,FM15,413,ICAO-KRDU
USW00013722,RALEIGH AP,2026-09-03T16:51:00,2026-09-03 12:51,2026,09,03,16,51,35.8922,-78.7819,120.4,35.6,FM15,413,ICAO-KRDU,20.6,FM15,413,ICAO-KRDU,,,,,1016.9,FM15,413,ICAO-KRDU,,,,,1.5,FM15,413,ICAO-KRDU,,,,,,,,,,,42,D,FM15,413,ICAO-KRDU,,,,,,,,,,,,,,,,,,,,,,,,,,,,,,16.09,FM15,413,ICAO-KRDU,1017.6,FM15,413,ICAO-KRDU,,,,,,,,,,,,,,,,,,,,,,,,,,,,FEW:02;,FM15,413,ICAO-KRDU,,,,,,,,,,,,,1829,:,FM15,413,ICAO-KRDU,,,,,,,,,,,,,,,,,,,,KRDU 031651Z VRB03KT 10SM FEW060 36/21 A3005 RMK AO2 SLP169 T03560206,FM15,413,ICAO-KRDU
USW00013722,RALEIGH AP,2026-09-03T17:51:00,2026-09-03 13:51,2026,09,03,17,51,35.8922,-78.7819,120.4,38.3,FM15,413,ICAO-KRDU,20.6,FM15,413,ICAO-KRDU,,,,,1016.2,FM15,413,ICAO-KRDU,200,FM15,413,ICAO-KRDU,3.1,FM15,413,ICAO-KRDU,,,,,,,,,,,36,D,FM15,413,ICAO-KRDU,,,,,,,,,,,,,,,,,,,,,,,,,,,,,,16.09,FM15,413,ICAO-KRDU,1016.9,FM15,413,ICAO-KRDU,1.4,8,FM15,413,ICAO-KRDU,,,,,,,,,,,,,,,,,,,,,,,SCT:04;,FM15,413,ICAO-KRDU,,,,,,,,,,,,,1981,:,FM15,413,ICAO-KRDU,,,,,,,,,,,,,,,,,,,,KRDU 031751Z 20006KT 10SM SCT065 38/21 A3003 RMK AO2 SLP162 T03830206 10383 20261 58014,FM15,413,ICAO-KRDU
USW00013722,RALEIGH AP,2026-09-03T18:51:00,2026-09-03 14:51,2026,09,03,18,51,35.8922,-78.7819,120.4,36.1,FM15,413,ICAO-KRDU,20.0,FM15,413,ICAO-KRDU,,,,,1015.8,FM15,413,ICAO-KRDU,0,FM15,413,ICAO-KRDU,0.0,FM15,413,ICAO-KRDU,,,,,,,,,,,39,D,FM15,413,ICAO-KRDU,,,,,,,,,,,,,,,,,,,,,,,,,,,,,,16.09,FM15,413,ICAO-KRDU,1016.6,FM15,413,ICAO-KRDU,,,,,,,,,,,,,,,,,,,,,,,,,,,,SCT:04;,FM15,413,ICAO-KRDU,,,,,,,,,,,,,1981,:,FM15,413,ICAO-KRDU,,,,,,,,,,,,,,,,,,,,KRDU 031851Z 00000KT 10SM SCT065 36/20 A3002 RMK AO2 SLP158 T03610200 $,FM15,413,ICAO-KRDU
USW00013722,RALEIGH AP,2026-09-03T19:51:00,2026-09-03 15:51,2026,09,03,19,51,35.8922,-78.7819,120.4,37.8,FM15,413,ICAO-KRDU,20.0,FM15,413,ICAO-KRDU,,,,,1015.2,FM15,413,ICAO-KRDU,180,FM15,413,ICAO-KRDU,3.6,FM15,413,ICAO-KRDU,,,,,,,,,,,36,D,FM15,413,ICAO-KRDU,,,,,,,,,,,,,,,,,,,,,,,,,,,,,,16.09,FM15,413,ICAO-KRDU,1015.9,FM15,413,ICAO-KRDU,,,,,,,,,,,,,,,,,,,,,,,,,,,,SCT:04;,FM15,413,ICAO-KRDU,,,,,,,,,,,,,1981,12:,FM15,413,ICAO-KRDU,,,,,,,,,,,,,,,,,,,,KRDU 031951Z 18007KT 10SM SCT065TCU 38/20 A3000 RMK AO2 SLP152 TCU OHD T03780200 $,FM15,413,ICAO-KRDU
USW00013722,RALEIGH AP,2026-09-03T20:51:00,2026-09-03 16:51,2026,09,03,20,51,35.8922,-78.7819,120.4,36.1,FM15,413,ICAO-KRDU,20.0,FM15,413,ICAO-KRDU,,,,,1014.6,FM15,413,ICAO-KRDU,180,FM15,413,ICAO-KRDU,3.6,FM15,413,ICAO-KRDU,,,,,,,,,,,39,D,FM15,413,ICAO-KRDU,,,,,,,,,,,,,,,,,,,,,,,,,,,,,,16.09,FM15,413,ICAO-KRDU,1015.2,FM15,413,ICAO-KRDU,1.5,8,FM15,413,ICAO-KRDU,,,,,,,,,,,,,,,,,,,,,,,FEW:02;,FM15,413,ICAO-KRDU,,,,,,,,,,,,,1981,12:,FM15,413,ICAO-KRDU,,,,,,,,,,,,,,,,,,,,KRDU 032051Z 18007KT 10SM FEW065TCU 36/20 A2998 RMK AO2 SLP146 TCU S T03610200 58015 $,FM15,413,ICAO-KRDU
USW00013722,RALEIGH AP,2026-09-03T21:51:00,2026-09-03 17:51,2026,09,03,21,51,35.8922,-78.7819,120.4,35.0,FM15,413,ICAO-KRDU,21.7,FM15,413,ICAO-KRDU,,,,,1014.6,FM15,413,ICAO-KRDU,160,FM15,413,ICAO-KRDU,4.6,FM15,413,ICAO-KRDU,,,,,0.0,T,4,FM15,343,723060-13722,46,D,FM15,413,ICAO-KRDU,,,,,,RA:61,FM15,413,ICAO-KRDU,,,,,-RA:02,FM15,413,ICAO-KRDU,,,,,RA:61,FM15,413,ICAO-KRDU,,,,,16.09,FM15,413,ICAO-KRDU,1015.2,FM15,413,ICAO-KRDU,,,,,,,,,,,,,,,,,,,,,,,,,,,,FEW:02;,FM15,413,ICAO-KRDU,,,,,,,,,,,,,1981,12:,FM15,413,ICAO-KRDU,,,,,,,,,,,,,,,,,,,,KRDU 032151Z 16009KT 10SM -RA FEW065TCU 35/22 A2998 RMK AO2 RAB50 SLP146 TCU OHD-S P0000 T03500217 $,FM15,413,ICAO-KRDU
USW00013722,RALEIGH AP,2026-09-03T22:51:00,2026-09-03 18:51,2026,09,03,22,51,35.8922,-78.7819,120.4,28.9,FM15,413,ICAO-KRDU,23.9,FM15,413,ICAO-KRDU,,,,,1014.6,FM15,413,ICAO-KRDU,120,FM15,413,ICAO-KRDU,3.6,FM15,413,ICAO-KRDU,,,,,10.7,,5,FM15,343,723060-13722,74,D,FM15,413,ICAO-KRDU,,,,,,RA:61,FM15,413,ICAO-KRDU,,,,,-RA:02,FM15,413,ICAO-KRDU,,,,,RA:61,FM15,413,ICAO-KRDU,,,,,16.09,FM15,413,ICAO-KRDU,1015.2,FM15,413,ICAO-KRDU,,,,,,,,,,,,,,,,,,,,,,,,,,,,SCT:04;,FM15,413,ICAO-KRDU,,,,,,,,,,,,,2438,:,FM15,413,ICAO-KRDU,,,,,,,,,,,,,,,,,,,,KRDU 032251Z 12007KT 10SM -RA SCT080 29/24 A2998 RMK AO2 PK WND 15045/2221 TSB06E42 SLP146 P0042 T02890239 $,FM15,413,ICAO-KRDU
USW00013722,RALEIGH AP,2026-09-03T23:51:00,2026-09-03 19:51,2026,09,03,23,51,35.8922,-78.7819,120.4,28.3,FM15,413,ICAO-KRDU,25.0,FM15,413,ICAO-KRDU,,,,,1014.7,FM15,413,ICAO-KRDU,170,FM15,413,ICAO-KRDU,3.1,FM15,413,ICAO-KRDU,,,,,0.0,T,4,FM15,343,723060-13722,82,D,FM15,413,ICAO-KRDU,,,,,,,,,,,,,,,,,,,,,,,,,,,,,,16.09,FM15,413,ICAO-KRDU,1015.2,FM15,413,ICAO-KRDU,0.0,5,FM15,413,ICAO-KRDU,,,,,,,,,,,,,,,,,,,,,,,FEW:02;,FM15,413,ICAO-KRDU,FEW:02;,FM15,413,ICAO-KRDU,,,,,,,,,2438,:,FM15,413,ICAO-KRDU,7620,:,FM15,413,ICAO-KRDU,,,,,,,,,,,,,,,KRDU 032351Z 17006KT 10SM FEW080 FEW250 28/25 A2998 RMK AO2 RAE19 SLP147 P0000 60042 T02830250 10383 20272 55000 $,FM15,413,ICAO-KRDU
USW00013722,RALEIGH AP,2026-09-04T00:51:00,2026-09-03 20:51,2026,09,04,00,51,35.8922,-78.7819,120.4,28.9,FM15,413,ICAO-KRDU,23.9,FM15,413,ICAO-KRDU,,,,,1015.6,FM15,413,ICAO-KRDU,160,FM15,413,ICAO-KRDU,2.6,FM15,413,ICAO-KRDU,,,,,,,,,,,74,D,FM15,413,ICAO-KRDU,,,,,,,,,,,,,,,,,,,,,,,,,,,,,,16.09,FM15,413,ICAO-KRDU,1016.3,FM15,413,ICAO-KRDU,,,,,,,,,,,,,,,,,,,,,,,,,,,,FEW:02;,FM15,413,ICAO-KRDU,,,,,,,,,,,,,7620,:,FM15,413,ICAO-KRDU,,,,,,,,,,,,,,,,,,,,KRDU 040051Z 16005KT 10SM FEW250 29/24 A3001 RMK AO2 SLP156 T02890239 $,FM15,413,ICAO-KRDU
USW00013722,RALEIGH AP,2026-09-04T01:51:00,2026-09-03 21:51,2026,09,04,01,51,35.8922,-78.7819,120.4,28.3,FM15,413,ICAO-KRDU,24.4,FM15,413,ICAO-KRDU,,,,,1016.4,FM15,413,ICAO-KRDU,180,FM15,413,ICAO-KRDU,2.1,FM15,413,ICAO-KRDU,,,,,,,,,,,79,D,FM15,413,ICAO-KRDU,,,,,,,,,,,,,,,,,,,,,,,,,,,,,,16.09,FM15,413,ICAO-KRDU,1016.9,FM15,413,ICAO-KRDU,,,,,,,,,,,,,,,,,,,,,,,,,,,,CLR:00;,FM15,413,ICAO-KRDU,,,,,,,,,,,,,,,,,,,,,,,,,,,,,,,,,,,,,KRDU 040151Z 18004KT 10SM CLR 28/24 A3003 RMK AO2 SLP164 T02830244 $,FM15,413,ICAO-KRDU
USW00013722,RALEIGH AP,2026-09-04T02:51:00,2026-09-03 22:51,2026,09,04,02,51,35.8922,-78.7819,120.4,29.4,FM15,413,ICAO-KRDU,23.3,FM15,413,ICAO-KRDU,,,,,1016.4,FM15,413,ICAO-KRDU,200,FM15,413,ICAO-KRDU,4.1,FM15,413,ICAO-KRDU,7.7,FM15,413,ICAO-KRDU,,,,,,,70,D,FM15,413,ICAO-KRDU,,,,,,,,,,,,,,,,,,,,,,,,,,,,,,16.09,FM15,413,ICAO-KRDU,1016.9,FM15,413,ICAO-KRDU,1.8,1,FM15,413,ICAO-KRDU,,,,,,,,,,,,,,,,,,,,,,,CLR:00;,FM15,413,ICAO-KRDU,,,,,,,,,,,,,,,,,,,,,,,,,,,,,,,,,,,,,KRDU 040251Z 20008G15KT 10SM CLR 29/23 A3003 RMK AO2 SLP164 T02940233 51018 $,FM15,413,ICAO-KRDU
USW00013722,RALEIGH AP,2026-09-04T03:51:00,2026-09-03 23:51,2026,09,04,03,51,35.8922,-78.7819,120.4,28.3,FM15,413,ICAO-KRDU,22.8,FM15,413,ICAO-KRDU,,,,,1016.1,FM15,413,ICAO-KRDU,210,FM15,413,ICAO-KRDU,6.2,FM15,413,ICAO-KRDU,,,,,,,,,,,72,D,FM15,413,ICAO-KRDU,,,,,,,,,,,,,,,,,,,,,,,,,,,,,,16.09,FM15,413,ICAO-KRDU,1016.9,FM15,413,ICAO-KRDU,,,,,,,,,,,,,,,,,,,,,,,,,,,,FEW:02;,FM15,413,ICAO-KRDU,,,,,,,,,,,,,7620,:,FM15,413,ICAO-KRDU,,,,,,,,,,,,,,,,,,,,KRDU 040351Z 21012KT 10SM FEW250 28/23 A3003 RMK AO2 SLP161 T02830228 $,FM15,413,ICAO-KRDU
USW00013722,RALEIGH AP,2026-09-04T04:51:00,2026-09-04 00:51,2026,09,04,04,51,35.8922,-78.7819,120.4,27.2,FM15,413,ICAO-KRDU,22.8,FM15,413,ICAO-KRDU,,,,,1016.5,FM15,413,ICAO-KRDU,220,FM15,413,ICAO-KRDU,5.1,FM15,413,ICAO-KRDU,,,,,,,,,,,77,D,FM15,413,ICAO-KRDU,,,,,,,,,,,,,,,,,,,,,,,,,,,,,,16.09,FM15,413,ICAO-KRDU,1017.3,FM15,413,ICAO-KRDU,,,,,,,,,,,,,,,,,,,,,,,,,,,,FEW:02;,FM15,413,ICAO-KRDU,,,,,,,,,,,,,7620,:,FM15,413,ICAO-KRDU,,,,,,,,,,,,,,,,,,,,KRDU 040451Z 22010KT 10SM FEW250 27/23 A3004 RMK AO2 SLP165 T02720228 403830239 $,FM15,413,ICAO-KRDU
USW00013722,RALEIGH AP,2026-09-04T05:51:00,2026-09-04 01:51,2026,09,04,05,51,35.8922,-78.7819,120.4,26.7,FM15,413,ICAO-KRDU,22.8,FM15,413,ICAO-KRDU,,,,,1016.3,FM15,413,ICAO-KRDU,230,FM15,413,ICAO-KRDU,3.1,FM15,413,ICAO-KRDU,,,,,,,,,,,79,D,FM15,413,ICAO-KRDU,,,,,,,,,,,,,,,,,,,,,,,,,,,,,,16.09,FM15,413,ICAO-KRDU,1016.9,FM15,413,ICAO-KRDU,0.0,6,FM15,413,ICAO-KRDU,,,,,,,,,,,,,,,,,,,,,,,FEW:02;,FM15,413,ICAO-KRDU,,,,,,,,,,,,,7620,:,FM15,413,ICAO-KRDU,,,,,,,,,,,,,,,,,,,,KRDU 040551Z 23006KT 10SM FEW250 27/23 A3003 RMK AO2 SLP163 T02670228 10294 20267 56000 $,FM15,413,ICAO-KRDU
USW00013722,RALEIGH AP,2026-09-04T06:51:00,2026-09-04 02:51,2026,09,04,06,51,35.8922,-78.7819,120.4,26.1,FM15,413,ICAO-KRDU,22.8,FM15,413,ICAO-KRDU,,,,,1015.4,FM15,413,ICAO-KRDU,220,FM15,413,ICAO-KRDU,3.1,FM15,413,ICAO-KRDU,,,,,,,,,,,82,D,FM15,413,ICAO-KRDU,,,,,,,,,,,,,,,,,,,,,,,,,,,,,,16.09,FM15,413,ICAO-KRDU,1016.3,FM15,413,ICAO-KRDU,,,,,,,,,,,,,,,,,,,,,,,,,,,,FEW:02;,FM15,413,ICAO-KRDU,,,,,,,,,,,,,7620,:,FM15,413,ICAO-KRDU,,,,,,,,,,,,,,,,,,,,KRDU 040651Z 22006KT 10SM FEW250 26/23 A3001 RMK AO2 SLP154 T02610228 $,FM15,413,ICAO-KRDU
USW00013722,RALEIGH AP,2026-09-04T07:51:00,2026-09-04 03:51,2026,09,04,07,51,35.8922,-78.7819,120.4,25.6,FM15,413,ICAO-KRDU,22.8,FM15,413,ICAO-KRDU,,,,,1015.1,FM15,413,ICAO-KRDU,220,FM15,413,ICAO-KRDU,4.1,FM15,413,ICAO-KRDU,,,,,,,,,,,85,D,FM15,413,ICAO-KRDU,,,,,,,,,,,,,,,,,,,,,,,,,,,,,,16.09,FM15,413,ICAO-KRDU,1015.9,FM15,413,ICAO-KRDU,,,,,,,,,,,,,,,,,,,,,,,,,,,,FEW:02;,FM15,413,ICAO-KRDU,,,,,,,,,,,,,7620,:,FM15,413,ICAO-KRDU,,,,,,,,,,,,,,,,,,,,KRDU 040751Z 22008KT 10SM FEW250 26/23 A3000 RMK AO2 SLP151 T02560228 $,FM15,413,ICAO-KRDU
USW00013722,RALEIGH AP,2026-09-04T08:51:00,2026-09-04 04:51,2026,09,04,08,51,35.8922,-78.7819,120.4,25.0,FM15,413,ICAO-KRDU,22.8,FM15,413,ICAO-KRDU,,,,,1015.2,FM15,413,ICAO-KRDU,230,FM15,413,ICAO-KRDU,3.1,FM15,413,ICAO-KRDU,,,,,,,,,,,88,D,FM15,413,ICAO-KRDU,,,,,,,,,,,,,,,,,,,,,,,,,,,,,,16.09,FM15,413,ICAO-KRDU,1015.9,FM15,413,ICAO-KRDU,1.1,5,FM15,413,ICAO-KRDU,,,,,,,,,,,,,,,,,,,,,,,FEW:02;,FM15,413,ICAO-KRDU,,,,,,,,,,,,,7620,:,FM15,413,ICAO-KRDU,,,,,,,,,,,,,,,,,,,,KRDU 040851Z 23006KT 10SM FEW250 25/23 A3000 RMK AO2 SLP152 T02500228 55011 $,FM15,413,ICAO-KRDU
USW00013722,RALEIGH AP,2026-09-04T09:51:00,2026-09-04 05:51,2026,09,04,09,51,35.8922,-78.7819,120.4,25.0,FM15,413,ICAO-KRDU,22.8,FM15,413,ICAO-KRDU,,,,,1015.9,FM15,413,ICAO-KRDU,230,FM15,413,ICAO-KRDU,3.1,FM15,413,ICAO-KRDU,,,,,,,,,,,88,D,FM15,413,ICAO-KRDU,,,,,,,,,,,,,,,,,,,,,,,,,,,,,,16.09,FM15,413,ICAO-KRDU,1016.6,FM15,413,ICAO-KRDU,,,,,,,,,,,,,,,,,,,,,,,,,,,,CLR:00;,FM15,413,ICAO-KRDU,,,,,,,,,,,,,,,,,,,,,,,,,,,,,,,,,,,,,KRDU 040951Z 23006KT 10SM CLR 25/23 A3002 RMK AO2 SLP159 T02500228 $,FM15,413,ICAO-KRDU
USW00013722,RALEIGH AP,2026-09-04T10:51:00,2026-09-04 06:51,2026,09,04,10,51,35.8922,-78.7819,120.4,24.4,FM15,413,ICAO-KRDU,23.3,FM15,413,ICAO-KRDU,,,,,1015.9,FM15,413,ICAO-KRDU,220,FM15,413,ICAO-KRDU,3.6,FM15,413,ICAO-KRDU,,,,,,,,,,,94,D,FM15,413,ICAO-KRDU,,,,,,,,,,,,,,,,,,,,,,,,,,,,,,16.09,FM15,413,ICAO-KRDU,1016.6,FM15,413,ICAO-KRDU,,,,,,,,,,,,,,,,,,,,,,,,,,,,FEW:02;,FM15,413,ICAO-KRDU,,,,,,,,,,,,,7620,:,FM15,413,ICAO-KRDU,,,,,,,,,,,,,,,,,,,,KRDU 041051Z 22007KT 10SM FEW250 24/23 A3002 RMK AO2 SLP159 T02440233 $,FM15,413,ICAO-KRDU
USW00013722,RALEIGH AP,2026-09-04T11:51:00,2026-09-04 07:51,2026,09,04,11,51,35.8922,-78.7819,120.4,25.6,FM15,413,ICAO-KRDU,23.3,FM15,413,ICAO-KRDU,,,,,1016.2,FM15,413,ICAO-KRDU,230,FM15,413,ICAO-KRDU,3.1,FM15,413,ICAO-KRDU,,,,,,,,,,,87,D,FM15,413,ICAO-KRDU,,,,,,,,,,,,,,,,,,,,,,,,,,,,,,16.09,FM15,413,ICAO-KRDU,1016.9,FM15,413,ICAO-KRDU,0.8,1,FM15,413,ICAO-KRDU,,,,,,,,,,,,,,,,,,,,,,,CLR:00;,FM15,413,ICAO-KRDU,,,,,,,,,,,,,,,,,,,,,,,,,,,,,,,,,,,,,KRDU 041151Z 23006KT 10SM CLR 26/23 A3003 RMK AO2 SLP162 70042 T02560233 10267 20244 51008 $,FM15,413,ICAO-KRDU
USW00013722,RALEIGH AP,2026-09-04T12:51:00,2026-09-04 08:51,2026,09,04,12,51,35.8922,-78.7819,120.4,27.2,FM15,413,ICAO-KRDU,23.3,FM15,413,ICAO-KRDU,,,,,1016.2,FM15,413,ICAO-KRDU,230,FM15,413,ICAO-KRDU,4.6,FM15,413,ICAO-KRDU,,,,,,,,,,,79,D,FM15,413,ICAO-KRDU,,,,,,,,,,,,,,,,,,,,,,,,,,,,,,16.09,FM15,413,ICAO-KRDU,1016.9,FM15,413,ICAO-KRDU,,,,,,,,,,,,,,,,,,,,,,,,,,,,CLR:00;,FM15,413,ICAO-KRDU,,,,,,,,,,,,,,,,,,,,,,,,,,,,,,,,,,,,,KRDU 041251Z 23009KT 10SM CLR 27/23 A3003 RMK AO2 SLP162 T02720233 $,FM15,413,ICAO-KRDU
USW00013722,RALEIGH AP,2026-09-04T13:51:00,2026-09-04 09:51,2026,09,04,13,51,35.8922,-78.7819,120.4,29.4,FM15,413,ICAO-KRDU,23.3,FM15,413,ICAO-KRDU,,,,,1016.2,FM15,413,ICAO-KRDU,260,FM15,413,ICAO-KRDU,3.1,FM15,413,ICAO-KRDU,,,,,,,,,,,70,D,FM15,413,ICAO-KRDU,,,,,,,,,,,,,,,,,,,,,,,,,,,,,,16.09,FM15,413,ICAO-KRDU,1016.9,FM15,413,ICAO-KRDU,,,,,,,,,,,,,,,,,,,,,,,,,,,,CLR:00;,FM15,413,ICAO-KRDU,,,,,,,,,,,,,,,,,,,,,,,,,,,,,,,,,,,,,KRDU 041351Z 26006KT 10SM CLR 29/23 A3003 RMK AO2 SLP162 T02940233 $,FM15,413,ICAO-KRDU
USW00013722,RALEIGH AP,2026-09-04T14:51:00,2026-09-04 10:51,2026,09,04,14,51,35.8922,-78.7819,120.4,31.7,FM15,413,ICAO-KRDU,23.9,FM15,413,ICAO-KRDU,,,,,1016.0,FM15,413,ICAO-KRDU,230,FM15,413,ICAO-KRDU,4.6,FM15,413,ICAO-KRDU,,,,,,,,,,,63,D,FM15,413,ICAO-KRDU,,,,,,,,,,,,,,,,,,,,,,,,,,,,,,16.09,FM15,413,ICAO-KRDU,1016.6,FM15,413,ICAO-KRDU,0.1,8,FM15,413,ICAO-KRDU,,,,,,,,,,,,,,,,,,,,,,,CLR:00;,FM15,413,ICAO-KRDU,,,,,,,,,,,,,,,,,,,,,,,,,,,,,,,,,,,,,KRDU 041451Z 23009KT 10SM CLR 32/24 A3002 RMK AO2 SLP160 T03170239 58001,FM15,413,ICAO-KRDU
USW00013722,RALEIGH AP,2026-09-04T15:51:00,2026-09-04 11:51,2026,09,04,15,51,35.8922,-78.7819,120.4,33.3,FM15,413,ICAO-KRDU,24.4,FM15,413,ICAO-KRDU,,,,,1015.7,FM15,413,ICAO-KRDU,240,FM15,413,ICAO-KRDU,4.6,FM15,413,ICAO-KRDU,,,,,,,,,,,60,D,FM15,413,ICAO-KRDU,,,,,,,,,,,,,,,,,,,,,,,,,,,,,,16.09,FM15,413,ICAO-KRDU,1016.6,FM15,413,ICAO-KRDU,,,,,,,,,,,,,,,,,,,,,,,,,,,,CLR:00;,FM15,413,ICAO-KRDU,,,,,,,,,,,,,,,,,,,,,,,,,,,,,,,,,,,,,KRDU 041551Z 24009KT 10SM CLR 33/24 A3002 RMK AO2 SLP157 T03330244,FM15,413,ICAO-KRDU
USW00013722,RALEIGH AP,2026-09-04T16:51:00,2026-09-04 12:51,2026,09,04,16,51,35.8922,-78.7819,120.4,34.4,FM15,413,ICAO-KRDU,23.3,FM15,413,ICAO-KRDU,,,,,1014.9,FM15,413,ICAO-KRDU,230,FM15,413,ICAO-KRDU,4.1,FM15,413,ICAO-KRDU,,,,,,,,,,,53,D,FM15,413,ICAO-KRDU,,,,,,,,,,,,,,,,,,,,,,,,,,,,,,16.09,FM15,413,ICAO-KRDU,1015.6,FM15,413,ICAO-KRDU,,,,,,,,,,,,,,,,,,,,,,,,,,,,FEW:02;,FM15,413,ICAO-KRDU,,,,,,,,,,,,,1372,:,FM15,413,ICAO-KRDU,,,,,,,,,,,,,,,,,,,,KRDU 041651Z 23008KT 10SM FEW045 34/23 A2999 RMK AO2 SLP149 T03440233,FM15,413,ICAO-KRDU
USW00013722,RALEIGH AP,2026-09-04T17:51:00,2026-09-04 13:51,2026,09,04,17,51,35.8922,-78.7819,120.4,36.1,FM15,413,ICAO-KRDU,22.8,FM15,413,ICAO-KRDU,,,,,1014.4,FM15,413,ICAO-KRDU,220,FM15,413,ICAO-KRDU,3.6,FM15,413,ICAO-KRDU,,,,,,,,,,,46,D,FM15,413,ICAO-KRDU,,,,,,,,,,,,,,,,,,,,,,,,,,,,,,16.09,FM15,413,ICAO-KRDU,1015.2,FM15,413,ICAO-KRDU,1.7,8,FM15,413,ICAO-KRDU,,,,,,,,,,,,,,,,,,,,,,,FEW:02;,FM15,413,ICAO-KRDU,,,,,,,,,,,,,1524,:,FM15,413,ICAO-KRDU,,,,,,,,,,,,,,,,,,,,KRDU 041751Z 22007KT 140V260 10SM FEW050 36/23 A2998 RMK AO2 SLP144 T03610228 10361 20256 58017,FM15,413,ICAO-KRDU
USW00013722,RALEIGH AP,2026-09-04T18:51:00,2026-09-04 14:51,2026,09,04,18,51,35.8922,-78.7819,120.4,37.2,FM15,413,ICAO-KRDU,22.8,FM15,413,ICAO-KRDU,,,,,1013.6,FM15,413,ICAO-KRDU,200,FM15,413,ICAO-KRDU,3.6,FM15,413,ICAO-KRDU,,,,,,,,,,,44,D,FM15,413,ICAO-KRDU,,,,,,,,,,,,,,,,,,,,,,,,,,,,,,16.09,FM15,413,ICAO-KRDU,1014.2,FM15,413,ICAO-KRDU,,,,,,,,,,,,,,,,,,,,,,,,,,,,SCT:04;,FM15,413,ICAO-KRDU,,,,,,,,,,,,,1676,:,FM15,413,ICAO-KRDU,,,,,,,,,,,,,,,,,,,,KRDU 041851Z 20007KT 10SM SCT055 37/23 A2995 RMK AO2 SLP136 TCU DSNT NW-N T03720228,FM15,413,ICAO-KRDU
USW00013722,RALEIGH AP,2026-09-04T19:51:00,2026-09-04 15:51,2026,09,04,19,51,35.8922,-78.7819,120.4,36.7,FM15,413,ICAO-KRDU,24.4,FM15,413,ICAO-KRDU,,,,,1012.7,FM15,413,ICAO-KRDU,220,FM15,413,ICAO-KRDU,4.1,FM15,413,ICAO-KRDU,,,,,,,,,,,49,D,FM15,413,ICAO-KRDU,,,,,,,,,,,,,,,,,,,,,,,,,,,,,,16.09,FM15,413,ICAO-KRDU,1013.5,FM15,413,ICAO-KRDU,,,,,,,,,,,,,,,,,,,,,,,,,,,,SCT:04;,FM15,413,ICAO-KRDU,SCT:04;,FM15,413,ICAO-KRDU,,,,,,,,,1676,12:,FM15,413,ICAO-KRDU,7620,:,FM15,413,ICAO-KRDU,,,,,,,,,,,,,,,KRDU 041951Z 22008KT 10SM SCT055TCU SCT250 37/24 A2993 RMK AO2 SLP127 CB DSNT NW-N TCU OHD-W T03670244,FM15,413,ICAO-KRDU
USW00013722,RALEIGH AP,2026-09-04T20:51:00,2026-09-04 16:51,2026,09,04,20,51,35.8922,-78.7819,120.4,36.1,FM15,413,ICAO-KRDU,22.2,FM15,413,ICAO-KRDU,,,,,1011.9,FM15,413,ICAO-KRDU,220,FM15,413,ICAO-KRDU,5.7,FM15,413,ICAO-KRDU,,,,,,,,,,,45,D,FM15,413,ICAO-KRDU,,,,,,,,,,,,,,,,,,,,,,,,,,,,,,16.09,FM15,413,ICAO-KRDU,1012.5,FM15,413,ICAO-KRDU,2.4,8,FM15,413,ICAO-KRDU,,,,,,,,,,,,,,,,,,,,,,,FEW:02;,FM15,413,ICAO-KRDU,SCT:04;,FM15,413,ICAO-KRDU,,,,,,,,,1676,:,FM15,413,ICAO-KRDU,7620,:,FM15,413,ICAO-KRDU,,,,,,,,,,,,,,,KRDU 042051Z 22011KT 10SM FEW055 SCT250 36/22 A2990 RMK AO2 SLP119 CB DSNT NE AND NW T03610222 58024,FM15,413,ICAO-KRDU
USW00013722,RALEIGH AP,2026-09-04T21:51:00,2026-09-04 17:51,2026,09,04,21,51,35.8922,-78.7819,120.4,33.9,FM15,413,ICAO-KRDU,21.7,FM15,413,ICAO-KRDU,,,,,1012.3,FM15,413,ICAO-KRDU,230,FM15,413,ICAO-KRDU,5.1,FM15,413,ICAO-KRDU,,,,,,,,,,,49,D,FM15,413,ICAO-KRDU,,,,,,,,,,,,,,,,,,,,,,,,,,,,,,16.09,FM15,413,ICAO-KRDU,1012.9,FM15,413,ICAO-KRDU,,,,,,,,,,,,,,,,,,,,,,,,,,,,FEW:02;,FM15,413,ICAO-KRDU,FEW:02;,FM15,413,ICAO-KRDU,SCT:04;,FM15,413,ICAO-KRDU,,,,,1676,:,FM15,413,ICAO-KRDU,3048,:,FM15,413,ICAO-KRDU,7620,:,FM15,413,ICAO-KRDU,,,,,,,,,,KRDU 042151Z 23010KT 10SM FEW055 FEW100 SCT250 34/22 A2991 RMK AO2 SLP123 CB DSNT NE-E AND NW T03390217,FM15,413,ICAO-KRDU
USW00013722,RALEIGH AP,2026-09-04T22:51:00,2026-09-04 18:51,2026,09,04,22,51,35.8922,-78.7819,120.4,32.8,FM15,413,ICAO-KRDU,22.2,FM15,413,ICAO-KRDU,,,,,1012.1,FM15,413,ICAO-KRDU,260,FM15,413,ICAO-KRDU,2.1,FM15,413,ICAO-KRDU,,,,,,,,,,,54,D,FM15,413,ICAO-KRDU,,,,,,,,,,,,,,,,,,,,,,,,,,,,,,16.09,FM15,413,ICAO-KRDU,1012.9,FM15,413,ICAO-KRDU,,,,,,,,,,,,,,,,,,,,,,,,,,,,FEW:02;,FM15,413,ICAO-KRDU,FEW:02;,FM15,413,ICAO-KRDU,SCT:04;,FM15,413,ICAO-KRDU,,,,,1676,:,FM15,413,ICAO-KRDU,3048,:,FM15,413,ICAO-KRDU,7620,:,FM15,413,ICAO-KRDU,,,,,,,,,,KRDU 042251Z 26004KT 10SM FEW055 FEW100 SCT250 33/22 A2991 RMK AO2 SLP121 CB DSNT NE-E AND W-NW T03280222,FM15,413,ICAO-KRDU
USW00013722,RALEIGH AP,2026-09-04T23:51:00,2026-09-04 19:51,2026,09,04,23,51,35.8922,-78.7819,120.4,32.8,FM15,413,ICAO-KRDU,22.2,FM15,413,ICAO-KRDU,,,,,1012.3,FM15,413,ICAO-KRDU,240,FM15,413,ICAO-KRDU,4.6,FM15,413,ICAO-KRDU,,,,,,,,,,,54,D,FM15,413,ICAO-KRDU,,,,,,,,,,,,,,,,,,,,,,,,,,,,,,16.09,FM15,413,ICAO-KRDU,1012.9,FM15,413,ICAO-KRDU,0.3,1,FM15,413,ICAO-KRDU,,,,,,,,,7620,M;,FM15,413,ICAO-KRDU,,,,,,,,,,FEW:02;,FM15,413,ICAO-KRDU,FEW:02;,FM15,413,ICAO-KRDU,BKN:07;,FM15,413,ICAO-KRDU,,,,,1676,:,FM15,413,ICAO-KRDU,3048,:,FM15,413,ICAO-KRDU,7620,:,FM15,413,ICAO-KRDU,,,,,,,,,,KRDU 042351Z 24009KT 10SM FEW055 FEW100 BKN250 33/22 A2991 RMK AO2 SLP123 CB DSNT NE-E T03280222 10372 20328 51003,FM15,413,ICAO-KRDU
USW00013722,RALEIGH AP,2026-09-05T00:51:00,2026-09-04 20:51,2026,09,05,00,51,35.8922,-78.7819,120.4,29.4,FM15,413,ICAO-KRDU,20.0,FM15,413,ICAO-KRDU,,,,,1012.7,FM15,413,ICAO-KRDU,260,FM15,413,ICAO-KRDU,3.1,FM15,413,ICAO-KRDU,,,,,,,,,,,57,D,FM15,413,ICAO-KRDU,,,,,,,,,,,,,,,,,,,,,,,,,,,,,,16.09,FM15,413,ICAO-KRDU,1013.2,FM15,413,ICAO-KRDU,,,,,,,,,,,,,,7620,M;,FM15,413,ICAO-KRDU,,,,,,,,,,FEW:02;,FM15,413,ICAO-KRDU,FEW:02;,FM15,413,ICAO-KRDU,SCT:04;,FM15,413,ICAO-KRDU,BKN:07;,FM15,413,ICAO-KRDU,1676,:,FM15,413,ICAO-KRDU,3048,:,FM15,413,ICAO-KRDU,5182,:,FM15,413,ICAO-KRDU,7620,:,FM15,413,ICAO-KRDU,,,,,KRDU 050051Z 26006KT 10SM FEW055 FEW100 SCT170 BKN250 29/20 A2992 RMK AO2 SLP127 CONS LTGICCA DSNT NE-E CB DSNT NE-E T02940200,FM15,413,ICAO-KRDU
USW00013722,RALEIGH AP,2026-09-05T01:51:00,2026-09-04 21:51,2026,09,05,01,51,35.8922,-78.7819,120.4,29.4,FM15,413,ICAO-KRDU,20.6,FM15,413,ICAO-KRDU,,,,,1014.3,FM15,413,ICAO-KRDU,0,FM15,413,ICAO-KRDU,0.0,FM15,413,ICAO-KRDU,,,,,,,,,,,59,D,FM15,413,ICAO-KRDU,,,,,,,,,,,,,,,,,,,,,,,,,,,,,,16.09,FM15,413,ICAO-KRDU,1014.9,FM15,413,ICAO-KRDU,,,,,,,,,,,,,,7620,M;,FM15,413,ICAO-KRDU,,,,,,,,,,FEW:02;,FM15,413,ICAO-KRDU,SCT:04;,FM15,413,ICAO-KRDU,SCT:04;,FM15,413,ICAO-KRDU,BKN:07;,FM15,413,ICAO-KRDU,1676,12:,FM15,413,ICAO-KRDU,2286,:,FM15,413,ICAO-KRDU,5182,:,FM15,413,ICAO-KRDU,7620,:,FM15,413,ICAO-KRDU,,,,,KRDU 050151Z 00000KT 10SM FEW055TCU SCT075 SCT170 BKN250 29/21 A2997 RMK AO2 SLP143 CONS LTGICCA DSNT E-SE CB DSNT E-SE TCU SW T02940206,FM15,413,ICAO-KRDU
USW00013722,RALEIGH AP,2026-09-05T02:51:00,2026-09-04 22:51,2026,09,05,02,51,35.8922,-78.7819,120.4,26.1,FM15,413,ICAO-KRDU,21.7,FM15,413,ICAO-KRDU,,,,,1014.5,FM15,413,ICAO-KRDU,150,FM15,413,ICAO-KRDU,4.1,FM15,413,ICAO-KRDU,,,,,,,,,,,77,D,FM15,413,ICAO-KRDU,,,,,,,,,,,,,,,,,,,,,,,,,,,,,,16.09,FM15,413,ICAO-KRDU,1015.2,FM15,413,ICAO-KRDU,2.1,1,FM15,413,ICAO-KRDU,,,,,,,,,7620,M;,FM15,413,ICAO-KRDU,,,,,,,,,,FEW:02;,FM15,413,ICAO-KRDU,SCT:04;,FM15,413,ICAO-KRDU,SCT:04;,FM15,413,ICAO-KRDU,BKN:07;,FM15,413,ICAO-KRDU,1981,:,FM15,413,ICAO-KRDU,2286,:,FM15,413,ICAO-KRDU,5182,:,FM15,413,ICAO-KRDU,7620,:,FM15,413,ICAO-KRDU,,,,,KRDU 050251Z 15008KT 10SM FEW065 SCT075 SCT170 BKN250 26/22 A2998 RMK AO2 WSHFT 0210 SLP145 CONS LTGICCA DSNT SE CB DSNT SE T02610217 51021,FM15,413,ICAO-KRDU
USW00013722,RALEIGH AP,2026-09-05T03:51:00,2026-09-04 23:51,2026,09,05,03,51,35.8922,-78.7819,120.4,25.0,FM15,413,ICAO-KRDU,22.2,FM15,413,ICAO-KRDU,,,,,1014.6,FM15,413,ICAO-KRDU,170,FM15,413,ICAO-KRDU,3.1,FM15,413,ICAO-KRDU,,,,,,,,,,,84,D,FM15,413,ICAO-KRDU,,,,,,,,,,,,,,,,,,,,,,,,,,,,,,16.09,FM15,413,ICAO-KRDU,1015.2,FM15,413,ICAO-KRDU,,,,,,,,,,,,,,7620,M;,FM15,413,ICAO-KRDU,,,,,,,,,,SCT:04;,FM15,413,ICAO-KRDU,BKN:07;,FM15,413,ICAO-KRDU,,,,,,,,,2286,:,FM15,413,ICAO-KRDU,7620,:,FM15,413,ICAO-KRDU,,,,,,,,,,,,,,,KRDU 050351Z 17006KT 10SM SCT075 BKN250 25/22 A2998 RMK AO2 SLP146 T02500222,FM15,413,ICAO-KRDU
USW00013722,RALEIGH AP,2026-09-05T04:51:00,2026-09-05 00:51,2026,09,05,04,51,35.8922,-78.7819,120.4,25.6,FM15,413,ICAO-KRDU,21.1,FM15,413,ICAO-KRDU,,,,,1014.2,FM15,413,ICAO-KRDU,200,FM15,413,ICAO-KRDU,2.1,FM15,413,ICAO-KRDU,,,,,,,,,,,76,D,FM15,413,ICAO-KRDU,,,,,,,,,,,,,,,,,,,,,,,,,,,,,,16.09,FM15,413,ICAO-KRDU,1014.9,FM15,413,ICAO-KRDU,,,,,,,,,,,,,,1433,M;,FM15,413,ICAO-KRDU,,,,,,,,,,BKN:07;,FM15,413,ICAO-KRDU,BKN:07;,FM15,413,ICAO-KRDU,,,,,,,,,1433,:,FM15,413,ICAO-KRDU,7620,:,FM15,413,ICAO-KRDU,,,,,,,,,,,,,,,KRDU 050451Z 20004KT 10SM BKN047 BKN250 26/21 A2997 RMK AO2 SLP142 T02560211 403720244,FM15,413,ICAO-KRDU
USW00013722,RALEIGH AP,2026-09-05T05:51:00,2026-09-05 01:51,2026,09,05,05,51,35.8922,-78.7819,120.4,25.0,FM15,413,ICAO-KRDU,21.7,FM15,413,ICAO-KRDU,,,,,1013.3,FM15,413,ICAO-KRDU,210,FM15,413,ICAO-KRDU,3.1,FM15,413,ICAO-KRDU,,,,,,,,,,,82,D,FM15,413,ICAO-KRDU,,,,,,,,,,,,,,,,,,,,,,,,,,,,,,16.09,FM15,413,ICAO-KRDU,1014.2,FM15,413,ICAO-KRDU,1.0,8,FM15,413,ICAO-KRDU,,,,,,,,,,,,,,,,,,,,,,,FEW:02;,FM15,413,ICAO-KRDU,SCT:04;,FM15,413,ICAO-KRDU,,,,,,,,,2286,:,FM15,413,ICAO-KRDU,2743,:,FM15,413,ICAO-KRDU,,,,,,,,,,,,,,,KRDU 050551Z 21006KT 10SM FEW075 SCT090 25/22 A2995 RMK AO2 SLP133 T02500217 10328 20250 58010,FM15,413,ICAO-KRDU
USW00013722,RALEIGH AP,2026-09-05T06:51:00,2026-09-05 02:51,2026,09,05,06,51,35.8922,-78.7819,120.4,25.0,FM15,413,ICAO-KRDU,21.1,FM15,413,ICAO-KRDU,,,,,1012.5,FM15,413,ICAO-KRDU,230,FM15,413,ICAO-KRDU,1.5,FM15,413,ICAO-KRDU,,,,,,,,,,,79,D,FM15,413,ICAO-KRDU,,,,,,,,,,,,,,,,,,,,,,,,,,,,,,16.09,FM15,413,ICAO-KRDU,1013.2,FM15,413,ICAO-KRDU,,,,,,,,,,,,,,,,,,,,,,,,,,,,FEW:02;,FM15,413,ICAO-KRDU,FEW:02;,FM15,413,ICAO-KRDU,,,,,,,,,2286,:,FM15,413,ICAO-KRDU,4877,:,FM15,413,ICAO-KRDU,,,,,,,,,,,,,,,KRDU 050651Z 23003KT 10SM FEW075 FEW160 25/21 A2992 RMK AO2 SLP125 T02500211,FM15,413,ICAO-KRDU
USW00013722,RALEIGH AP,2026-09-05T07:51:00,2026-09-05 03:51,2026,09,05,07,51,35.8922,-78.7819,120.4,24.4,FM15,413,ICAO-KRDU,21.1,FM15,413,ICAO-KRDU,,,,,1011.8,FM15,413,ICAO-KRDU,230,FM15,413,ICAO-KRDU,2.1,FM15,413,ICAO-KRDU,,,,,,,,,,,82,D,FM15,413,ICAO-KRDU,,,,,,,,,,,,,,,,,,,,,,,,,,,,,,16.09,FM15,413,ICAO-KRDU,1012.5,FM15,413,ICAO-KRDU,,,,,,,,,,,,,,,,,,,,,,,,,,,,SCT:04;,FM15,413,ICAO-KRDU,,,,,,,,,,,,,4877,:,FM15,413,ICAO-KRDU,,,,,,,,,,,,,,,,,,,,KRDU 050751Z 23004KT 10SM SCT160 24/21 A2990 RMK AO2 SLP118 T02440211,FM15,413,ICAO-KRDU
USW00013722,RALEIGH AP,2026-09-05T08:51:00,2026-09-05 04:51,2026,09,05,08,51,35.8922,-78.7819,120.4,24.4,FM15,413,ICAO-KRDU,21.7,FM15,413,ICAO-KRDU,,,,,1011.3,FM15,413,ICAO-KRDU,220,FM15,413,ICAO-KRDU,2.6,FM15,413,ICAO-KRDU,,,,,,,,,,,85,D,FM15,413,ICAO-KRDU,,,,,,,,,,,,,,,,,,,,,,,,,,,,,,16.09,FM15,413,ICAO-KRDU,1011.9,FM15,413,ICAO-KRDU,2.0,6,FM15,413,ICAO-KRDU,,,,,,,,,,,,,,,,,,,,,,,CLR:00;,FM15,413,ICAO-KRDU,,,,,,,,,,,,,,,,,,,,,,,,,,,,,,,,,,,,,KRDU 050851Z 22005KT 10SM CLR 24/22 A2988 RMK AO2 SLP113 T02440217 56020,FM15,413,ICAO-KRDU
USW00013722,RALEIGH AP,2026-09-05T09:51:00,2026-09-05 05:51,2026,09,05,09,51,35.8922,-78.7819,120.4,24.4,FM15,413,ICAO-KRDU,21.7,FM15,413,ICAO-KRDU,,,,,1011.0,FM15,413,ICAO-KRDU,0,FM15,413,ICAO-KRDU,0.0,FM15,413,ICAO-KRDU,,,,,,,,,,,85,D,FM15,413,ICAO-KRDU,,,,,,,,,,,,,,,,,,,,,,,,,,,,,,16.09,FM15,413,ICAO-KRDU,1011.5,FM15,413,ICAO-KRDU,,,,,,,,,,,,,,,,,,,,,,,,,,,,CLR:00;,FM15,413,ICAO-KRDU,,,,,,,,,,,,,,,,,,,,,,,,,,,,,,,,,,,,,KRDU 050951Z 00000KT 10SM CLR 24/22 A2987 RMK AO2 SLP110 T02440217,FM15,413,ICAO-KRDU
USW00013722,RALEIGH AP,2026-09-05T10:51:00,2026-09-05 06:51,2026,09,05,10,51,35.8922,-78.7819,120.4,23.3,FM15,413,ICAO-KRDU,21.7,FM15,413,ICAO-KRDU,,,,,1011.6,FM15,413,ICAO-KRDU,0,FM15,413,ICAO-KRDU,0.0,FM15,413,ICAO-KRDU,,,,,,,,,,,91,D,FM15,413,ICAO-KRDU,,,,,,,,,,,,,,,,,,,,,,,,,,,,,,16.09,FM15,413,ICAO-KRDU,1012.2,FM15,413,ICAO-KRDU,,,,,,,,,,,,,,,,,,,,,,,,,,,,FEW:02;,FM15,413,ICAO-KRDU,,,,,,,,,,,,,4572,:,FM15,413,ICAO-KRDU,,,,,,,,,,,,,,,,,,,,KRDU 051051Z 00000KT 10SM FEW150 23/22 A2989 RMK AO2 SLP116 T02330217,FM15,413,ICAO-KRDU
USW00013722,RALEIGH AP,2026-09-05T11:51:00,2026-09-05 07:51,2026,09,05,11,51,35.8922,-78.7819,120.4,24.4,FM15,413,ICAO-KRDU,22.2,FM15,413,ICAO-KRDU,,,,,1012.0,FM15,413,ICAO-KRDU,230,FM15,413,ICAO-KRDU,1.5,FM15,413,ICAO-KRDU,,,,,,,,,,,88,D,FM15,413,ICAO-KRDU,,,,,,,,,,,,,,,,,,,,,,,,,,,,,,16.09,FM15,413,ICAO-KRDU,1012.5,FM15,413,ICAO-KRDU,0.6,3,FM15,413,ICAO-KRDU,,,,,,,,,,,,,,,,,,,,,,,CLR:00;,FM15,413,ICAO-KRDU,,,,,,,,,,,,,,,,,,,,,,,,,,,,,,,,,,,,,KRDU 051151Z 23003KT 10SM CLR 24/22 A2990 RMK AO2 SLP120 T02440222 10250 20233 53006,FM15,413,ICAO-KRDU
USW00013722,RALEIGH AP,2026-09-05T12:51:00,2026-09-05 08:51,2026,09,05,12,51,35.8922,-78.7819,120.4,26.7,FM15,413,ICAO-KRDU,22.8,FM15,413,ICAO-KRDU,,,,,1012.2,FM15,413,ICAO-KRDU,270,FM15,413,ICAO-KRDU,2.6,FM15,413,ICAO-KRDU,,,,,,,,,,,79,D,FM15,413,ICAO-KRDU,,,,,,,,,,,,,,,,,,,,,,,,,,,,,,16.09,FM15,413,ICAO-KRDU,1012.9,FM15,413,ICAO-KRDU,,,,,,,,,,,,,,,,,,,,,,,,,,,,FEW:02;,FM15,413,ICAO-KRDU,,,,,,,,,,,,,7620,:,FM15,413,ICAO-KRDU,,,,,,,,,,,,,,,,,,,,KRDU 051251Z 27005KT 10SM FEW250 27/23 A2991 RMK AO2 SLP122 T02670228,FM15,413,ICAO-KRDU
USW00013722,RALEIGH AP,2026-09-05T13:51:00,2026-09-05 09:51,2026,09,05,13,51,35.8922,-78.7819,120.4,28.9,FM15,413,ICAO-KRDU,22.8,FM15,413,ICAO-KRDU,,,,,1012.1,FM15,413,ICAO-KRDU,250,FM15,413,ICAO-KRDU,3.1,FM15,413,ICAO-KRDU,,,,,,,,,,,70,D,FM15,413,ICAO-KRDU,,,,,,,,,,,,,,,,,,,,,,,,,,,,,,16.09,FM15,413,ICAO-KRDU,1012.5,FM15,413,ICAO-KRDU,,,,,,,,,,,,,,,,,,,,,,,,,,,,FEW:02;,FM15,413,ICAO-KRDU,,,,,,,,,,,,,7620,:,FM15,413,ICAO-KRDU,,,,,,,,,,,,,,,,,,,,KRDU 051351Z 25006KT 10SM FEW250 29/23 A2990 RMK AO2 SLP121 T02890228,FM15,413,ICAO-KRDU
USW00013722,RALEIGH AP,2026-09-05T14:51:00,2026-09-05 10:51,2026,09,05,14,51,35.8922,-78.7819,120.4,31.7,FM15,413,ICAO-KRDU,22.2,FM15,413,ICAO-KRDU,,,,,1012.2,FM15,413,ICAO-KRDU,0,FM15,413,ICAO-KRDU,0.0,FM15,413,ICAO-KRDU,,,,,,,,,,,57,D,FM15,413,ICAO-KRDU,,,,,,,,,,,,,,,,,,,,,,,,,,,,,,16.09,FM15,413,ICAO-KRDU,1012.9,FM15,413,ICAO-KRDU,0.2,2,FM15,413,ICAO-KRDU,,,,,,,,,,,,,,,,,,,,,,,FEW:02;,FM15,413,ICAO-KRDU,,,,,,,,,,,,,7620,:,FM15,413,ICAO-KRDU,,,,,,,,,,,,,,,,,,,,KRDU 051451Z 00000KT 10SM FEW250 32/22 A2991 RMK AO2 SLP122 T03170222 52002,FM15,413,ICAO-KRDU
USW00013722,RALEIGH AP,2026-09-05T15:51:00,2026-09-05 11:51,2026,09,05,15,51,35.8922,-78.7819,120.4,33.3,FM15,413,ICAO-KRDU,21.1,FM15,413,ICAO-KRDU,,,,,1011.9,FM15,413,ICAO-KRDU,,,,,1.5,FM15,413,ICAO-KRDU,,,,,,,,,,,49,D,FM15,413,ICAO-KRDU,,,,,,,,,,,,,,,,,,,,,,,,,,,,,,16.09,FM15,413,ICAO-KRDU,1012.5,FM15,413,ICAO-KRDU,,,,,,,,,,,,,,,,,,,,,,,,,,,,FEW:02;,FM15,413,ICAO-KRDU,FEW:02;,FM15,413,ICAO-KRDU,,,,,,,,,1524,:,FM15,413,ICAO-KRDU,7620,:,FM15,413,ICAO-KRDU,,,,,,,,,,,,,,,KRDU 051551Z VRB03KT 10SM FEW050 FEW250 33/21 A2990 RMK AO2 SLP119 T03330211,FM15,413,ICAO-KRDU
USW00013722,RALEIGH AP,2026-09-05T16:51:00,2026-09-05 12:51,2026,09,05,16,51,35.8922,-78.7819,120.4,34.4,FM15,413,ICAO-KRDU,21.1,FM15,413,ICAO-KRDU,,,,,1011.0,FM15,413,ICAO-KRDU,280,FM15,413,ICAO-KRDU,3.1,FM15,413,ICAO-KRDU,,,,,,,,,,,46,D,FM15,413,ICAO-KRDU,,,,,,,,,,,,,,,,,,,,,,,,,,,,,,16.09,FM15,413,ICAO-KRDU,1011.5,FM15,413,ICAO-KRDU,,,,,,,,,,,,,,,,,,,,,,,,,,,,FEW:02;,FM15,413,ICAO-KRDU,FEW:02;,FM15,413,ICAO-KRDU,,,,,,,,,1524,:,FM15,413,ICAO-KRDU,7620,:,FM15,413,ICAO-KRDU,,,,,,,,,,,,,,,KRDU 051651Z 28006KT 10SM FEW050 FEW250 34/21 A2987 RMK AO2 SLP110 T03440211,FM15,413,ICAO-KRDU
USW00013722,RALEIGH AP,2026-09-05T17:51:00,2026-09-05 13:51,2026,09,05,17,51,35.8922,-78.7819,120.4,35.0,FM15,413,ICAO-KRDU,20.6,FM15,413,ICAO-KRDU,,,,,1009.8,FM15,413,ICAO-KRDU,0,FM15,413,ICAO-KRDU,0.0,FM15,413,ICAO-KRDU,,,,,,,,,,,43,D,FM15,413,ICAO-KRDU,,,,,,,,,,,,,,,,,,,,,,,,,,,,,,16.09,FM15,413,ICAO-KRDU,1010.5,FM15,413,ICAO-KRDU,2.3,8,FM15,413,ICAO-KRDU,,,,,,,,,7620,M;,FM15,413,ICAO-KRDU,,,,,,,,,,FEW:02;,FM15,413,ICAO-KRDU,SCT:04;,FM15,413,ICAO-KRDU,BKN:07;,FM15,413,ICAO-KRDU,,,,,1676,12:,FM15,413,ICAO-KRDU,3353,:,FM15,413,ICAO-KRDU,7620,:,FM15,413,ICAO-KRDU,,,,,,,,,,KRDU 051751Z 00000KT 10SM FEW055TCU SCT110 BKN250 35/21 A2984 RMK AO2 SLP098 TCU W-NW T03500206 10356 20244 58023,FM15,413,ICAO-KRDU
USW00013722,RALEIGH AP,2026-09-05T18:51:00,2026-09-05 14:51,2026,09,05,18,51,35.8922,-78.7819,120.4,35.6,FM15,413,ICAO-KRDU,19.4,FM15,413,ICAO-KRDU,,,,,1008.8,FM15,413,ICAO-KRDU,320,FM15,413,ICAO-KRDU,3.1,FM15,413,ICAO-KRDU,,,,,,,,,,,39,D,FM15,413,ICAO-KRDU,,,,,,TS:17,FM15,413,ICAO-KRDU,,,,,TS,FM15,413,ICAO-KRDU,,,,,TS:90,FM15,413,ICAO-KRDU,,,,,16.09,FM15,413,ICAO-KRDU,1009.5,FM15,413,ICAO-KRDU,,,,,,,,,,,,,,7620,M;,FM15,413,ICAO-KRDU,,,,,,,,,,SCT:04;,FM15,413,ICAO-KRDU,SCT:04;,FM15,413,ICAO-KRDU,BKN:07;,FM15,413,ICAO-KRDU,,,,,1829,:,FM15,413,ICAO-KRDU,2438,:,FM15,413,ICAO-KRDU,7620,:,FM15,413,ICAO-KRDU,,,,,,,,,,KRDU 051851Z 32006KT 10SM SCT060 SCT080 BKN250 36/19 A2981 RMK AO2 SLP088 TS DSNT NW-N T03560194,FM15,413,ICAO-KRDU
USW00013722,RALEIGH AP,2026-09-05T19:51:00,2026-09-05 15:51,2026,09,05,19,51,35.8922,-78.7819,120.4,25.0,FM15,413,ICAO-KRDU,20.6,FM15,413,ICAO-KRDU,,,,,1010.1,FM15,413,ICAO-KRDU,30,FM15,413,ICAO-KRDU,2.6,FM15,413,ICAO-KRDU,,,,,,,,,,,77,D,FM15,413,ICAO-KRDU,,,,,,TS:17,FM15,413,ICAO-KRDU,TS:17,FM15,413,ICAO-KRDU,TS,FM15,413,ICAO-KRDU,TS,FM15,413,ICAO-KRDU,TS:90,FM15,413,ICAO-KRDU,TS:90,FM15,413,ICAO-KRDU,16.09,FM15,413,ICAO-KRDU,1010.5,FM15,413,ICAO-KRDU,,,,,,,,,,,,,,2438,M;,FM15,413,ICAO-KRDU,,,,,,,,,,SCT:04;,FM15,413,ICAO-KRDU,BKN:07;,FM15,413,ICAO-KRDU,BKN:07;,FM15,413,ICAO-KRDU,,,,,1829,09:,FM15,413,ICAO-KRDU,2438,:,FM15,413,ICAO-KRDU,3353,:,FM15,413,ICAO-KRDU,,,,,,,,,,KRDU 051951Z 03005KT 10SM TS SCT060CB BKN080 BKN110 25/21 A2984 RMK AO2 PK WND 36039/1913 TSB07E34B47 SLP101 OCNL LTGICCG SW-W TS SW-W MOV SE T02500206 $,FM15,413,ICAO-KRDU
USW00013722,RALEIGH AP,2026-09-05T20:51:00,2026-09-05 16:51,2026,09,05,20,51,35.8922,-78.7819,120.4,24.4,FM15,413,ICAO-KRDU,22.2,FM15,413,ICAO-KRDU,,,,,1009.1,FM15,413,ICAO-KRDU,110,FM15,413,ICAO-KRDU,2.6,FM15,413,ICAO-KRDU,,,,,0.8,,5,FM15,343,723060-13722,88,D,FM15,413,ICAO-KRDU,,,,,,,,,,,,,,,,,,,,,,,,,,,,,,16.09,FM15,413,ICAO-KRDU,1009.5,FM15,413,ICAO-KRDU,0.8,8,FM15,413,ICAO-KRDU,,,,,,,,,4877,M;,FM15,413,ICAO-KRDU,,,,,,,,,,FEW:02;,FM15,413,ICAO-KRDU,BKN:07;,FM15,413,ICAO-KRDU,BKN:07;,FM15,413,ICAO-KRDU,,,,,1219,:,FM15,413,ICAO-KRDU,4877,:,FM15,413,ICAO-KRDU,6401,:,FM15,413,ICAO-KRDU,,,,,,,,,,KRDU 052051Z 11005KT 10SM FEW040 BKN160 BKN210 24/22 A2981 RMK AO2 RAB1957E23 TSE08 SLP091 VC SH S P0003 60003 T02440222 58008 $,FM15,413,ICAO-KRDU
USW00013722,RALEIGH AP,2026-09-05T21:51:00,2026-09-05 17:51,2026,09,05,21,51,35.8922,-78.7819,120.4,25.0,FM15,413,ICAO-KRDU,22.8,FM15,413,ICAO-KRDU,,,,,1009.7,FM15,413,ICAO-KRDU,0,FM15,413,ICAO-KRDU,0.0,FM15,413,ICAO-KRDU,,,,,,,,,,,88,D,FM15,413,ICAO-KRDU,,,,,,,,,,,,,,,,,,,,,,,,,,,,,,16.09,FM15,413,ICAO-KRDU,1010.2,FM15,413,ICAO-KRDU,,,,,,,,,,,,,,4877,M;,FM15,413,ICAO-KRDU,,,,,,,,,,FEW:02;,FM15,413,ICAO-KRDU,BKN:07;,FM15,413,ICAO-KRDU,BKN:07;,FM15,413,ICAO-KRDU,,,,,1676,:,FM15,413,ICAO-KRDU,4877,:,FM15,413,ICAO-KRDU,6401,:,FM15,413,ICAO-KRDU,,,,,,,,,,KRDU 052151Z 00000KT 10SM FEW055 BKN160 BKN210 25/23 A2983 RMK AO2 SLP097 T02500228 $,FM15,413,ICAO-KRDU
USW00013722,RALEIGH AP,2026-09-05T22:51:00,2026-09-05 18:51,2026,09,05,22,51,35.8922,-78.7819,120.4,25.6,FM15,413,ICAO-KRDU,22.8,FM15,413,ICAO-KRDU,,,,,1009.3,FM15,413,ICAO-KRDU,260,FM15,413,ICAO-KRDU,1.5,FM15,413,ICAO-KRDU,,,,,,,,,,,85,D,FM15,413,ICAO-KRDU,,,,,,,,,,,,,,,,,,,,,,,,,,,,,,16.09,FM15,413,ICAO-KRDU,1009.8,FM15,413,ICAO-KRDU,,,,,,,,,,,,,,7620,M;,FM15,413,ICAO-KRDU,,,,,,,,,,FEW:02;,FM15,413,ICAO-KRDU,BKN:07;,FM15,413,ICAO-KRDU,,,,,,,,,4877,:,FM15,413,ICAO-KRDU,7620,:,FM15,413,ICAO-KRDU,,,,,,,,,,,,,,,KRDU 052251Z 26003KT 10SM FEW160 BKN250 26/23 A2982 RMK AO2 SLP093 T02560228 $,FM15,413,ICAO-KRDU
USW00013722,RALEIGH AP,2026-09-05T23:51:00,2026-09-05 19:51,2026,09,05,23,51,35.8922,-78.7819,120.4,25.6,FM15,413,ICAO-KRDU,22.8,FM15,413,ICAO-KRDU,,,,,1010.2,FM15,413,ICAO-KRDU,0,FM15,413,ICAO-KRDU,0.0,FM15,413,ICAO-KRDU,,,,,,,,,,,85,D,FM15,413,ICAO-KRDU,,,,,,,,,,,,,,,,,,,,,,,,,,,,,,16.09,FM15,413,ICAO-KRDU,1010.8,FM15,413,ICAO-KRDU,1.1,3,FM15,413,ICAO-KRDU,,,,,,,,,7620,M;,FM15,413,ICAO-KRDU,,,,,,,,,,FEW:02;,FM15,413,ICAO-KRDU,BKN:07;,FM15,413,ICAO-KRDU,,,,,,,,,2591,:,FM15,413,ICAO-KRDU,7620,:,FM15,413,ICAO-KRDU,,,,,,,,,,,,,,,KRDU 052351Z 00000KT 10SM FEW085 BKN250 26/23 A2985 RMK AO2 SLP102 60003 T02560228 10367 20244 53011 $,FM15,413,ICAO-KRDU
USW00013722,RALEIGH AP,2026-09-06T00:51:00,2026-09-05 20:51,2026,09,06,00,51,35.8922,-78.7819,120.4,24.4,FM15,413,ICAO-KRDU,22.8,FM15,413,ICAO-KRDU,,,,,1011.0,FM15,413,ICAO-KRDU,0,FM15,413,ICAO-KRDU,0.0,FM15,413,ICAO-KRDU,,,,,,,,,,,91,D,FM15,413,ICAO-KRDU,,,,,,,,,,,,,,,,,,,,,,,,,,,,,,16.09,FM15,413,ICAO-KRDU,1011.5,FM15,413,ICAO-KRDU,,,,,,,,,,,,,,7620,M;,FM15,413,ICAO-KRDU,,,,,,,,,,SCT:04;,FM15,413,ICAO-KRDU,BKN:07;,FM15,413,ICAO-KRDU,,,,,,,,,1524,:,FM15,413,ICAO-KRDU,7620,:,FM15,413,ICAO-KRDU,,,,,,,,,,,,,,,KRDU 060051Z 00000KT 10SM SCT050 BKN250 24/23 A2987 RMK AO2 SLP110 T02440228 $,FM15,413,ICAO-KRDU
USW00013722,RALEIGH AP,2026-09-06T01:51:00,2026-09-05 21:51,2026,09,06,01,51,35.8922,-78.7819,120.4,23.9,FM15,413,ICAO-KRDU,22.8,FM15,413,ICAO-KRDU,,,,,1011.4,FM15,413,ICAO-KRDU,50,FM15,413,ICAO-KRDU,3.1,FM15,413,ICAO-KRDU,,,,,,,,,,,94,D,FM15,413,ICAO-KRDU,,,,,,,,,,,,,,,,,,,,,,,,,,,,,,16.09,FM15,413,ICAO-KRDU,1012.2,FM15,413,ICAO-KRDU,,,,,,,,,,,,,,,,,,,,,,,,,,,,FEW:02;,FM15,413,ICAO-KRDU,SCT:04;,FM15,413,ICAO-KRDU,,,,,,,,,2134,:,FM15,413,ICAO-KRDU,7620,:,FM15,413,ICAO-KRDU,,,,,,,,,,,,,,,KRDU 060151Z 05006KT 10SM FEW070 SCT250 24/23 A2989 RMK AO2 SLP114 T02390228 $,FM15,413,ICAO-KRDU
USW00013722,RALEIGH AP,2026-09-06T02:51:00,2026-09-05 22:51,2026,09,06,02,51,35.8922,-78.7819,120.4,25.0,FM15,413,ICAO-KRDU,21.7,FM15,413,ICAO-KRDU,,,,,1011.4,FM15,413,ICAO-KRDU,80,FM15,413,ICAO-KRDU,3.6,FM15,413,ICAO-KRDU,,,,,,,,,,,82,D,FM15,413,ICAO-KRDU,,,,,,,,,,,,,,,,,,,,,,,,,,,,,,16.09,FM15,413,ICAO-KRDU,1012.2,FM15,413,ICAO-KRDU,1.4,1,FM15,413,ICAO-KRDU,,,,,,,,,7620,M;,FM15,413,ICAO-KRDU,,,,,,,,,,FEW:02;,FM15,413,ICAO-KRDU,BKN:07;,FM15,413,ICAO-KRDU,,,,,,,,,2134,:,FM15,413,ICAO-KRDU,7620,:,FM15,413,ICAO-KRDU,,,,,,,,,,,,,,,KRDU 060251Z 08007KT 10SM FEW070 BKN250 25/22 A2989 RMK AO2 SLP114 T02500217 51014 $,FM15,413,ICAO-KRDU
USW00013722,RALEIGH AP,2026-09-06T03:51:00,2026-09-05 23:51,2026,09,06,03,51,35.8922,-78.7819,120.4,24.4,FM15,413,ICAO-KRDU,21.7,FM15,413,ICAO-KRDU,,,,,1011.3,FM15,413,ICAO-KRDU,90,FM15,413,ICAO-KRDU,3.6,FM15,413,ICAO-KRDU,,,,,,,,,,,85,D,FM15,413,ICAO-KRDU,,,,,,,,,,,,,,,,,,,,,,,,,,,,,,16.09,FM15,413,ICAO-KRDU,1011.9,FM15,413,ICAO-KRDU,,,,,,,,,,,,,,,,,,,,,,,,,,,,FEW:02;,FM15,413,ICAO-KRDU,,,,,,,,,,,,,7620,:,FM15,413,ICAO-KRDU,,,,,,,,,,,,,,,,,,,,KRDU 060351Z 09007KT 10SM FEW250 24/22 A2988 RMK AO2 SLP113 T02440217 $,FM15,413,ICAO-KRDU
USW00013722,RALEIGH AP,2026-09-06T04:51:00,2026-09-06 00:51,2026,09,06,04,51,35.8922,-78.7819,120.4,23.9,FM15,413,ICAO-KRDU,21.1,FM15,413,ICAO-KRDU,,,,,1011.2,FM15,413,ICAO-KRDU,150,FM15,413,ICAO-KRDU,1.5,FM15,413,ICAO-KRDU,,,,,,,,,,,84,D,FM15,413,ICAO-KRDU,,,,,,,,,,,,,,,,,,,,,,,,,,,,,,16.09,FM15,413,ICAO-KRDU,1011.9,FM15,413,ICAO-KRDU,,,,,,,,,,,,,,,,,,,,,,,,,,,,FEW:02;,FM15,413,ICAO-KRDU,FEW:02;,FM15,413,ICAO-KRDU,,,,,,,,,1524,:,FM15,413,ICAO-KRDU,7620,:,FM15,413,ICAO-KRDU,,,,,,,,,,,,,,,KRDU 060451Z 15003KT 10SM FEW050 FEW250 24/21 A2988 RMK AO2 SLP112 T02390211 403670233 $,FM15,413,ICAO-KRDU
USW00013722,RALEIGH AP,2026-09-06T05:51:00,2026-09-06 01:51,2026,09,06,05,51,35.8922,-78.7819,120.4,22.8,FM15,413,ICAO-KRDU,21.7,FM15,413,ICAO-KRDU,,,,,1010.8,FM15,413,ICAO-KRDU,0,FM15,413,ICAO-KRDU,0.0,FM15,413,ICAO-KRDU,,,,,,,,,,,94,D,FM15,413,ICAO-KRDU,,,,,,,,,,,,,,,,,,,,,,,,,,,,,,16.09,FM15,413,ICAO-KRDU,1011.5,FM15,413,ICAO-KRDU,0.6,8,FM15,413,ICAO-KRDU,,,,,,,,,,,,,,,,,,,,,,,CLR:00;,FM15,413,ICAO-KRDU,,,,,,,,,,,,,,,,,,,,,,,,,,,,,,,,,,,,,KRDU 060551Z 00000KT 10SM CLR 23/22 A2987 RMK AO2 SLP108 T02280217 10256 20228 58006 $,FM15,413,ICAO-KRDU
USW00013722,RALEIGH AP,2026-09-06T06:51:00,2026-09-06 02:51,2026,09,06,06,51,35.8922,-78.7819,120.4,21.7,FM15,413,ICAO-KRDU,21.1,FM15,413,ICAO-KRDU,,,,,1010.3,FM15,413,ICAO-KRDU,40,FM15,413,ICAO-KRDU,2.1,FM15,413,ICAO-KRDU,,,,,,,,,,,96,D,FM15,413,ICAO-KRDU,,,,,,,,,,,,,,,,,,,,,,,,,,,,,,16.09,FM15,413,ICAO-KRDU,1010.8,FM15,413,ICAO-KRDU,,,,,,,,,,,,,,,,,,,,,,,,,,,,CLR:00;,FM15,413,ICAO-KRDU,,,,,,,,,,,,,,,,,,,,,,,,,,,,,,,,,,,,,KRDU 060651Z 04004KT 10SM CLR 22/21 A2985 RMK AO2 SLP103 T02170211 $,FM15,413,ICAO-KRDU
USW00013722,RALEIGH AP,2026-09-06T07:51:00,2026-09-06 03:51,2026,09,06,07,51,35.8922,-78.7819,120.4,22.8,FM15,413,ICAO-KRDU,21.7,FM15,413,ICAO-KRDU,,,,,1010.6,FM15,413,ICAO-KRDU,30,FM15,413,ICAO-KRDU,4.1,FM15,413,ICAO-KRDU,,,,,,,,,,,94,D,FM15,413,ICAO-KRDU,,,,,,,,,,,,,,,,,,,,,,,,,,,,,,16.09,FM15,413,ICAO-KRDU,1011.2,FM15,413,ICAO-KRDU,,,,,,,,,,,,,,,,,,,,,,,,,,,,FEW:02;,FM15,413,ICAO-KRDU,,,,,,,,,,,,,213,:,FM15,413,ICAO-KRDU,,,,,,,,,,,,,,,,,,,,KRDU 060751Z 03008KT 10SM FEW007 23/22 A2986 RMK AO2 SLP106 T02280217 $,FM15,413,ICAO-KRDU
USW00013722,RALEIGH AP,2026-09-06T08:51:00,2026-09-06 04:51,2026,09,06,08,51,35.8922,-78.7819,120.4,22.8,FM15,413,ICAO-KRDU,21.7,FM15,413,ICAO-KRDU,,,,,1010.8,FM15,413,ICAO-KRDU,50,FM15,413,ICAO-KRDU,4.1,FM15,413,ICAO-KRDU,,,,,,,,,,,94,D,FM15,413,ICAO-KRDU,,,,,,,,,,,,,,,,,,,,,,,,,,,,,,12.87,FM15,413,ICAO-KRDU,1011.5,FM15,413,ICAO-KRDU,0.0,5,FM15,413,ICAO-KRDU,,,,,,,,,152,M;,FM15,413,ICAO-KRDU,,,,,,,,,,BKN:07;,FM15,413,ICAO-KRDU,,,,,,,,,,,,,152,:,FM15,413,ICAO-KRDU,,,,,,,,,,,,,,,,,,,,KRDU 060851Z 05008KT 8SM BKN005 23/22 A2987 RMK AO2 SLP108 T02280217 55000 $,FM15,413,ICAO-KRDU
USW00013722,RALEIGH AP,2026-09-06T09:51:00,2026-09-06 05:51,2026,09,06,09,51,35.8922,-78.7819,120.4,22.8,FM15,413,ICAO-KRDU,21.7,FM15,413,ICAO-KRDU,,,,,1011.6,FM15,413,ICAO-KRDU,60,FM15,413,ICAO-KRDU,2.6,FM15,413,ICAO-KRDU,,,,,,,,,,,94,D,FM15,413,ICAO-KRDU,,,,,,,,,,,,,,,,,,,,,,,,,,,,,,11.27,FM15,413,ICAO-KRDU,1012.2,FM15,413,ICAO-KRDU,,,,,,,,,,,,,,152,M;,FM15,413,ICAO-KRDU,,,,,,,,,,OVC:08;,FM15,413,ICAO-KRDU,,,,,,,,,,,,,152,:,FM15,413,ICAO-KRDU,,,,,,,,,,,,,,,,,,,,KRDU 060951Z 06005KT 7SM OVC005 23/22 A2989 RMK AO2 SLP116 T02280217 $,FM15,413,ICAO-KRDU
USW00013722,RALEIGH AP,2026-09-06T10:51:00,2026-09-06 06:51,2026,09,06,10,51,35.8922,-78.7819,120.4,22.8,FM15,413,ICAO-KRDU,21.1,FM15,413,ICAO-KRDU,,,,,1012.4,FM15,413,ICAO-KRDU,50,FM15,413,ICAO-KRDU,3.1,FM15,413,ICAO-KRDU,,,,,,,,,,,90,D,FM15,413,ICAO-KRDU,,,,,,,,,,,,,,,,,,,,,,,,,,,,,,16.09,FM15,413,ICAO-KRDU,1012.9,FM15,413,ICAO-KRDU,,,,,,,,,,,,,,244,M;,FM15,413,ICAO-KRDU,,,,,,,,,,BKN:07;,FM15,413,ICAO-KRDU,BKN:07;,FM15,413,ICAO-KRDU,OVC:08;,FM15,413,ICAO-KRDU,,,,,244,:,FM15,413,ICAO-KRDU,427,:,FM15,413,ICAO-KRDU,945,:,FM15,413,ICAO-KRDU,,,,,,,,,,KRDU 061051Z 05006KT 10SM BKN008 BKN014 OVC031 23/21 A2991 RMK AO2 SLP124 T02280211 $,FM15,413,ICAO-KRDU
USW00013722,RALEIGH AP,2026-09-06T11:51:00,2026-09-06 07:51,2026,09,06,11,51,35.8922,-78.7819,120.4,22.8,FM15,413,ICAO-KRDU,21.1,FM15,413,ICAO-KRDU,,,,,1012.8,FM15,413,ICAO-KRDU,20,FM15,413,ICAO-KRDU,4.1,FM15,413,ICAO-KRDU,,,,,,,,,,,90,D,FM15,413,ICAO-KRDU,,,,,,,,,,,,,,,,,,,,,,,,,,,,,,16.09,FM15,413,ICAO-KRDU,1013.2,FM15,413,ICAO-KRDU,2.0,1,FM15,413,ICAO-KRDU,,,,,,,,,1097,M;,FM15,413,ICAO-KRDU,,,,,,,,,,FEW:02;,FM15,413,ICAO-KRDU,BKN:07;,FM15,413,ICAO-KRDU,BKN:07;,FM15,413,ICAO-KRDU,,,,,244,:,FM15,413,ICAO-KRDU,1097,:,FM15,413,ICAO-KRDU,1433,:,FM15,413,ICAO-KRDU,,,,,,,,,,KRDU 061151Z 02008KT 10SM FEW008 BKN036 BKN047 23/21 A2992 RMK AO2 SLP128 70003 T02280211 10228 20217 51020 $,FM15,413,ICAO-KRDU
USW00013722,RALEIGH AP,2026-09-06T12:51:00,2026-09-06 08:51,2026,09,06,12,51,35.8922,-78.7819,120.4,24.4,FM15,413,ICAO-KRDU,21.1,FM15,413,ICAO-KRDU,,,,,1013.0,FM15,413,ICAO-KRDU,70,FM15,413,ICAO-KRDU,3.6,FM15,413,ICAO-KRDU,,,,,,,,,,,82,D,FM15,413,ICAO-KRDU,,,,,,,,,,,,,,,,,,,,,,,,,,,,,,16.09,FM15,413,ICAO-KRDU,1013.5,FM15,413,ICAO-KRDU,,,,,,,,,,,,,,,,,,,,,,,,,,,,FEW:02;,FM15,413,ICAO-KRDU,FEW:02;,FM15,413,ICAO-KRDU,SCT:04;,FM15,413,ICAO-KRDU,,,,,244,:,FM15,413,ICAO-KRDU,1158,:,FM15,413,ICAO-KRDU,3658,:,FM15,413,ICAO-KRDU,,,,,,,,,,KRDU 061251Z 07007KT 10SM FEW008 FEW038 SCT120 24/21 A2993 RMK AO2 SLP130 T02440211 $,FM15,413,ICAO-KRDU
USW00013722,RALEIGH AP,2026-09-06T13:51:00,2026-09-06 09:51,2026,09,06,13,51,35.8922,-78.7819,120.4,26.1,FM15,413,ICAO-KRDU,21.1,FM15,413,ICAO-KRDU,,,,,1013.3,FM15,413,ICAO-KRDU,100,FM15,413,ICAO-KRDU,2.1,FM15,413,ICAO-KRDU,,,,,,,,,,,74,D,FM15,413,ICAO-KRDU,,,,,,,,,,,,,,,,,,,,,,,,,,,,,,16.09,FM15,413,ICAO-KRDU,1013.9,FM15,413,ICAO-KRDU,,,,,,,,,,,,,,,,,,,,,,,,,,,,FEW:02;,FM15,413,ICAO-KRDU,SCT:04;,FM15,413,ICAO-KRDU,SCT:04;,FM15,413,ICAO-KRDU,,,,,488,:,FM15,413,ICAO-KRDU,1372,:,FM15,413,ICAO-KRDU,3658,:,FM15,413,ICAO-KRDU,,,,,,,,,,KRDU 061351Z 10004KT 10SM FEW016 SCT045 SCT120 26/21 A2994 RMK AO2 SLP133 T02610211 $,FM15,413,ICAO-KRDU
USW00013722,RALEIGH AP,2026-09-06T14:51:00,2026-09-06 10:51,2026,09,06,14,51,35.8922,-78.7819,120.4,27.2,FM15,413,ICAO-KRDU,21.1,FM15,413,ICAO-KRDU,,,,,1013.7,FM15,413,ICAO-KRDU,70,FM15,413,ICAO-KRDU,4.1,FM15,413,ICAO-KRDU,,,,,,,,,,,69,D,FM15,413,ICAO-KRDU,,,,,,,,,,,,,,,,,,,,,,,,,,,,,,16.09,FM15,413,ICAO-KRDU,1014.2,FM15,413,ICAO-KRDU,1.0,3,FM15,413,ICAO-KRDU,,,,,,,,,3048,M;,FM15,413,ICAO-KRDU,,,,,,,,,,FEW:02;,FM15,413,ICAO-KRDU,SCT:04;,FM15,413,ICAO-KRDU,BKN:07;,FM15,413,ICAO-KRDU,BKN:07;,FM15,413,ICAO-KRDU,671,:,FM15,413,ICAO-KRDU,1372,:,FM15,413,ICAO-KRDU,3048,:,FM15,413,ICAO-KRDU,7620,:,FM15,413,ICAO-KRDU,,,,,KRDU 061451Z 07008KT 10SM FEW022 SCT045 BKN100 BKN250 27/21 A2995 RMK AO2 SLP137 T02720211 53010 $,FM15,413,ICAO-KRDU
USW00013722,RALEIGH AP,2026-09-06T15:51:00,2026-09-06 11:51,2026,09,06,15,51,35.8922,-78.7819,120.4,26.7,FM15,413,ICAO-KRDU,21.1,FM15,413,ICAO-KRDU,,,,,1013.8,FM15,413,ICAO-KRDU,40,FM15,413,ICAO-KRDU,4.1,FM15,413,ICAO-KRDU,,,,,,,,,,,71,D,FM15,413,ICAO-KRDU,,,,,,,,,,,,,,,,,,,,,,,,,,,,,,16.09,FM15,413,ICAO-KRDU,1014.2,FM15,413,ICAO-KRDU,,,,,,,,,,,,,,914,M;,FM15,413,ICAO-KRDU,,,,,,,,,,SCT:04;,FM15,413,ICAO-KRDU,BKN:07;,FM15,413,ICAO-KRDU,BKN:07;,FM15,413,ICAO-KRDU,,,,,640,:,FM15,413,ICAO-KRDU,914,:,FM15,413,ICAO-KRDU,2743,:,FM15,413,ICAO-KRDU,,,,,,,,,,KRDU 061551Z 04008KT 10SM SCT021 BKN030 BKN090 27/21 A2995 RMK AO2 SLP138 T02670211 $,FM15,413,ICAO-KRDU
USW00013722,RALEIGH AP,2026-09-06T16:51:00,2026-09-06 12:51,2026,09,06,16,51,35.8922,-78.7819,120.4,27.2,FM15,413,ICAO-KRDU,21.1,FM15,413,ICAO-KRDU,,,,,1013.3,FM15,413,ICAO-KRDU,40,FM15,413,ICAO-KRDU,3.1,FM15,413,ICAO-KRDU,,,,,,,,,,,69,D,FM15,413,ICAO-KRDU,,,,,,,,,,,,,,,,,,,,,,,,,,,,,,16.09,FM15,413,ICAO-KRDU,1013.9,FM15,413,ICAO-KRDU,,,,,,,,,,,,,,1402,M;,FM15,413,ICAO-KRDU,,,,,,,,,,SCT:04;,FM15,413,ICAO-KRDU,BKN:07;,FM15,413,ICAO-KRDU,BKN:07;,FM15,413,ICAO-KRDU,,,,,701,:,FM15,413,ICAO-KRDU,1402,:,FM15,413,ICAO-KRDU,2743,:,FM15,413,ICAO-KRDU,,,,,,,,,,KRDU 061651Z 04006KT 10SM SCT023 BKN046 BKN090 27/21 A2994 RMK AO2 SLP133 T02720211 $,FM15,413,ICAO-KRDU
USW00013722,RALEIGH AP,2026-09-06T17:51:00,2026-09-06 13:51,2026,09,06,17,51,35.8922,-78.7819,120.4,27.2,FM15,413,ICAO-KRDU,20.6,FM15,413,ICAO-KRDU,998.3,FM94_1,412,WMO-72306,1013.4,FM15,413,ICAO-KRDU,40,FM15,413,ICAO-KRDU,2.1,FM15,413,ICAO-KRDU,,,,,0.0,,,FM94_1,412,WMO-72306,67,D,FM15,413,ICAO-KRDU,22.7,D,FM94_1,412,WMO-72306,,,,,,,,,,,,,,,,,,,,,,,,,16.09,FM15,413,ICAO-KRDU,1013.9,FM15,413,ICAO-KRDU,0.4,5,FM15,413,ICAO-KRDU,08;;,FM94_1,412,WMO-72306,600,FM94_1,412,WMO-72306,1006,M;,FM15,413,ICAO-KRDU,,,,,600,:,FM94_1,412,WMO-72306,SCT:04;,FM15,413,ICAO-KRDU,BKN:07;,FM15,413,ICAO-KRDU,OVC:08;,FM15,413,ICAO-KRDU,,,,,823,:,FM15,413,ICAO-KRDU,1006,:,FM15,413,ICAO-KRDU,2896,:,FM15,413,ICAO-KRDU,,,,,,,,,,KRDU 061751Z 04004KT 10SM SCT027 BKN033 OVC095 27/21 A2994 RMK AO2 SLP134 T02720206 10272 20228 55004 $,FM15,413,ICAO-KRDU
USW00013722,RALEIGH AP,2026-09-06T18:51:00,2026-09-06 14:51,2026,09,06,18,51,35.8922,-78.7819,120.4,27.2,FM15,413,ICAO-KRDU,20.6,FM15,413,ICAO-KRDU,,,,,1013.1,FM15,413,ICAO-KRDU,90,FM15,413,ICAO-KRDU,6.2,FM15,413,ICAO-KRDU,,,,,,,,,,,67,D,FM15,413,ICAO-KRDU,,,,,,,,,,,,,,,,,,,,,,,,,,,,,,16.09,FM15,413,ICAO-KRDU,1013.5,FM15,413,ICAO-KRDU,,,,,,,,,,,,,,823,M;,FM15,413,ICAO-KRDU,,,,,,,,,,BKN:07;,FM15,413,ICAO-KRDU,BKN:07;,FM15,413,ICAO-KRDU,BKN:07;,FM15,413,ICAO-KRDU,,,,,823,:,FM15,413,ICAO-KRDU,1524,:,FM15,413,ICAO-KRDU,3353,:,FM15,413,ICAO-KRDU,,,,,,,,,,KRDU 061851Z 09012KT 10SM BKN027 BKN050 BKN110 27/21 A2993 RMK AO2 SLP131 T02720206,FM15,413,ICAO-KRDU
USW00013722,RALEIGH AP,2026-09-06T19:51:00,2026-09-06 15:51,2026,09,06,19,51,35.8922,-78.7819,120.4,26.1,FM15,413,ICAO-KRDU,20.6,FM15,413,ICAO-KRDU,,,,,1012.6,FM15,413,ICAO-KRDU,60,FM15,413,ICAO-KRDU,5.7,FM15,413,ICAO-KRDU,,,,,,,,,,,72,D,FM15,413,ICAO-KRDU,,,,,,,,,,,,,,,,,,,,,,,,,,,,,,16.09,FM15,413,ICAO-KRDU,1013.2,FM15,413,ICAO-KRDU,,,,,,,,,,,,,,853,M;,FM15,413,ICAO-KRDU,,,,,,,,,,BKN:07;,FM15,413,ICAO-KRDU,BKN:07;,FM15,413,ICAO-KRDU,BKN:07;,FM15,413,ICAO-KRDU,,,,,853,:,FM15,413,ICAO-KRDU,1341,:,FM15,413,ICAO-KRDU,2896,:,FM15,413,ICAO-KRDU,,,,,,,,,,KRDU 061951Z 06011KT 10SM BKN028 BKN044 BKN095 26/21 A2992 RMK AO2 SLP126 T02610206,FM15,413,ICAO-KRDU
USW00013722,RALEIGH AP,2026-09-06T20:51:00,2026-09-06 16:51,2026,09,06,20,51,35.8922,-78.7819,120.4,26.7,FM15,413,ICAO-KRDU,18.3,FM15,413,ICAO-KRDU,,,,,1012.5,FM15,413,ICAO-KRDU,80,FM15,413,ICAO-KRDU,5.7,FM15,413,ICAO-KRDU,,,,,,,,,,,60,D,FM15,413,ICAO-KRDU,,,,,,,,,,,,,,,,,,,,,,,,,,,,,,16.09,FM15,413,ICAO-KRDU,1012.9,FM15,413,ICAO-KRDU,0.9,6,FM15,413,ICAO-KRDU,,,,,,,,,3353,M;,FM15,413,ICAO-KRDU,,,,,,,,,,FEW:02;,FM15,413,ICAO-KRDU,SCT:04;,FM15,413,ICAO-KRDU,BKN:07;,FM15,413,ICAO-KRDU,,,,,1189,:,FM15,413,ICAO-KRDU,1829,:,FM15,413,ICAO-KRDU,3353,:,FM15,413,ICAO-KRDU,,,,,,,,,,KRDU 062051Z 08011KT 10SM FEW039 SCT060 BKN110 27/18 A2991 RMK AO2 SLP125 T02670183 56009 $,FM15,413,ICAO-KRDU
USW00013722,RALEIGH AP,2026-09-06T21:51:00,2026-09-06 17:51,2026,09,06,21,51,35.8922,-78.7819,120.4,26.1,FM15,413,ICAO-KRDU,16.7,FM15,413,ICAO-KRDU,,,,,1012.8,FM15,413,ICAO-KRDU,90,FM15,413,ICAO-KRDU,5.1,FM15,413,ICAO-KRDU,,,,,,,,,,,56,D,FM15,413,ICAO-KRDU,,,,,,,,,,,,,,,,,,,,,,,,,,,,,,16.09,FM15,413,ICAO-KRDU,1013.2,FM15,413,ICAO-KRDU,,,,,,,,,,,,,,6096,M;,FM15,413,ICAO-KRDU,,,,,,,,,,FEW:02;,FM15,413,ICAO-KRDU,SCT:04;,FM15,413,ICAO-KRDU,BKN:07;,FM15,413,ICAO-KRDU,,,,,1981,:,FM15,413,ICAO-KRDU,3048,:,FM15,413,ICAO-KRDU,6096,:,FM15,413,ICAO-KRDU,,,,,,,,,,KRDU 062151Z 09010KT 10SM FEW065 SCT100 BKN200 26/17 A2992 RMK AO2 SLP128 T02610167 $,FM15,413,ICAO-KRDU
USW00013722,RALEIGH AP,2026-09-06T22:51:00,2026-09-06 18:51,2026,09,06,22,51,35.8922,-78.7819,120.4,25.6,FM15,413,ICAO-KRDU,17.8,FM15,413,ICAO-KRDU,,,,,1013.1,FM15,413,ICAO-KRDU,100,FM15,413,ICAO-KRDU,4.1,FM15,413,ICAO-KRDU,,,,,,,,,,,62,D,FM15,413,ICAO-KRDU,,,,,,,,,,,,,,,,,,,,,,,,,,,,,,16.09,FM15,413,ICAO-KRDU,1013.5,FM15,413,ICAO-KRDU,,,,,,,,,,,,,,6706,M;,FM15,413,ICAO-KRDU,,,,,,,,,,FEW:02;,FM15,413,ICAO-KRDU,SCT:04;,FM15,413,ICAO-KRDU,BKN:07;,FM15,413,ICAO-KRDU,,,,,1067,:,FM15,413,ICAO-KRDU,3353,:,FM15,413,ICAO-KRDU,6706,:,FM15,413,ICAO-KRDU,,,,,,,,,,KRDU 062251Z 10008KT 10SM FEW035 SCT110 BKN220 26/18 A2993 RMK AO2 SLP131 T02560178 $,FM15,413,ICAO-KRDU
USW00013722,RALEIGH AP,2026-09-06T23:51:00,2026-09-06 19:51,2026,09,06,23,51,35.8922,-78.7819,120.4,24.4,FM15,413,ICAO-KRDU,18.3,FM15,413,ICAO-KRDU,,,,,1013.7,FM15,413,ICAO-KRDU,100,FM15,413,ICAO-KRDU,2.6,FM15,413,ICAO-KRDU,,,,,,,,,,,69,D,FM15,413,ICAO-KRDU,,,,,,,,,,,,,,,,,,,,,,,,,,,,,,16.09,FM15,413,ICAO-KRDU,1014.2,FM15,413,ICAO-KRDU,1.3,3,FM15,413,ICAO-KRDU,,,,,,,,,7620,M;,FM15,413,ICAO-KRDU,,,,,,,,,,FEW:02;,FM15,413,ICAO-KRDU,SCT:04;,FM15,413,ICAO-KRDU,BKN:07;,FM15,413,ICAO-KRDU,,,,,1006,:,FM15,413,ICAO-KRDU,3048,:,FM15,413,ICAO-KRDU,7620,:,FM15,413,ICAO-KRDU,,,,,,,,,,KRDU 062351Z 10005KT 10SM FEW033 SCT100 BKN250 24/18 A2995 RMK AO2 SLP137 T02440183 10278 20244 53013 $,FM15,413,ICAO-KRDU
USW00013722,RALEIGH AP,2026-09-07T00:51:00,2026-09-06 20:51,2026,09,07,00,51,35.8922,-78.7819,120.4,23.3,FM15,413,ICAO-KRDU,18.3,FM15,413,ICAO-KRDU,,,,,1014.8,FM15,413,ICAO-KRDU,100,FM15,413,ICAO-KRDU,1.5,FM15,413,ICAO-KRDU,,,,,,,,,,,73,D,FM15,413,ICAO-KRDU,,,,,,,,,,,,,,,,,,,,,,,,,,,,,,16.09,FM15,413,ICAO-KRDU,1015.2,FM15,413,ICAO-KRDU,,,,,,,,,,,,,,7620,M;,FM15,413,ICAO-KRDU,,,,,,,,,,FEW:02;,FM15,413,ICAO-KRDU,BKN:07;,FM15,413,ICAO-KRDU,,,,,,,,,1981,:,FM15,413,ICAO-KRDU,7620,:,FM15,413,ICAO-KRDU,,,,,,,,,,,,,,,KRDU 070051Z 10003KT 10SM FEW065 BKN250 23/18 A2998 RMK AO2 SLP148 T02330183 $,FM15,413,ICAO-KRDU
USW00013722,RALEIGH AP,2026-09-07T01:51:00,2026-09-06 21:51,2026,09,07,01,51,35.8922,-78.7819,120.4,23.3,FM15,413,ICAO-KRDU,18.3,FM15,413,ICAO-KRDU,,,,,1015.6,FM15,413,ICAO-KRDU,90,FM15,413,ICAO-KRDU,1.5,FM15,413,ICAO-KRDU,,,,,,,,,,,73,D,FM15,413,ICAO-KRDU,,,,,,,,,,,,,,,,,,,,,,,,,,,,,,16.09,FM15,413,ICAO-KRDU,1015.9,FM15,413,ICAO-KRDU,,,,,,,,,,,,,,7620,M;,FM15,413,ICAO-KRDU,,,,,,,,,,SCT:04;,FM15,413,ICAO-KRDU,BKN:07;,FM15,413,ICAO-KRDU,,,,,,,,,2134,:,FM15,413,ICAO-KRDU,7620,:,FM15,413,ICAO-KRDU,,,,,,,,,,,,,,,KRDU 070151Z 09003KT 10SM SCT070 BKN250 23/18 A3000 RMK AO2 SLP156 T02330183 $,FM15,413,ICAO-KRDU
USW00013722,RALEIGH AP,2026-09-07T02:51:00,2026-09-06 22:51,2026,09,07,02,51,35.8922,-78.7819,120.4,22.2,FM15,413,ICAO-KRDU,18.3,FM15,413,ICAO-KRDU,,,,,1016.0,FM15,413,ICAO-KRDU,60,FM15,413,ICAO-KRDU,1.5,FM15,413,ICAO-KRDU,,,,,,,,,,,79,D,FM15,413,ICAO-KRDU,,,,,,,,,,,,,,,,,,,,,,,,,,,,,,16.09,FM15,413,ICAO-KRDU,1016.6,FM15,413,ICAO-KRDU,2.2,1,FM15,413,ICAO-KRDU,,,,,,,,,7620,M;,FM15,413,ICAO-KRDU,,,,,,,,,,FEW:02;,FM15,413,ICAO-KRDU,BKN:07;,FM15,413,ICAO-KRDU,,,,,,,,,2134,:,FM15,413,ICAO-KRDU,7620,:,FM15,413,ICAO-KRDU,,,,,,,,,,,,,,,KRDU 070251Z 06003KT 10SM FEW070 BKN250 22/18 A3002 RMK AO2 SLP160 T02220183 51022 $,FM15,413,ICAO-KRDU
USW00013722,RALEIGH AP,2026-09-07T03:51:00,2026-09-06 23:51,2026,09,07,03,51,35.8922,-78.7819,120.4,21.7,FM15,413,ICAO-KRDU,18.9,FM15,413,ICAO-KRDU,,,,,1016.0,FM15,413,ICAO-KRDU,0,FM15,413,ICAO-KRDU,0.0,FM15,413,ICAO-KRDU,,,,,,,,,,,84,D,FM15,413,ICAO-KRDU,,,,,,,,,,,,,,,,,,,,,,,,,,,,,,16.09,FM15,413,ICAO-KRDU,1016.6,FM15,413,ICAO-KRDU,,,,,,,,,,,,,,3353,M;,FM15,413,ICAO-KRDU,,,,,,,,,,BKN:07;,FM15,413,ICAO-KRDU,,,,,,,,,,,,,3353,:,FM15,413,ICAO-KRDU,,,,,,,,,,,,,,,,,,,,KRDU 070351Z 00000KT 10SM BKN110 22/19 A3002 RMK AO2 SLP160 T02170189 $,FM15,413,ICAO-KRDU
USW00013722,RALEIGH AP,2026-09-07T04:51:00,2026-09-07 00:51,2026,09,07,04,51,35.8922,-78.7819,120.4,21.1,FM15,413,ICAO-KRDU,18.9,FM15,413,ICAO-KRDU,,,,,1016.1,FM15,413,ICAO-KRDU,40,FM15,413,ICAO-KRDU,1.5,FM15,413,ICAO-KRDU,,,,,,,,,,,87,D,FM15,413,ICAO-KRDU,,,,,,,,,,,,,,,,,,,,,,,,,,,,,,16.09,FM15,413,ICAO-KRDU,1016.6,FM15,413,ICAO-KRDU,,,,,,,,,,,,,,,,,,,,,,,,,,,,FEW:02;,FM15,413,ICAO-KRDU,FEW:02;,FM15,413,ICAO-KRDU,FEW:02;,FM15,413,ICAO-KRDU,,,,,1097,:,FM15,413,ICAO-KRDU,1494,:,FM15,413,ICAO-KRDU,3353,:,FM15,413,ICAO-KRDU,,,,,,,,,,KRDU 070451Z 04003KT 10SM FEW036 FEW049 FEW110 21/19 A3002 RMK AO2 SLP161 T02110189 402780206 $,FM15,413,ICAO-KRDU
USW00013722,RALEIGH AP,2026-09-07T05:51:00,2026-09-07 01:51,2026,09,07,05,51,35.8922,-78.7819,120.4,21.1,FM15,413,ICAO-KRDU,18.9,FM15,413,ICAO-KRDU,1001.3,FM94_1,412,WMO-72306,1016.4,FM15,413,ICAO-KRDU,50,FM15,413,ICAO-KRDU,2.1,FM15,413,ICAO-KRDU,,,,,0.0,,,FM94_1,412,WMO-72306,87,D,FM15,413,ICAO-KRDU,19.7,D,FM94_1,412,WMO-72306,,,,,,,,,,,,,,,,,,,,,,,,,16.09,FM15,413,ICAO-KRDU,1016.9,FM15,413,ICAO-KRDU,0.4,3,FM15,413,ICAO-KRDU,06;;,FM94_1,412,WMO-72306,5000,FM94_1,412,WMO-72306,3353,M;,FM15,413,ICAO-KRDU,,,,,5000,:,FM94_1,412,WMO-72306,BKN:07;,FM15,413,ICAO-KRDU,,,,,,,,,,,,,3353,:,FM15,413,ICAO-KRDU,,,,,,,,,,,,,,,,,,,,KRDU 070551Z 05004KT 10SM BKN110 21/19 A3003 RMK AO2 SLP164 T02110189 10244 20206 53004 $,FM15,413,ICAO-KRDU
USW00013722,RALEIGH AP,2026-09-07T06:51:00,2026-09-07 02:51,2026,09,07,06,51,35.8922,-78.7819,120.4,21.7,FM15,413,ICAO-KRDU,18.9,FM15,413,ICAO-KRDU,,,,,1016.4,FM15,413,ICAO-KRDU,80,FM15,413,ICAO-KRDU,3.1,FM15,413,ICAO-KRDU,,,,,,,,,,,84,D,FM15,413,ICAO-KRDU,,,,,,,,,,,,,,,,,,,,,,,,,,,,,,16.09,FM15,413,ICAO-KRDU,1016.9,FM15,413,ICAO-KRDU,,,,,,,,,,,,,,,,,,,,,,,,,,,,SCT:04;,FM15,413,ICAO-KRDU,,,,,,,,,,,,,3658,:,FM15,413,ICAO-KRDU,,,,,,,,,,,,,,,,,,,,KRDU 070651Z 08006KT 10SM SCT120 22/19 A3003 RMK AO2 SLP164 T02170189 $,FM15,413,ICAO-KRDU
USW00013722,RALEIGH AP,2026-09-07T07:51:00,2026-09-07 03:51,2026,09,07,07,51,35.8922,-78.7819,120.4,21.1,FM15,413,ICAO-KRDU,17.8,FM15,413,ICAO-KRDU,,,,,1016.5,FM15,413,ICAO-KRDU,70,FM15,413,ICAO-KRDU,2.1,FM15,413,ICAO-KRDU,,,,,,,,,,,81,D,FM15,413,ICAO-KRDU,,,,,,,,,,,,,,,,,,,,,,,,,,,,,,16.09,FM15,413,ICAO-KRDU,1016.9,FM15,413,ICAO-KRDU,,,,,,,,,,,,,,,,,,,,,,,,,,,,SCT:04;,FM15,413,ICAO-KRDU,,,,,,,,,,,,,3658,:,FM15,413,ICAO-KRDU,,,,,,,,,,,,,,,,,,,,KRDU 070751Z 07004KT 10SM SCT120 21/18 A3003 RMK AO2 SLP165 T02110178 $,FM15,413,ICAO-KRDU
USW00013722,RALEIGH AP,2026-09-07T08:51:00,2026-09-07 04:51,2026,09,07,08,51,35.8922,-78.7819,120.4,20.0,FM15,413,ICAO-KRDU,17.8,FM15,413,ICAO-KRDU,1002.0,FM94_1,412,WMO-72306,1017.1,FM15,413,ICAO-KRDU,0,FM15,413,ICAO-KRDU,0.0,FM15,413,ICAO-KRDU,,,,,0.0,,,FM94_1,412,WMO-72306,87,D,FM15,413,ICAO-KRDU,18.6,D,FM94_1,412,WMO-72306,,,,,,,,,,,,,,,,,,,,,,,,,16.09,FM15,413,ICAO-KRDU,1017.6,FM15,413,ICAO-KRDU,0.7,3,FM15,413,ICAO-KRDU,04;;,FM94_1,412,WMO-72306,5000,FM94_1,412,WMO-72306,,,,,,,,,,5000,:,FM94_1,412,WMO-72306,SCT:04;,FM15,413,ICAO-KRDU,,,,,,,,,,,,,3353,:,FM15,413,ICAO-KRDU,,,,,,,,,,,,,,,,,,,,KRDU 070851Z 00000KT 10SM SCT110 20/18 A3005 RMK AO2 SLP171 T02000178 53007 $,FM15,413,ICAO-KRDU
USW00013722,RALEIGH AP,2026-09-07T09:51:00,2026-09-07 05:51,2026,09,07,09,51,35.8922,-78.7819,120.4,18.3,FM15,413,ICAO-KRDU,17.2,FM15,413,ICAO-KRDU,,,,,1017.8,FM15,413,ICAO-KRDU,30,FM15,413,ICAO-KRDU,2.1,FM15,413,ICAO-KRDU,,,,,,,,,,,93,D,FM15,413,ICAO-KRDU,,,,,,,,,,,,,,,,,,,,,,,,,,,,,,16.09,FM15,413,ICAO-KRDU,1018.3,FM15,413,ICAO-KRDU,,,,,,,,,,,,,,,,,,,,,,,,,,,,SCT:04;,FM15,413,ICAO-KRDU,,,,,,,,,,,,,3353,:,FM15,413,ICAO-KRDU,,,,,,,,,,,,,,,,,,,,KRDU 070951Z 03004KT 10SM SCT110 18/17 A3007 RMK AO2 SLP178 T01830172 $,FM15,413,ICAO-KRDU
USW00013722,RALEIGH AP,2026-09-07T10:51:00,2026-09-07 06:51,2026,09,07,10,51,35.8922,-78.7819,120.4,17.8,FM15,413,ICAO-KRDU,16.7,FM15,413,ICAO-KRDU,,,,,1018.1,FM15,413,ICAO-KRDU,30,FM15,413,ICAO-KRDU,2.1,FM15,413,ICAO-KRDU,,,,,,,,,,,93,D,FM15,413,ICAO-KRDU,,,,,,,,,,,,,,,,,,,,,,,,,,,,,,16.09,FM15,413,ICAO-KRDU,1018.6,FM15,413,ICAO-KRDU,,,,,,,,,,,,,,,,,,,,,,,,,,,,FEW:02;,FM15,413,ICAO-KRDU,FEW:02;,FM15,413,ICAO-KRDU,,,,,,,,,1219,:,FM15,413,ICAO-KRDU,3353,:,FM15,413,ICAO-KRDU,,,,,,,,,,,,,,,KRDU 071051Z 03004KT 10SM FEW040 FEW110 18/17 A3008 RMK AO2 SLP181 T01780167 $,FM15,413,ICAO-KRDU
USW00013722,RALEIGH AP,2026-09-07T11:51:00,2026-09-07 07:51,2026,09,07,11,51,35.8922,-78.7819,120.4,20.0,FM15,413,ICAO-KRDU,17.8,FM15,413,ICAO-KRDU,1003.7,FM94_1,412,WMO-72306,1019.0,FM15,413,ICAO-KRDU,30,FM15,413,ICAO-KRDU,3.1,FM15,413,ICAO-KRDU,,,,,0.0,,,FM94_1,412,WMO-72306,87,D,FM15,413,ICAO-KRDU,18.6,D,FM94_1,412,WMO-72306,,,,,,,,,,,,,,,,,,,,,,,,,16.09,FM15,413,ICAO-KRDU,1019.3,FM15,413,ICAO-KRDU,1.8,3,FM15,413,ICAO-KRDU,04;;,FM94_1,412,WMO-72306,5000,FM94_1,412,WMO-72306,,,,,,,,,,5000,:,FM94_1,412,WMO-72306,SCT:04;,FM15,413,ICAO-KRDU,,,,,,,,,,,,,3353,:,FM15,413,ICAO-KRDU,,,,,,,,,,,,,,,,,,,,KRDU 071151Z 03006KT 10SM SCT110 20/18 A3010 RMK AO2 SLP190 T02000178 10222 20178 53018 $,FM15,413,ICAO-KRDU
USW00013722,RALEIGH AP,2026-09-07T12:51:00,2026-09-07 08:51,2026,09,07,12,51,35.8922,-78.7819,120.4,22.2,FM15,413,ICAO-KRDU,17.8,FM15,413,ICAO-KRDU,,,,,1019.6,FM15,413,ICAO-KRDU,40,FM15,413,ICAO-KRDU,4.1,FM15,413,ICAO-KRDU,,,,,,,,,,,76,D,FM15,413,ICAO-KRDU,,,,,,,,,,,,,,,,,,,,,,,,,,,,,,16.09,FM15,413,ICAO-KRDU,1020.3,FM15,413,ICAO-KRDU,,,,,,,,,,,,,,,,,,,,,,,,,,,,SCT:04;,FM15,413,ICAO-KRDU,,,,,,,,,,,,,3353,:,FM15,413,ICAO-KRDU,,,,,,,,,,,,,,,,,,,,KRDU 071251Z 04008KT 10SM SCT110 22/18 A3013 RMK AO2 SLP196 T02220178 $,FM15,413,ICAO-KRDU
USW00013722,RALEIGH AP,2026-09-07T13:51:00,2026-09-07 09:51,2026,09,07,13,51,35.8922,-78.7819,120.4,25.0,FM15,413,ICAO-KRDU,17.2,FM15,413,ICAO-KRDU,,,,,1019.6,FM15,413,ICAO-KRDU,40,FM15,413,ICAO-KRDU,6.2,FM15,413,ICAO-KRDU,,,,,,,,,,,62,D,FM15,413,ICAO-KRDU,,,,,,,,,,,,,,,,,,,,,,,,,,,,,,16.09,FM15,413,ICAO-KRDU,1020.0,FM15,413,ICAO-KRDU,,,,,,,,,,,,,,,,,,,,,,,,,,,,FEW:02;,FM15,413,ICAO-KRDU,,,,,,,,,,,,,3353,:,FM15,413,ICAO-KRDU,,,,,,,,,,,,,,,,,,,,KRDU 071351Z 04012KT 10SM FEW110 25/17 A3012 RMK AO2 SLP196 T02500172 $,FM15,413,ICAO-KRDU
USW00013722,RALEIGH AP,2026-09-07T14:51:00,2026-09-07 10:51,2026,09,07,14,51,35.8922,-78.7819,120.4,26.7,FM15,413,ICAO-KRDU,15.6,FM15,413,ICAO-KRDU,1005.0,FM94_1,412,WMO-72306,1020.3,FM15,413,ICAO-KRDU,40,FM15,413,ICAO-KRDU,5.1,FM15,413,ICAO-KRDU,,,,,0.0,,,FM94_1,412,WMO-72306,51,D,FM15,413,ICAO-KRDU,19.7,D,FM94_1,412,WMO-72306,,,,,,,,,,,,,,,,,,,,,,,,,16.09,FM15,413,ICAO-KRDU,1020.7,FM15,413,ICAO-KRDU,1.4,1,FM15,413,ICAO-KRDU,02;;,FM94_1,412,WMO-72306,5000,FM94_1,412,WMO-72306,,,,,,,,,,5000,:,FM94_1,412,WMO-72306,FEW:02;,FM15,413,ICAO-KRDU,FEW:02;,FM15,413,ICAO-KRDU,,,,,,,,,1372,:,FM15,413,ICAO-KRDU,3353,:,FM15,413,ICAO-KRDU,,,,,,,,,,,,,,,KRDU 071451Z 04010KT 10SM FEW045 FEW110 27/16 A3014 RMK AO2 SLP203 T02670156 51014 $,FM15,413,ICAO-KRDU
USW00013722,RALEIGH AP,2026-09-07T15:51:00,2026-09-07 11:51,2026,09,07,15,51,35.8922,-78.7819,120.4,27.8,FM15,413,ICAO-KRDU,15.6,FM15,413,ICAO-KRDU,,,,,1020.5,FM15,413,ICAO-KRDU,60,FM15,413,ICAO-KRDU,4.6,FM15,413,ICAO-KRDU,8.7,FM15,413,ICAO-KRDU,,,,,,,47,D,FM15,413,ICAO-KRDU,,,,,,,,,,,,,,,,,,,,,,,,,,,,,,16.09,FM15,413,ICAO-KRDU,1021.0,FM15,413,ICAO-KRDU,,,,,,,,,,,,,,,,,,,,,,,,,,,,FEW:02;,FM15,413,ICAO-KRDU,FEW:02;,FM15,413,ICAO-KRDU,,,,,,,,,1402,:,FM15,413,ICAO-KRDU,3353,:,FM15,413,ICAO-KRDU,,,,,,,,,,,,,,,KRDU 071551Z 06009G17KT 10SM FEW046 FEW110 28/16 A3015 RMK AO2 SLP205 T02780156 $,FM15,413,ICAO-KRDU
USW00013722,RALEIGH AP,2026-09-07T16:51:00,2026-09-07 12:51,2026,09,07,16,51,35.8922,-78.7819,120.4,28.3,FM15,413,ICAO-KRDU,14.4,FM15,413,ICAO-KRDU,,,,,1020.3,FM15,413,ICAO-KRDU,80,FM15,413,ICAO-KRDU,6.2,FM15,413,ICAO-KRDU,10.3,FM15,413,ICAO-KRDU,,,,,,,43,D,FM15,413,ICAO-KRDU,,,,,,,,,,,,,,,,,,,,,,,,,,,,,,16.09,FM15,413,ICAO-KRDU,1021.0,FM15,413,ICAO-KRDU,,,,,,,,,,,,,,,,,,,,,,,,,,,,SCT:04;,FM15,413,ICAO-KRDU,SCT:04;,FM15,413,ICAO-KRDU,SCT:04;,FM15,413,ICAO-KRDU,,,,,1524,:,FM15,413,ICAO-KRDU,3353,:,FM15,413,ICAO-KRDU,7620,:,FM15,413,ICAO-KRDU,,,,,,,,,,KRDU 071651Z 08012G20KT 10SM SCT050 SCT110 SCT250 28/14 A3015 RMK AO2 SLP203 T02830144 $,FM15,413,ICAO-KRDU
USW00013722,RALEIGH AP,2026-09-07T17:51:00,2026-09-07 13:51,2026,09,07,17,51,35.8922,-78.7819,120.4,29.4,FM15,413,ICAO-KRDU,13.3,FM15,413,ICAO-KRDU,,,,,1019.9,FM15,413,ICAO-KRDU,70,FM15,413,ICAO-KRDU,4.1,FM15,413,ICAO-KRDU,,,,,,,,,,,37,D,FM15,413,ICAO-KRDU,,,,,,,,,,,,,,,,,,,,,,,,,,,,,,16.09,FM15,413,ICAO-KRDU,1020.3,FM15,413,ICAO-KRDU,0.4,8,FM15,413,ICAO-KRDU,,,,,,,,,,,,,,,,,,,,,,,SCT:04;,FM15,413,ICAO-KRDU,SCT:04;,FM15,413,ICAO-KRDU,,,,,,,,,1829,:,FM15,413,ICAO-KRDU,7620,:,FM15,413,ICAO-KRDU,,,,,,,,,,,,,,,KRDU 071751Z COR 07008KT 10SM SCT060 SCT250 29/13 A3013 RMK AO2 SLP199 T02940133 10300 20200 58004 $,FM15,413,ICAO-KRDU
USW00013722,RALEIGH AP,2026-09-07T18:51:00,2026-09-07 14:51,2026,09,07,18,51,35.8922,-78.7819,120.4,30.0,FM15,413,ICAO-KRDU,13.3,FM15,413,ICAO-KRDU,,,,,1019.3,FM15,413,ICAO-KRDU,70,FM15,413,ICAO-KRDU,4.1,FM15,413,ICAO-KRDU,7.7,FM15,413,ICAO-KRDU,,,,,,,36,D,FM15,413,ICAO-KRDU,,,,,,,,,,,,,,,,,,,,,,,,,,,,,,16.09,FM15,413,ICAO-KRDU,1020.0,FM15,413,ICAO-KRDU,,,,,,,,,,,,,,,,,,,,,,,,,,,,SCT:04;,FM15,413,ICAO-KRDU,SCT:04;,FM15,413,ICAO-KRDU,,,,,,,,,1829,:,FM15,413,ICAO-KRDU,7620,:,FM15,413,ICAO-KRDU,,,,,,,,,,,,,,,KRDU 071851Z 07008G15KT 10SM SCT060 SCT250 30/13 A3012 RMK AO2 SLP193 T03000133 $,FM15,413,ICAO-KRDU
USW00013722,RALEIGH AP,2026-09-07T19:51:00,2026-09-07 15:51,2026,09,07,19,51,35.8922,-78.7819,120.4,29.4,FM15,413,ICAO-KRDU,13.3,FM15,413,ICAO-KRDU,,,,,1018.8,FM15,413,ICAO-KRDU,100,FM15,413,ICAO-KRDU,3.1,FM15,413,ICAO-KRDU,,,,,,,,,,,37,D,FM15,413,ICAO-KRDU,,,,,,,,,,,,,,,,,,,,,,,,,,,,,,16.09,FM15,413,ICAO-KRDU,1019.3,FM15,413,ICAO-KRDU,,,,,,,,,,,,,,,,,,,,,,,,,,,,SCT:04;,FM15,413,ICAO-KRDU,SCT:04;,FM15,413,ICAO-KRDU,,,,,,,,,1829,:,FM15,413,ICAO-KRDU,7620,:,FM15,413,ICAO-KRDU,,,,,,,,,,,,,,,KRDU 071951Z 10006KT 10SM SCT060 SCT250 29/13 A3010 RMK AO2 SLP188 T02940133 $,FM15,413,ICAO-KRDU
USW00013722,RALEIGH AP,2026-09-07T20:51:00,2026-09-07 16:51,2026,09,07,20,51,35.8922,-78.7819,120.4,28.9,FM15,413,ICAO-KRDU,12.8,FM15,413,ICAO-KRDU,1004.0,FM94_1,412,WMO-72306,1019.1,FM15,413,ICAO-KRDU,80,FM15,413,ICAO-KRDU,3.6,FM15,413,ICAO-KRDU,,,,,0.0,,,FM94_1,412,WMO-72306,37,D,FM15,413,ICAO-KRDU,19.0,D,FM94_1,412,WMO-72306,,,,,,,,,,,,,,,,,,,,,,,,,16.09,FM15,413,ICAO-KRDU,1019.6,FM15,413,ICAO-KRDU,0.7,5,FM15,413,ICAO-KRDU,04;;,FM94_1,412,WMO-72306,1000,FM94_1,412,WMO-72306,,,,,,,,,,1000,:,FM94_1,412,WMO-72306,SCT:04;,FM15,413,ICAO-KRDU,SCT:04;,FM15,413,ICAO-KRDU,,,,,,,,,1829,:,FM15,413,ICAO-KRDU,7620,:,FM15,413,ICAO-KRDU,,,,,,,,,,,,,,,KRDU 072051Z 08007KT 10SM SCT060 SCT250 29/13 A3011 RMK AO2 SLP191 T02890128 55007 $,FM15,413,ICAO-KRDU
USW00013722,RALEIGH AP,2026-09-07T21:51:00,2026-09-07 17:51,2026,09,07,21,51,35.8922,-78.7819,120.4,29.4,FM15,413,ICAO-KRDU,13.3,FM15,413,ICAO-KRDU,,,,,1019.5,FM15,413,ICAO-KRDU,100,FM15,413,ICAO-KRDU,5.1,FM15,413,ICAO-KRDU,,,,,,,,,,,37,D,FM15,413,ICAO-KRDU,,,,,,,,,,,,,,,,,,,,,,,,,,,,,,16.09,FM15,413,ICAO-KRDU,1020.0,FM15,413,ICAO-KRDU,,,,,,,,,,,,,,,,,,,,,,,,,,,,FEW:02;,FM15,413,ICAO-KRDU,SCT:04;,FM15,413,ICAO-KRDU,,,,,,,,,1829,:,FM15,413,ICAO-KRDU,7620,:,FM15,413,ICAO-KRDU,,,,,,,,,,,,,,,KRDU 072151Z 10010KT 10SM FEW060 SCT250 29/13 A3012 RMK AO2 SLP195 T02940133 $,FM15,413,ICAO-KRDU
USW00013722,RALEIGH AP,2026-09-07T22:51:00,2026-09-07 18:51,2026,09,07,22,51,35.8922,-78.7819,120.4,27.8,FM15,413,ICAO-KRDU,13.3,FM15,413,ICAO-KRDU,,,,,1019.9,FM15,413,ICAO-KRDU,100,FM15,413,ICAO-KRDU,3.6,FM15,413,ICAO-KRDU,,,,,,,,,,,41,D,FM15,413,ICAO-KRDU,,,,,,,,,,,,,,,,,,,,,,,,,,,,,,16.09,FM15,413,ICAO-KRDU,1020.3,FM15,413,ICAO-KRDU,,,,,,,,,,,,,,,,,,,,,,,,,,,,FEW:02;,FM15,413,ICAO-KRDU,SCT:04;,FM15,413,ICAO-KRDU,,,,,,,,,1829,:,FM15,413,ICAO-KRDU,7620,:,FM15,413,ICAO-KRDU,,,,,,,,,,,,,,,KRDU 072251Z 10007KT 10SM FEW060 SCT250 28/13 A3013 RMK AO2 SLP199 T02780133 $,FM15,413,ICAO-KRDU
USW00013722,RALEIGH AP,2026-09-07T23:51:00,2026-09-07 19:51,2026,09,07,23,51,35.8922,-78.7819,120.4,25.6,FM15,413,ICAO-KRDU,13.9,FM15,413,ICAO-KRDU,1005.3,FM94_1,412,WMO-72306,1020.5,FM15,413,ICAO-KRDU,120,FM15,413,ICAO-KRDU,2.1,FM15,413,ICAO-KRDU,,,,,0.0,,,FM94_1,412,WMO-72306,48,D,FM15,413,ICAO-KRDU,18.4,D,FM94_1,412,WMO-72306,,,,,,,,,,,,,,,,,,,,,,,,,16.09,FM15,413,ICAO-KRDU,1021.0,FM15,413,ICAO-KRDU,1.4,3,FM15,413,ICAO-KRDU,02;;,FM94_1,412,WMO-72306,1500,FM94_1,412,WMO-72306,,,,,,,,,,1500,:,FM94_1,412,WMO-72306,FEW:02;,FM15,413,ICAO-KRDU,FEW:02;,FM15,413,ICAO-KRDU,,,,,,,,,1829,:,FM15,413,ICAO-KRDU,7620,:,FM15,413,ICAO-KRDU,,,,,,,,,,,,,,,KRDU 072351Z 12004KT 10SM FEW060 FEW250 26/14 A3015 RMK AO2 SLP205 T02560139 10306 20256 53014 $,FM15,413,ICAO-KRDU
USW00013722,RALEIGH AP,2026-09-08T00:51:00,2026-09-07 20:51,2026,09,08,00,51,35.8922,-78.7819,120.4,23.9,FM15,413,ICAO-KRDU,14.4,FM15,413,ICAO-KRDU,,,,,1021.3,FM15,413,ICAO-KRDU,110,FM15,413,ICAO-KRDU,2.6,FM15,413,ICAO-KRDU,,,,,,,,,,,55,D,FM15,413,ICAO-KRDU,,,,,,,,,,,,,,,,,,,,,,,,,,,,,,16.09,FM15,413,ICAO-KRDU,1021.7,FM15,413,ICAO-KRDU,,,,,,,,,,,,,,,,,,,,,,,,,,,,FEW:02;,FM15,413,ICAO-KRDU,FEW:02;,FM15,413,ICAO-KRDU,,,,,,,,,1829,:,FM15,413,ICAO-KRDU,7620,:,FM15,413,ICAO-KRDU,,,,,,,,,,,,,,,KRDU 080051Z 11005KT 10SM FEW060 FEW250 24/14 A3017 RMK AO2 SLP213 T02390144 $,FM15,413,ICAO-KRDU
USW00013722,RALEIGH AP,2026-09-08T01:51:00,2026-09-07 21:51,2026,09,08,01,51,35.8922,-78.7819,120.4,23.3,FM15,413,ICAO-KRDU,15.6,FM15,413,ICAO-KRDU,,,,,1021.8,FM15,413,ICAO-KRDU,100,FM15,413,ICAO-KRDU,2.6,FM15,413,ICAO-KRDU,,,,,,,,,,,62,D,FM15,413,ICAO-KRDU,,,,,,,,,,,,,,,,,,,,,,,,,,,,,,16.09,FM15,413,ICAO-KRDU,1022.4,FM15,413,ICAO-KRDU,,,,,,,,,,,,,,,,,,,,,,,,,,,,CLR:00;,FM15,413,ICAO-KRDU,,,,,,,,,,,,,,,,,,,,,,,,,,,,,,,,,,,,,KRDU 080151Z 10005KT 10SM CLR 23/16 A3019 RMK AO2 SLP218 T02330156 $,FM15,413,ICAO-KRDU
USW00013722,RALEIGH AP,2026-09-08T02:51:00,2026-09-07 22:51,2026,09,08,02,51,35.8922,-78.7819,120.4,22.8,FM15,413,ICAO-KRDU,15.6,FM15,413,ICAO-KRDU,1007.0,FM94_1,412,WMO-72306,1022.2,FM15,413,ICAO-KRDU,100,FM15,413,ICAO-KRDU,2.6,FM15,413,ICAO-KRDU,,,,,0.0,,,FM94_1,412,WMO-72306,64,D,FM15,413,ICAO-KRDU,18.3,D,FM94_1,412,WMO-72306,,,,,,,,,,,,,,,,,,,,,,,,,16.09,FM15,413,ICAO-KRDU,1022.7,FM15,413,ICAO-KRDU,1.6,1,FM15,413,ICAO-KRDU,00;;,FM94_1,412,WMO-72306,5000,FM94_1,412,WMO-72306,,,,,,,,,,5000,:,FM94_1,412,WMO-72306,CLR:00;,FM15,413,ICAO-KRDU,,,,,,,,,,,,,,,,,,,,,,,,,,,,,,,,,,,,,KRDU 080251Z 10005KT 10SM CLR 23/16 A3020 RMK AO2 SLP222 T02280156 51016 $,FM15,413,ICAO-KRDU
USW00013722,RALEIGH AP,2026-09-08T03:51:00,2026-09-07 23:51,2026,09,08,03,51,35.8922,-78.7819,120.4,21.7,FM15,413,ICAO-KRDU,15.6,FM15,413,ICAO-KRDU,,,,,1022.7,FM15,413,ICAO-KRDU,120,FM15,413,ICAO-KRDU,3.1,FM15,413,ICAO-KRDU,,,,,,,,,,,68,D,FM15,413,ICAO-KRDU,,,,,,,,,,,,,,,,,,,,,,,,,,,,,,16.09,FM15,413,ICAO-KRDU,1023.0,FM15,413,ICAO-KRDU,,,,,,,,,,,,,,,,,,,,,,,,,,,,FEW:02;,FM15,413,ICAO-KRDU,,,,,,,,,,,,,7620,:,FM15,413,ICAO-KRDU,,,,,,,,,,,,,,,,,,,,KRDU 080351Z 12006KT 10SM FEW250 22/16 A3021 RMK AO2 SLP227 T02170156 $,FM15,413,ICAO-KRDU
USW00013722,RALEIGH AP,2026-09-08T04:51:00,2026-09-08 00:51,2026,09,08,04,51,35.8922,-78.7819,120.4,21.1,FM15,413,ICAO-KRDU,15.6,FM15,413,ICAO-KRDU,,,,,1023.3,FM15,413,ICAO-KRDU,130,FM15,413,ICAO-KRDU,3.6,FM15,413,ICAO-KRDU,,,,,,,,,,,71,D,FM15,413,ICAO-KRDU,,,,,,,,,,,,,,,,,,,,,,,,,,,,,,16.09,FM15,413,ICAO-KRDU,1023.7,FM15,413,ICAO-KRDU,,,,,,,,,,,,,,,,,,,,,,,,,,,,SCT:04;,FM15,413,ICAO-KRDU,,,,,,,,,,,,,7620,:,FM15,413,ICAO-KRDU,,,,,,,,,,,,,,,,,,,,KRDU 080451Z 13007KT 10SM SCT250 21/16 A3023 RMK AO2 SLP233 T02110156 403060178 $,FM15,413,ICAO-KRDU
USW00013722,RALEIGH AP,2026-09-08T05:51:00,2026-09-08 01:51,2026,09,08,05,51,35.8922,-78.7819,120.4,20.6,FM15,413,ICAO-KRDU,15.6,FM15,413,ICAO-KRDU,1007.7,FM94_1,412,WMO-72306,1022.9,FM15,413,ICAO-KRDU,120,FM15,413,ICAO-KRDU,3.1,FM15,413,ICAO-KRDU,,,,,0.0,,,FM94_1,412,WMO-72306,73,D,FM15,413,ICAO-KRDU,17.5,D,FM94_1,412,WMO-72306,,,,,,,,,,,,,,,,,,,,,,,,,16.09,FM15,413,ICAO-KRDU,1023.4,FM15,413,ICAO-KRDU,0.7,0,FM15,413,ICAO-KRDU,06;;,FM94_1,412,WMO-72306,5000,FM94_1,412,WMO-72306,7620,M;,FM15,413,ICAO-KRDU,,,,,5000,:,FM94_1,412,WMO-72306,BKN:07;,FM15,413,ICAO-KRDU,,,,,,,,,,,,,7620,:,FM15,413,ICAO-KRDU,,,,,,,,,,,,,,,,,,,,KRDU 080551Z 12006KT 10SM BKN250 21/16 A3022 RMK AO2 SLP229 T02060156 10256 20206 50007 $,FM15,413,ICAO-KRDU
USW00013722,RALEIGH AP,2026-09-08T06:51:00,2026-09-08 02:51,2026,09,08,06,51,35.8922,-78.7819,120.4,20.6,FM15,413,ICAO-KRDU,15.6,FM15,413,ICAO-KRDU,,,,,1023.0,FM15,413,ICAO-KRDU,90,FM15,413,ICAO-KRDU,1.5,FM15,413,ICAO-KRDU,,,,,,,,,,,73,D,FM15,413,ICAO-KRDU,,,,,,,,,,,,,,,,,,,,,,,,,,,,,,16.09,FM15,413,ICAO-KRDU,1023.4,FM15,413,ICAO-KRDU,,,,,,,,,,,,,,7620,M;,FM15,413,ICAO-KRDU,,,,,,,,,,BKN:07;,FM15,413,ICAO-KRDU,,,,,,,,,,,,,7620,:,FM15,413,ICAO-KRDU,,,,,,,,,,,,,,,,,,,,KRDU 080651Z 09003KT 10SM BKN250 21/16 A3022 RMK AO2 SLP230 T02060156 $,FM15,413,ICAO-KRDU
USW00013722,RALEIGH AP,2026-09-08T07:51:00,2026-09-08 03:51,2026,09,08,07,51,35.8922,-78.7819,120.4,18.9,FM15,413,ICAO-KRDU,16.1,FM15,413,ICAO-KRDU,,,,,1023.5,FM15,413,ICAO-KRDU,0,FM15,413,ICAO-KRDU,0.0,FM15,413,ICAO-KRDU,,,,,,,,,,,84,D,FM15,413,ICAO-KRDU,,,,,,,,,,,,,,,,,,,,,,,,,,,,,,16.09,FM15,413,ICAO-KRDU,1024.0,FM15,413,ICAO-KRDU,,,,,,,,,,,,,,,,,,,,,,,,,,,,FEW:02;,FM15,413,ICAO-KRDU,,,,,,,,,,,,,7620,:,FM15,413,ICAO-KRDU,,,,,,,,,,,,,,,,,,,,KRDU 080751Z 00000KT 10SM FEW250 19/16 A3024 RMK AO2 SLP235 T01890161 $,FM15,413,ICAO-KRDU
USW00013722,RALEIGH AP,2026-09-08T08:51:00,2026-09-08 04:51,2026,09,08,08,51,35.8922,-78.7819,120.4,17.8,FM15,413,ICAO-KRDU,15.6,FM15,413,ICAO-KRDU,1008.3,FM94_1,412,WMO-72306,1023.4,FM15,413,ICAO-KRDU,0,FM15,413,ICAO-KRDU,0.0,FM15,413,ICAO-KRDU,,,,,0.0,,,FM94_1,412,WMO-72306,87,D,FM15,413,ICAO-KRDU,16.5,D,FM94_1,412,WMO-72306,,,,,,,,,,,,,,,,,,,,,,,,,16.09,FM15,413,ICAO-KRDU,1024.0,FM15,413,ICAO-KRDU,0.5,0,FM15,413,ICAO-KRDU,04;;,FM94_1,412,WMO-72306,5000,FM94_1,412,WMO-72306,,,,,,,,,,5000,:,FM94_1,412,WMO-72306,SCT:04;,FM15,413,ICAO-KRDU,,,,,,,,,,,,,7620,:,FM15,413,ICAO-KRDU,,,,,,,,,,,,,,,,,,,,KRDU 080851Z 00000KT 10SM SCT250 18/16 A3024 RMK AO2 SLP234 T01780156 50005 $,FM15,413,ICAO-KRDU
USW00013722,RALEIGH AP,2026-09-08T09:51:00,2026-09-08 05:51,2026,09,08,09,51,35.8922,-78.7819,120.4,17.2,FM15,413,ICAO-KRDU,15.6,FM15,413,ICAO-KRDU,,,,,1023.5,FM15,413,ICAO-KRDU,0,FM15,413,ICAO-KRDU,0.0,FM15,413,ICAO-KRDU,,,,,,,,,,,90,D,FM15,413,ICAO-KRDU,,,,,,,,,,,,,,,,,,,,,,,,,,,,,,16.09,FM15,413,ICAO-KRDU,1024.0,FM15,413,ICAO-KRDU,,,,,,,,,,,,,,,,,,,,,,,,,,,,SCT:04;,FM15,413,ICAO-KRDU,,,,,,,,,,,,,7620,:,FM15,413,ICAO-KRDU,,,,,,,,,,,,,,,,,,,,KRDU 080951Z 00000KT 10SM SCT250 17/16 A3024 RMK AO2 SLP235 T01720156 $,FM15,413,ICAO-KRDU
USW00013722,RALEIGH AP,2026-09-08T10:51:00,2026-09-08 06:51,2026,09,08,10,51,35.8922,-78.7819,120.4,16.7,FM15,413,ICAO-KRDU,15.0,FM15,413,ICAO-KRDU,,,,,1024.2,FM15,413,ICAO-KRDU,0,FM15,413,ICAO-KRDU,0.0,FM15,413,ICAO-KRDU,,,,,,,,,,,90,D,FM15,413,ICAO-KRDU,,,,,,,,,,,,,,,,,,,,,,,,,,,,,,16.09,FM15,413,ICAO-KRDU,1024.7,FM15,413,ICAO-KRDU,,,,,,,,,,,,,,7620,M;,FM15,413,ICAO-KRDU,,,,,,,,,,BKN:07;,FM15,413,ICAO-KRDU,,,,,,,,,,,,,7620,:,FM15,413,ICAO-KRDU,,,,,,,,,,,,,,,,,,,,KRDU 081051Z 00000KT 10SM BKN250 17/15 A3026 RMK AO2 SLP242 T01670150 $,FM15,413,ICAO-KRDU
USW00013722,RALEIGH AP,2026-09-08T11:51:00,2026-09-08 07:51,2026,09,08,11,51,35.8922,-78.7819,120.4,18.9,FM15,413,ICAO-KRDU,17.2,FM15,413,ICAO-KRDU,,,,,1025.1,FM15,413,ICAO-KRDU,30,FM15,413,ICAO-KRDU,1.5,FM15,413,ICAO-KRDU,,,,,,,,,,,90,D,FM15,413,ICAO-KRDU,,,,,,,,,,,,,,,,,,,,,,,,,,,,,,16.09,FM15,413,ICAO-KRDU,1025.4,FM15,413,ICAO-KRDU,1.6,3,FM15,413,ICAO-KRDU,,,,,,,,,7620,M;,FM15,413,ICAO-KRDU,,,,,,,,,,FEW:02;,FM15,413,ICAO-KRDU,BKN:07;,FM15,413,ICAO-KRDU,,,,,,,,,1829,:,FM15,413,ICAO-KRDU,7620,:,FM15,413,ICAO-KRDU,,,,,,,,,,,,,,,KRDU 081151Z 03003KT 10SM FEW060 BKN250 19/17 A3028 RMK AO2 SLP251 T01890172 10206 20156 53016,FM15,413,ICAO-KRDU
USW00013722,RALEIGH AP,2026-09-08T12:51:00,2026-09-08 08:51,2026,09,08,12,51,35.8922,-78.7819,120.4,22.2,FM15,413,ICAO-KRDU,16.1,FM15,413,ICAO-KRDU,,,,,1025.3,FM15,413,ICAO-KRDU,100,FM15,413,ICAO-KRDU,1.5,FM15,413,ICAO-KRDU,,,,,,,,,,,68,D,FM15,413,ICAO-KRDU,,,,,,,,,,,,,,,,,,,,,,,,,,,,,,16.09,FM15,413,ICAO-KRDU,1025.7,FM15,413,ICAO-KRDU,,,,,,,,,,,,,,7620,M;,FM15,413,ICAO-KRDU,,,,,,,,,,FEW:02;,FM15,413,ICAO-KRDU,BKN:07;,FM15,413,ICAO-KRDU,,,,,,,,,1829,:,FM15,413,ICAO-KRDU,7620,:,FM15,413,ICAO-KRDU,,,,,,,,,,,,,,,KRDU 081251Z 10003KT 10SM FEW060 BKN250 22/16 A3029 RMK AO2 SLP253 T02220161,FM15,413,ICAO-KRDU
USW00013722,RALEIGH AP,2026-09-08T13:51:00,2026-09-08 09:51,2026,09,08,13,51,35.8922,-78.7819,120.4,23.9,FM15,413,ICAO-KRDU,16.7,FM15,413,ICAO-KRDU,,,,,1025.6,FM15,413,ICAO-KRDU,120,FM15,413,ICAO-KRDU,2.6,FM15,413,ICAO-KRDU,,,,,,,,,,,64,D,FM15,413,ICAO-KRDU,,,,,,,,,,,,,,,,,,,,,,,,,,,,,,16.09,FM15,413,ICAO-KRDU,1026.1,FM15,413,ICAO-KRDU,,,,,,,,,,,,,,7620,M;,FM15,413,ICAO-KRDU,,,,,,,,,,FEW:02;,FM15,413,ICAO-KRDU,BKN:07;,FM15,413,ICAO-KRDU,,,,,,,,,1981,:,FM15,413,ICAO-KRDU,7620,:,FM15,413,ICAO-KRDU,,,,,,,,,,,,,,,KRDU 081351Z 12005KT 10SM FEW065 BKN250 24/17 A3030 RMK AO2 SLP256 T02390167,FM15,413,ICAO-KRDU
USW00013722,RALEIGH AP,2026-09-08T14:51:00,2026-09-08 10:51,2026,09,08,14,51,35.8922,-78.7819,120.4,26.1,FM15,413,ICAO-KRDU,15.6,FM15,413,ICAO-KRDU,1010.7,FM94_1,412,WMO-72306,1025.9,FM15,413,ICAO-KRDU,180,FM15,413,ICAO-KRDU,2.1,FM15,413,ICAO-KRDU,,,,,0.0,,,FM94_1,412,WMO-72306,52,D,FM15,413,ICAO-KRDU,19.5,D,FM94_1,412,WMO-72306,,,,,,,,,,,,,,,,,,,,,,,,,16.09,FM15,413,ICAO-KRDU,1026.4,FM15,413,ICAO-KRDU,0.8,2,FM15,413,ICAO-KRDU,06;;,FM94_1,412,WMO-72306,5000,FM94_1,412,WMO-72306,7620,M;,FM15,413,ICAO-KRDU,,,,,5000,:,FM94_1,412,WMO-72306,BKN:07;,FM15,413,ICAO-KRDU,,,,,,,,,,,,,7620,:,FM15,413,ICAO-KRDU,,,,,,,,,,,,,,,,,,,,KRDU 081451Z 18004KT 10SM BKN250 26/16 A3031 RMK AO2 SLP259 T02610156 52008,FM15,413,ICAO-KRDU
USW00013722,RALEIGH AP,2026-09-08T15:51:00,2026-09-08 11:51,2026,09,08,15,51,35.8922,-78.7819,120.4,27.2,FM15,413,ICAO-KRDU,14.4,FM15,413,ICAO-KRDU,,,,,1025.9,FM15,413,ICAO-KRDU,60,FM15,413,ICAO-KRDU,2.1,FM15,413,ICAO-KRDU,,,,,,,,,,,45,D,FM15,413,ICAO-KRDU,,,,,,,,,,,,,,,,,,,,,,,,,,,,,,16.09,FM15,413,ICAO-KRDU,1026.4,FM15,413,ICAO-KRDU,,,,,,,,,,,,,,7620,M;,FM15,413,ICAO-KRDU,,,,,,,,,,FEW:02;,FM15,413,ICAO-KRDU,BKN:07;,FM15,413,ICAO-KRDU,,,,,,,,,1524,:,FM15,413,ICAO-KRDU,7620,:,FM15,413,ICAO-KRDU,,,,,,,,,,,,,,,KRDU 081551Z 06004KT 10SM FEW050 BKN250 27/14 A3031 RMK AO2 SLP259 T02720144,FM15,413,ICAO-KRDU
USW00013722,RALEIGH AP,2026-09-08T16:51:00,2026-09-08 12:51,2026,09,08,16,51,35.8922,-78.7819,120.4,28.3,FM15,413,ICAO-KRDU,14.4,FM15,413,ICAO-KRDU,,,,,1025.8,FM15,413,ICAO-KRDU,0,FM15,413,ICAO-KRDU,0.0,FM15,413,ICAO-KRDU,,,,,,,,,,,43,D,FM15,413,ICAO-KRDU,,,,,,,,,,,,,,,,,,,,,,,,,,,,,,16.09,FM15,413,ICAO-KRDU,1026.4,FM15,413,ICAO-KRDU,,,,,,,,,,,,,,7620,M;,FM15,413,ICAO-KRDU,,,,,,,,,,SCT:04;,FM15,413,ICAO-KRDU,BKN:07;,FM15,413,ICAO-KRDU,,,,,,,,,1676,:,FM15,413,ICAO-KRDU,7620,:,FM15,413,ICAO-KRDU,,,,,,,,,,,,,,,KRDU 081651Z 00000KT 10SM SCT055 BKN250 28/14 A3031 RMK AO2 SLP258 T02830144,FM15,413,ICAO-KRDU
USW00013722,RALEIGH AP,2026-09-08T17:51:00,2026-09-08 13:51,2026,09,08,17,51,35.8922,-78.7819,120.4,27.8,FM15,413,ICAO-KRDU,13.9,FM15,413,ICAO-KRDU,1010.0,FM94_1,412,WMO-72306,1025.2,FM15,413,ICAO-KRDU,20,FM15,413,ICAO-KRDU,3.6,FM15,413,ICAO-KRDU,,,,,0.0,,,FM94_1,412,WMO-72306,42,D,FM15,413,ICAO-KRDU,19.2,D,FM94_1,412,WMO-72306,,,,,,,,,,,,,,,,,,,,,,,,,16.09,FM15,413,ICAO-KRDU,1025.7,FM15,413,ICAO-KRDU,0.6,8,FM15,413,ICAO-KRDU,06;;,FM94_1,412,WMO-72306,1500,FM94_1,412,WMO-72306,7620,M;,FM15,413,ICAO-KRDU,,,,,1500,:,FM94_1,412,WMO-72306,SCT:04;,FM15,413,ICAO-KRDU,BKN:07;,FM15,413,ICAO-KRDU,,,,,,,,,1829,:,FM15,413,ICAO-KRDU,7620,:,FM15,413,ICAO-KRDU,,,,,,,,,,,,,,,KRDU 081751Z 02007KT 360V060 10SM SCT060 BKN250 28/14 A3029 RMK AO2 SLP252 T02780139 10289 20189 58006,FM15,413,ICAO-KRDU
USW00013722,RALEIGH AP,2026-09-08T18:51:00,2026-09-08 14:51,2026,09,08,18,51,35.8922,-78.7819,120.4,29.4,FM15,413,ICAO-KRDU,13.9,FM15,413,ICAO-KRDU,,,,,1024.6,FM15,413,ICAO-KRDU,180,FM15,413,ICAO-KRDU,2.6,FM15,413,ICAO-KRDU,,,,,,,,,,,39,D,FM15,413,ICAO-KRDU,,,,,,,,,,,,,,,,,,,,,,,,,,,,,,16.09,FM15,413,ICAO-KRDU,1025.1,FM15,413,ICAO-KRDU,,,,,,,,,,,,,,7620,M;,FM15,413,ICAO-KRDU,,,,,,,,,,SCT:04;,FM15,413,ICAO-KRDU,BKN:07;,FM15,413,ICAO-KRDU,,,,,,,,,1829,:,FM15,413,ICAO-KRDU,7620,:,FM15,413,ICAO-KRDU,,,,,,,,,,,,,,,KRDU 081851Z 18005KT 10SM SCT060 BKN250 29/14 A3027 RMK AO2 SLP246 T02940139,FM15,413,ICAO-KRDU
USW00013722,RALEIGH AP,2026-09-08T19:51:00,2026-09-08 15:51,2026,09,08,19,51,35.8922,-78.7819,120.4,30.0,FM15,413,ICAO-KRDU,13.9,FM15,413,ICAO-KRDU,,,,,1024.0,FM15,413,ICAO-KRDU,,,,,2.1,FM15,413,ICAO-KRDU,,,,,,,,,,,37,D,FM15,413,ICAO-KRDU,,,,,,,,,,,,,,,,,,,,,,,,,,,,,,16.09,FM15,413,ICAO-KRDU,1024.4,FM15,413,ICAO-KRDU,,,,,,,,,,,,,,7620,M;,FM15,413,ICAO-KRDU,,,,,,,,,,SCT:04;,FM15,413,ICAO-KRDU,BKN:07;,FM15,413,ICAO-KRDU,,,,,,,,,1829,:,FM15,413,ICAO-KRDU,7620,:,FM15,413,ICAO-KRDU,,,,,,,,,,,,,,,KRDU 081951Z VRB04KT 10SM SCT060 BKN250 30/14 A3025 RMK AO2 SLP240 T03000139,FM15,413,ICAO-KRDU
USW00013722,RALEIGH AP,2026-09-08T20:51:00,2026-09-08 16:51,2026,09,08,20,51,35.8922,-78.7819,120.4,29.4,FM15,413,ICAO-KRDU,13.3,FM15,413,ICAO-KRDU,1008.3,FM94_1,412,WMO-72306,1023.5,FM15,413,ICAO-KRDU,140,FM15,413,ICAO-KRDU,2.6,FM15,413,ICAO-KRDU,,,,,0.0,,,FM94_1,412,WMO-72306,37,D,FM15,413,ICAO-KRDU,19.5,D,FM94_1,412,WMO-72306,,,,,,,,,,,,,,,,,,,,,,,,,16.09,FM15,413,ICAO-KRDU,1024.0,FM15,413,ICAO-KRDU,1.7,6,FM15,413,ICAO-KRDU,06;;,FM94_1,412,WMO-72306,2000,FM94_1,412,WMO-72306,7620,M;,FM15,413,ICAO-KRDU,,,,,2000,:,FM94_1,412,WMO-72306,FEW:02;,FM15,413,ICAO-KRDU,BKN:07;,FM15,413,ICAO-KRDU,,,,,,,,,1829,:,FM15,413,ICAO-KRDU,7620,:,FM15,413,ICAO-KRDU,,,,,,,,,,,,,,,KRDU 082051Z 14005KT 10SM FEW060 BKN250 29/13 A3024 RMK AO2 SLP235 T02940133 56017,FM15,413,ICAO-KRDU
USW00013722,RALEIGH AP,2026-09-08T21:51:00,2026-09-08 17:51,2026,09,08,21,51,35.8922,-78.7819,120.4,29.4,FM15,413,ICAO-KRDU,13.3,FM15,413,ICAO-KRDU,,,,,1023.6,FM15,413,ICAO-KRDU,,,,,2.1,FM15,413,ICAO-KRDU,,,,,,,,,,,37,D,FM15,413,ICAO-KRDU,,,,,,,,,,,,,,,,,,,,,,,,,,,,,,16.09,FM15,413,ICAO-KRDU,1024.0,FM15,413,ICAO-KRDU,,,,,,,,,,,,,,7620,M;,FM15,413,ICAO-KRDU,,,,,,,,,,FEW:02;,FM15,413,ICAO-KRDU,BKN:07;,FM15,413,ICAO-KRDU,,,,,,,,,1829,:,FM15,413,ICAO-KRDU,7620,:,FM15,413,ICAO-KRDU,,,,,,,,,,,,,,,KRDU 082151Z VRB04KT 10SM FEW060 BKN250 29/13 A3024 RMK AO2 SLP236 T02940133,FM15,413,ICAO-KRDU
USW00013722,RALEIGH AP,2026-09-08T22:51:00,2026-09-08 18:51,2026,09,08,22,51,35.8922,-78.7819,120.4,27.8,FM15,413,ICAO-KRDU,13.9,FM15,413,ICAO-KRDU,,,,,1024.2,FM15,413,ICAO-KRDU,60,FM15,413,ICAO-KRDU,2.1,FM15,413,ICAO-KRDU,,,,,,,,,,,42,D,FM15,413,ICAO-KRDU,,,,,,,,,,,,,,,,,,,,,,,,,,,,,,16.09,FM15,413,ICAO-KRDU,1024.7,FM15,413,ICAO-KRDU,,,,,,,,,,,,,,7620,M;,FM15,413,ICAO-KRDU,,,,,,,,,,FEW:02;,FM15,413,ICAO-KRDU,BKN:07;,FM15,413,ICAO-KRDU,,,,,,,,,1829,:,FM15,413,ICAO-KRDU,7620,:,FM15,413,ICAO-KRDU,,,,,,,,,,,,,,,KRDU 082251Z 06004KT 10SM FEW060 BKN250 28/14 A3026 RMK AO2 SLP242 T02780139,FM15,413,ICAO-KRDU
USW00013722,RALEIGH AP,2026-09-08T23:51:00,2026-09-08 19:51,2026,09,08,23,51,35.8922,-78.7819,120.4,25.6,FM15,413,ICAO-KRDU,15.0,FM15,413,ICAO-KRDU,1009.0,FM94_1,412,WMO-72306,1024.4,FM15,413,ICAO-KRDU,,,,,2.6,FM15,413,ICAO-KRDU,,,,,0.0,,,FM94_1,412,WMO-72306,52,D,FM15,413,ICAO-KRDU,19.0,D,FM94_1,412,WMO-72306,,,,,,,,,,,,,,,,,,,,,,,,,16.09,FM15,413,ICAO-KRDU,1024.7,FM15,413,ICAO-KRDU,0.8,3,FM15,413,ICAO-KRDU,06;;,FM94_1,412,WMO-72306,1500,FM94_1,412,WMO-72306,7620,M;,FM15,413,ICAO-KRDU,,,,,1500,:,FM94_1,412,WMO-72306,FEW:02;,FM15,413,ICAO-KRDU,BKN:07;,FM15,413,ICAO-KRDU,,,,,,,,,1829,:,FM15,413,ICAO-KRDU,7620,:,FM15,413,ICAO-KRDU,,,,,,,,,,,,,,,KRDU 082351Z VRB05KT 10SM FEW060 BKN250 26/15 A3026 RMK AO2 SLP244 T02560150 10300 20256 53008,FM15,413,ICAO-KRDU
USW00013722,RALEIGH AP,2026-09-09T00:51:00,2026-09-08 20:51,2026,09,09,00,51,35.8922,-78.7819,120.4,23.9,FM15,413,ICAO-KRDU,15.0,FM15,413,ICAO-KRDU,,,,,1024.5,FM15,413,ICAO-KRDU,130,FM15,413,ICAO-KRDU,2.1,FM15,413,ICAO-KRDU,,,,,,,,,,,57,D,FM15,413,ICAO-KRDU,,,,,,,,,,,,,,,,,,,,,,,,,,,,,,16.09,FM15,413,ICAO-KRDU,1025.1,FM15,413,ICAO-KRDU,,,,,,,,,,,,,,7620,M;,FM15,413,ICAO-KRDU,,,,,,,,,,BKN:07;,FM15,413,ICAO-KRDU,,,,,,,,,,,,,7620,:,FM15,413,ICAO-KRDU,,,,,,,,,,,,,,,,,,,,KRDU 090051Z 13004KT 10SM BKN250 24/15 A3027 RMK AO2 SLP245 T02390150,FM15,413,ICAO-KRDU
USW00013722,RALEIGH AP,2026-09-09T01:51:00,2026-09-08 21:51,2026,09,09,01,51,35.8922,-78.7819,120.4,22.8,FM15,413,ICAO-KRDU,15.6,FM15,413,ICAO-KRDU,,,,,1024.8,FM15,413,ICAO-KRDU,130,FM15,413,ICAO-KRDU,2.1,FM15,413,ICAO-KRDU,,,,,,,,,,,64,D,FM15,413,ICAO-KRDU,,,,,,,,,,,,,,,,,,,,,,,,,,,,,,16.09,FM15,413,ICAO-KRDU,1025.4,FM15,413,ICAO-KRDU,,,,,,,,,,,,,,7620,M;,FM15,413,ICAO-KRDU,,,,,,,,,,BKN:07;,FM15,413,ICAO-KRDU,,,,,,,,,,,,,7620,:,FM15,413,ICAO-KRDU,,,,,,,,,,,,,,,,,,,,KRDU 090151Z 13004KT 10SM BKN250 23/16 A3028 RMK AO2 SLP248 T02280156,FM15,413,ICAO-KRDU
USW00013722,RALEIGH AP,2026-09-09T02:51:00,2026-09-08 22:51,2026,09,09,02,51,35.8922,-78.7819,120.4,22.2,FM15,413,ICAO-KRDU,15.0,FM15,413,ICAO-KRDU,,,,,1025.0,FM15,413,ICAO-KRDU,130,FM15,413,ICAO-KRDU,2.1,FM15,413,ICAO-KRDU,,,,,,,,,,,64,D,FM15,413,ICAO-KRDU,,,,,,,,,,,,,,,,,,,,,,,,,,,,,,16.09,FM15,413,ICAO-KRDU,1025.4,FM15,413,ICAO-KRDU,0.7,3,FM15,413,ICAO-KRDU,,,,,,,,,7620,M;,FM15,413,ICAO-KRDU,,,,,,,,,,BKN:07;,FM15,413,ICAO-KRDU,,,,,,,,,,,,,7620,:,FM15,413,ICAO-KRDU,,,,,,,,,,,,,,,,,,,,KRDU 090251Z 13004KT 10SM BKN250 22/15 A3028 RMK AO2 SLP250 T02220150 53007,FM15,413,ICAO-KRDU
USW00013722,RALEIGH AP,2026-09-09T03:51:00,2026-09-08 23:51,2026,09,09,03,51,35.8922,-78.7819,120.4,21.7,FM15,413,ICAO-KRDU,15.0,FM15,413,ICAO-KRDU,,,,,1025.1,FM15,413,ICAO-KRDU,140,FM15,413,ICAO-KRDU,2.1,FM15,413,ICAO-KRDU,,,,,,,,,,,66,D,FM15,413,ICAO-KRDU,,,,,,,,,,,,,,,,,,,,,,,,,,,,,,16.09,FM15,413,ICAO-KRDU,1025.4,FM15,413,ICAO-KRDU,,,,,,,,,,,,,,,,,,,,,,,,,,,,FEW:02;,FM15,413,ICAO-KRDU,,,,,,,,,,,,,7620,:,FM15,413,ICAO-KRDU,,,,,,,,,,,,,,,,,,,,KRDU 090351Z 14004KT 10SM FEW250 22/15 A3028 RMK AO2 SLP251 T02170150,FM15,413,ICAO-KRDU
USW00013722,RALEIGH AP,2026-09-09T04:51:00,2026-09-09 00:51,2026,09,09,04,51,35.8922,-78.7819,120.4,20.6,FM15,413,ICAO-KRDU,15.0,FM15,413,ICAO-KRDU,,,,,,,,,160,FM15,413,ICAO-KRDU,2.1,FM15,413,ICAO-KRDU,,,,,,,,,,,70,D,FM15,413,ICAO-KRDU,,,,,,,,,,,,,,,,,,,,,,,,,,,,,,16.09,FM15,413,ICAO-KRDU,1025.4,FM15,413,ICAO-KRDU,,,,,,,,,,,,,,,,,,,,,,,,,,,,FEW:02;,FM15,413,ICAO-KRDU,,,,,,,,,,,,,7620,:,FM15,413,ICAO-KRDU,,,,,,,,,,,,,,,,,,,,KRDU 090451Z 16004KT 10SM FEW250 21/15 A3028 RMK T02060150,FM15,413,ICAO-KRDU
USW00013722,RALEIGH AP,2026-09-09T05:51:00,2026-09-09 01:51,2026,09,09,05,51,35.8922,-78.7819,120.4,20.6,FM15,413,ICAO-KRDU,15.6,FM15,413,ICAO-KRDU,1010.0,FM94_1,412,WMO-72306,,,,,160,FM15,413,ICAO-KRDU,2.1,FM15,413,ICAO-KRDU,,,,,0.0,,,FM94_1,412,WMO-72306,73,D,FM15,413,ICAO-KRDU,17.5,D,FM94_1,412,WMO-72306,,,,,,,,,,,,,,,,,,,,,,,,,16.09,FM15,413,ICAO-KRDU,1025.7,FM15,413,ICAO-KRDU,,,,,,02;;,FM94_1,412,WMO-72306,5000,FM94_1,412,WMO-72306,,,,,,,,,,5000,:,FM94_1,412,WMO-72306,FEW:02;,FM15,413,ICAO-KRDU,,,,,,,,,,,,,7620,:,FM15,413,ICAO-KRDU,,,,,,,,,,,,,,,,,,,,KRDU 090551Z 16004KT 10SM FEW250 21/16 A3029 RMK T02060156,FM15,413,ICAO-KRDU
USW00013722,RALEIGH AP,2026-09-09T06:51:00,2026-09-09 02:51,2026,09,09,06,51,35.8922,-78.7819,120.4,19.4,FM15,413,ICAO-KRDU,15.6,FM15,413,ICAO-KRDU,,,,,1025.1,FM15,413,ICAO-KRDU,0,FM15,413,ICAO-KRDU,0.0,FM15,413,ICAO-KRDU,,,,,,,,,,,79,D,FM15,413,ICAO-KRDU,,,,,,,,,,,,,,,,,,,,,,,,,,,,,,16.09,FM15,413,ICAO-KRDU,1025.7,FM15,413,ICAO-KRDU,,,,,,,,,,,,,,,,,,,,,,,,,,,,FEW:02;,FM15,413,ICAO-KRDU,,,,,,,,,,,,,7620,:,FM15,413,ICAO-KRDU,,,,,,,,,,,,,,,,,,,,KRDU 090651Z 00000KT 10SM FEW250 19/16 A3029 RMK AO2 SLP251 T01940156,FM15,413,ICAO-KRDU
USW00013722,RALEIGH AP,2026-09-09T07:51:00,2026-09-09 03:51,2026,09,09,07,51,35.8922,-78.7819,120.4,17.2,FM15,413,ICAO-KRDU,15.6,FM15,413,ICAO-KRDU,,,,,1025.1,FM15,413,ICAO-KRDU,0,FM15,413,ICAO-KRDU,0.0,FM15,413,ICAO-KRDU,,,,,,,,,,,90,D,FM15,413,ICAO-KRDU,,,,,,,,,,,,,,,,,,,,,,,,,,,,,,16.09,FM15,413,ICAO-KRDU,1025.7,FM15,413,ICAO-KRDU,,,,,,,,,,,,,,,,,,,,,,,,,,,,FEW:02;,FM15,413,ICAO-KRDU,,,,,,,,,,,,,7620,:,FM15,413,ICAO-KRDU,,,,,,,,,,,,,,,,,,,,KRDU 090751Z 00000KT 10SM FEW250 17/16 A3029 RMK AO2 SLP251 T01720156,FM15,413,ICAO-KRDU
USW00013722,RALEIGH AP,2026-09-09T08:51:00,2026-09-09 04:51,2026,09,09,08,51,35.8922,-78.7819,120.4,18.3,FM15,413,ICAO-KRDU,16.1,FM15,413,ICAO-KRDU,1010.0,FM94_1,412,WMO-72306,1025.1,FM15,413,ICAO-KRDU,0,FM15,413,ICAO-KRDU,0.0,FM15,413,ICAO-KRDU,,,,,0.0,,,FM94_1,412,WMO-72306,87,D,FM15,413,ICAO-KRDU,17.0,D,FM94_1,412,WMO-72306,,,,,,,,,,,,,,,,,,,,,,,,,16.09,FM15,413,ICAO-KRDU,1025.7,FM15,413,ICAO-KRDU,0.2,6,FM15,413,ICAO-KRDU,02;;,FM94_1,412,WMO-72306,5000,FM94_1,412,WMO-72306,,,,,,,,,,5000,:,FM94_1,412,WMO-72306,FEW:02;,FM15,413,ICAO-KRDU,,,,,,,,,,,,,7620,:,FM15,413,ICAO-KRDU,,,,,,,,,,,,,,,,,,,,KRDU 090851Z 00000KT 10SM FEW250 18/16 A3029 RMK AO2 SLP251 T01830161 56002,FM15,413,ICAO-KRDU
USW00013722,RALEIGH AP,2026-09-09T09:51:00,2026-09-09 05:51,2026,09,09,09,51,35.8922,-78.7819,120.4,17.2,FM15,413,ICAO-KRDU,16.1,FM15,413,ICAO-KRDU,,,,,1025.3,FM15,413,ICAO-KRDU,0,FM15,413,ICAO-KRDU,0.0,FM15,413,ICAO-KRDU,,,,,,,,,,,93,D,FM15,413,ICAO-KRDU,,,,,,,,,,,,,,,,,,,,,,,,,,,,,,16.09,FM15,413,ICAO-KRDU,1025.7,FM15,413,ICAO-KRDU,,,,,,,,,,,,,,,,,,,,,,,,,,,,FEW:02;,FM15,413,ICAO-KRDU,,,,,,,,,,,,,7620,:,FM15,413,ICAO-KRDU,,,,,,,,,,,,,,,,,,,,KRDU 090951Z 00000KT 10SM FEW250 17/16 A3029 RMK AO2 SLP253 T01720161 $,FM15,413,ICAO-KRDU
USW00013722,RALEIGH AP,2026-09-09T10:51:00,2026-09-09 06:51,2026,09,09,10,51,35.8922,-78.7819,120.4,17.2,FM15,413,ICAO-KRDU,16.1,FM15,413,ICAO-KRDU,,,,,1025.8,FM15,413,ICAO-KRDU,80,FM15,413,ICAO-KRDU,1.5,FM15,413,ICAO-KRDU,,,,,,,,,,,93,D,FM15,413,ICAO-KRDU,,,,,,,,,,,,,,,,,,,,,,,,,,,,,,16.09,FM15,413,ICAO-KRDU,1026.4,FM15,413,ICAO-KRDU,,,,,,,,,,,,,,,,,,,,,,,,,,,,FEW:02;,FM15,413,ICAO-KRDU,,,,,,,,,,,,,7620,:,FM15,413,ICAO-KRDU,,,,,,,,,,,,,,,,,,,,KRDU 091051Z 08003KT 10SM FEW250 17/16 A3031 RMK AO2 SLP258 T01720161 $,FM15,413,ICAO-KRDU
USW00013722,RALEIGH AP,2026-09-09T11:51:00,2026-09-09 07:51,2026,09,09,11,51,35.8922,-78.7819,120.4,19.4,FM15,413,ICAO-KRDU,16.7,FM15,413,ICAO-KRDU,,,,,1026.0,FM15,413,ICAO-KRDU,0,FM15,413,ICAO-KRDU,0.0,FM15,413,ICAO-KRDU,,,,,,,,,,,84,D,FM15,413,ICAO-KRDU,,,,,,,,,,,,,,,,,,,,,,,,,,,,,,16.09,FM15,413,ICAO-KRDU,1026.4,FM15,413,ICAO-KRDU,0.8,2,FM15,413,ICAO-KRDU,,,,,,,,,,,,,,,,,,,,,,,SCT:04;,FM15,413,ICAO-KRDU,,,,,,,,,,,,,7620,:,FM15,413,ICAO-KRDU,,,,,,,,,,,,,,,,,,,,KRDU 091151Z 00000KT 10SM SCT250 19/17 A3031 RMK AO2 SLP260 T01940167 10200 20167 52008 $,FM15,413,ICAO-KRDU
USW00013722,RALEIGH AP,2026-09-09T12:51:00,2026-09-09 08:51,2026,09,09,12,51,35.8922,-78.7819,120.4,22.8,FM15,413,ICAO-KRDU,18.3,FM15,413,ICAO-KRDU,,,,,1026.0,FM15,413,ICAO-KRDU,0,FM15,413,ICAO-KRDU,0.0,FM15,413,ICAO-KRDU,,,,,,,,,,,76,D,FM15,413,ICAO-KRDU,,,,,,,,,,,,,,,,,,,,,,,,,,,,,,16.09,FM15,413,ICAO-KRDU,1026.4,FM15,413,ICAO-KRDU,,,,,,,,,,,,,,,,,,,,,,,,,,,,SCT:04;,FM15,413,ICAO-KRDU,,,,,,,,,,,,,7620,:,FM15,413,ICAO-KRDU,,,,,,,,,,,,,,,,,,,,KRDU 091251Z 00000KT 10SM SCT250 23/18 A3031 RMK AO2 SLP260 T02280183 $,FM15,413,ICAO-KRDU
USW00013722,RALEIGH AP,2026-09-09T13:51:00,2026-09-09 09:51,2026,09,09,13,51,35.8922,-78.7819,120.4,25.6,FM15,413,ICAO-KRDU,17.2,FM15,413,ICAO-KRDU,,,,,1025.9,FM15,413,ICAO-KRDU,250,FM15,413,ICAO-KRDU,2.6,FM15,413,ICAO-KRDU,,,,,,,,,,,60,D,FM15,413,ICAO-KRDU,,,,,,,,,,,,,,,,,,,,,,,,,,,,,,16.09,FM15,413,ICAO-KRDU,1026.4,FM15,413,ICAO-KRDU,,,,,,,,,,,,,,,,,,,,,,,,,,,,SCT:04;,FM15,413,ICAO-KRDU,,,,,,,,,,,,,7620,:,FM15,413,ICAO-KRDU,,,,,,,,,,,,,,,,,,,,KRDU 091351Z 25005KT 10SM SCT250 26/17 A3031 RMK AO2 SLP259 T02560172 $,FM15,413,ICAO-KRDU
USW00013722,RALEIGH AP,2026-09-09T14:51:00,2026-09-09 10:51,2026,09,09,14,51,35.8922,-78.7819,120.4,27.2,FM15,413,ICAO-KRDU,16.7,FM15,413,ICAO-KRDU,1010.7,FM94_1,412,WMO-72306,1026.1,FM15,413,ICAO-KRDU,220,FM15,413,ICAO-KRDU,3.1,FM15,413,ICAO-KRDU,,,,,0.0,,,FM94_1,412,WMO-72306,53,D,FM15,413,ICAO-KRDU,20.5,D,FM94_1,412,WMO-72306,,,,,,,,,,,,,,,,,,,,,,,,,16.09,FM15,413,ICAO-KRDU,1026.4,FM15,413,ICAO-KRDU,0.1,3,FM15,413,ICAO-KRDU,06;;,FM94_1,412,WMO-72306,5000,FM94_1,412,WMO-72306,7620,M;,FM15,413,ICAO-KRDU,,,,,5000,:,FM94_1,412,WMO-72306,FEW:02;,FM15,413,ICAO-KRDU,BKN:07;,FM15,413,ICAO-KRDU,,,,,,,,,1219,:,FM15,413,ICAO-KRDU,7620,:,FM15,413,ICAO-KRDU,,,,,,,,,,,,,,,KRDU 091451Z 22006KT 10SM FEW040 BKN250 27/17 A3031 RMK AO2 SLP261 T02720167 53001,FM15,413,ICAO-KRDU
USW00013722,RALEIGH AP,2026-09-09T15:51:00,2026-09-09 11:51,2026,09,09,15,51,35.8922,-78.7819,120.4,28.9,FM15,413,ICAO-KRDU,16.1,FM15,413,ICAO-KRDU,,,,,1025.5,FM15,413,ICAO-KRDU,,,,,2.6,FM15,413,ICAO-KRDU,,,,,,,,,,,46,D,FM15,413,ICAO-KRDU,,,,,,,,,,,,,,,,,,,,,,,,,,,,,,16.09,FM15,413,ICAO-KRDU,1026.1,FM15,413,ICAO-KRDU,,,,,,,,,,,,,,7620,M;,FM15,413,ICAO-KRDU,,,,,,,,,,FEW:02;,FM15,413,ICAO-KRDU,BKN:07;,FM15,413,ICAO-KRDU,,,,,,,,,1402,:,FM15,413,ICAO-KRDU,7620,:,FM15,413,ICAO-KRDU,,,,,,,,,,,,,,,KRDU 091551Z VRB05KT 10SM FEW046 BKN250 29/16 A3030 RMK AO2 SLP255 T02890161,FM15,413,ICAO-KRDU
USW00013722,RALEIGH AP,2026-09-09T16:51:00,2026-09-09 12:51,2026,09,09,16,51,35.8922,-78.7819,120.4,30.0,FM15,413,ICAO-KRDU,15.6,FM15,413,ICAO-KRDU,,,,,1024.7,FM15,413,ICAO-KRDU,,,,,2.1,FM15,413,ICAO-KRDU,,,,,,,,,,,42,D,FM15,413,ICAO-KRDU,,,,,,,,,,,,,,,,,,,,,,,,,,,,,,16.09,FM15,413,ICAO-KRDU,1025.1,FM15,413,ICAO-KRDU,,,,,,,,,,,,,,,,,,,,,,,,,,,,FEW:02;,FM15,413,ICAO-KRDU,SCT:04;,FM15,413,ICAO-KRDU,,,,,,,,,1524,:,FM15,413,ICAO-KRDU,7620,:,FM15,413,ICAO-KRDU,,,,,,,,,,,,,,,KRDU 091651Z VRB04KT 10SM FEW050 SCT250 30/16 A3027 RMK AO2 SLP247 T03000156,FM15,413,ICAO-KRDU
USW00013722,RALEIGH AP,2026-09-09T17:51:00,2026-09-09 13:51,2026,09,09,17,51,35.8922,-78.7819,120.4,30.6,FM15,413,ICAO-KRDU,15.0,FM15,413,ICAO-KRDU,1008.7,FM94_1,412,WMO-72306,1023.9,FM15,413,ICAO-KRDU,220,FM15,413,ICAO-KRDU,3.6,FM15,413,ICAO-KRDU,,,,,0.0,,,FM94_1,412,WMO-72306,39,D,FM15,413,ICAO-KRDU,20.7,D,FM94_1,412,WMO-72306,,,,,,,,,,,,,,,,,,,,,,,,,16.09,FM15,413,ICAO-KRDU,1024.4,FM15,413,ICAO-KRDU,2.2,8,FM15,413,ICAO-KRDU,06;;,FM94_1,412,WMO-72306,1500,FM94_1,412,WMO-72306,7620,M;,FM15,413,ICAO-KRDU,,,,,1500,:,FM94_1,412,WMO-72306,FEW:02;,FM15,413,ICAO-KRDU,BKN:07;,FM15,413,ICAO-KRDU,,,,,,,,,1676,:,FM15,413,ICAO-KRDU,7620,:,FM15,413,ICAO-KRDU,,,,,,,,,,,,,,,KRDU 091751Z COR 22007KT 10SM FEW055 BKN250 31/15 A3025 RMK AO2 SLP239 T03060150 10306 20194 58022,FM15,413,ICAO-KRDU
USW00013722,RALEIGH AP,2026-09-09T18:51:00,2026-09-09 14:51,2026,09,09,18,51,35.8922,-78.7819,120.4,30.6,FM15,413,ICAO-KRDU,14.4,FM15,413,ICAO-KRDU,,,,,1022.8,FM15,413,ICAO-KRDU,,,,,1.5,FM15,413,ICAO-KRDU,,,,,,,,,,,37,D,FM15,413,ICAO-KRDU,,,,,,,,,,,,,,,,,,,,,,,,,,,,,,16.09,FM15,413,ICAO-KRDU,1023.4,FM15,413,ICAO-KRDU,,,,,,,,,,,,,,7620,M;,FM15,413,ICAO-KRDU,,,,,,,,,,FEW:02;,FM15,413,ICAO-KRDU,BKN:07;,FM15,413,ICAO-KRDU,,,,,,,,,1829,:,FM15,413,ICAO-KRDU,7620,:,FM15,413,ICAO-KRDU,,,,,,,,,,,,,,,KRDU 091851Z VRB03KT 10SM FEW060 BKN250 31/14 A3022 RMK AO2 SLP228 T03060144,FM15,413,ICAO-KRDU
USW00013722,RALEIGH AP,2026-09-09T19:51:00,2026-09-09 15:51,2026,09,09,19,51,35.8922,-78.7819,120.4,31.7,FM15,413,ICAO-KRDU,13.9,FM15,413,ICAO-KRDU,,,,,1021.9,FM15,413,ICAO-KRDU,160,FM15,413,ICAO-KRDU,1.5,FM15,413,ICAO-KRDU,,,,,,,,,,,34,D,FM15,413,ICAO-KRDU,,,,,,,,,,,,,,,,,,,,,,,,,,,,,,16.09,FM15,413,ICAO-KRDU,1022.4,FM15,413,ICAO-KRDU,,,,,,,,,,,,,,7620,M;,FM15,413,ICAO-KRDU,,,,,,,,,,FEW:02;,FM15,413,ICAO-KRDU,BKN:07;,FM15,413,ICAO-KRDU,,,,,,,,,1829,:,FM15,413,ICAO-KRDU,7620,:,FM15,413,ICAO-KRDU,,,,,,,,,,,,,,,KRDU 091951Z 16003KT 10SM FEW060 BKN250 32/14 A3019 RMK AO2 SLP219 T03170139,FM15,413,ICAO-KRDU
USW00013722,RALEIGH AP,2026-09-09T20:51:00,2026-09-09 16:51,2026,09,09,20,51,35.8922,-78.7819,120.4,31.1,FM15,413,ICAO-KRDU,13.9,FM15,413,ICAO-KRDU,1006.0,FM94_1,412,WMO-72306,1021.3,FM15,413,ICAO-KRDU,,,,,1.5,FM15,413,ICAO-KRDU,,,,,0.0,,,FM94_1,412,WMO-72306,35,D,FM15,413,ICAO-KRDU,20.3,D,FM94_1,412,WMO-72306,,,,,,,,,,,,,,,,,,,,,,,,,16.09,FM15,413,ICAO-KRDU,1021.7,FM15,413,ICAO-KRDU,2.6,6,FM15,413,ICAO-KRDU,06;;,FM94_1,412,WMO-72306,1500,FM94_1,412,WMO-72306,7620,M;,FM15,413,ICAO-KRDU,,,,,1500,:,FM94_1,412,WMO-72306,FEW:02;,FM15,413,ICAO-KRDU,BKN:07;,FM15,413,ICAO-KRDU,,,,,,,,,2134,:,FM15,413,ICAO-KRDU,7620,:,FM15,413,ICAO-KRDU,,,,,,,,,,,,,,,KRDU 092051Z VRB03KT 10SM FEW070 BKN250 31/14 A3017 RMK AO2 SLP213 T03110139 56026,FM15,413,ICAO-KRDU
USW00013722,RALEIGH AP,2026-09-09T21:51:00,2026-09-09 17:51,2026,09,09,21,51,35.8922,-78.7819,120.4,30.6,FM15,413,ICAO-KRDU,14.4,FM15,413,ICAO-KRDU,,,,,1020.7,FM15,413,ICAO-KRDU,140,FM15,413,ICAO-KRDU,4.1,FM15,413,ICAO-KRDU,,,,,,,,,,,37,D,FM15,413,ICAO-KRDU,,,,,,,,,,,,,,,,,,,,,,,,,,,,,,16.09,FM15,413,ICAO-KRDU,1021.3,FM15,413,ICAO-KRDU,,,,,,,,,,,,,,,,,,,,,,,,,,,,FEW:02;,FM15,413,ICAO-KRDU,SCT:04;,FM15,413,ICAO-KRDU,,,,,,,,,2134,:,FM15,413,ICAO-KRDU,7620,:,FM15,413,ICAO-KRDU,,,,,,,,,,,,,,,KRDU 092151Z 14008KT 10SM FEW070 SCT250 31/14 A3016 RMK AO2 SLP207 T03060144,FM15,413,ICAO-KRDU
USW00013722,RALEIGH AP,2026-09-09T22:51:00,2026-09-09 18:51,2026,09,09,22,51,35.8922,-78.7819,120.4,29.4,FM15,413,ICAO-KRDU,15.0,FM15,413,ICAO-KRDU,,,,,1020.3,FM15,413,ICAO-KRDU,150,FM15,413,ICAO-KRDU,3.1,FM15,413,ICAO-KRDU,,,,,,,,,,,42,D,FM15,413,ICAO-KRDU,,,,,,,,,,,,,,,,,,,,,,,,,,,,,,16.09,FM15,413,ICAO-KRDU,1020.7,FM15,413,ICAO-KRDU,,,,,,,,,,,,,,,,,,,,,,,,,,,,FEW:02;,FM15,413,ICAO-KRDU,SCT:04;,FM15,413,ICAO-KRDU,,,,,,,,,2134,:,FM15,413,ICAO-KRDU,7620,:,FM15,413,ICAO-KRDU,,,,,,,,,,,,,,,KRDU 092251Z 15006KT 10SM FEW070 SCT250 29/15 A3014 RMK AO2 SLP203 T02940150,FM15,413,ICAO-KRDU
USW00013722,RALEIGH AP,2026-09-09T23:51:00,2026-09-09 19:51,2026,09,09,23,51,35.8922,-78.7819,120.4,26.7,FM15,413,ICAO-KRDU,15.6,FM15,413,ICAO-KRDU,,,,,1020.3,FM15,413,ICAO-KRDU,150,FM15,413,ICAO-KRDU,3.1,FM15,413,ICAO-KRDU,,,,,,,,,,,51,D,FM15,413,ICAO-KRDU,,,,,,,,,,,,,,,,,,,,,,,,,,,,,,16.09,FM15,413,ICAO-KRDU,1020.7,FM15,413,ICAO-KRDU,0.9,6,FM15,413,ICAO-KRDU,,,,,,,,,,,,,,,,,,,,,,,FEW:02;,FM15,413,ICAO-KRDU,SCT:04;,FM15,413,ICAO-KRDU,,,,,,,,,2134,:,FM15,413,ICAO-KRDU,7620,:,FM15,413,ICAO-KRDU,,,,,,,,,,,,,,,KRDU 092351Z 15006KT 10SM FEW070 SCT250 27/16 A3014 RMK AO2 SLP203 T02670156 10322 20267 56009,FM15,413,ICAO-KRDU
USW00013722,RALEIGH AP,2026-09-10T00:51:00,2026-09-09 20:51,2026,09,10,00,51,35.8922,-78.7819,120.4,26.1,FM15,413,ICAO-KRDU,16.1,FM15,413,ICAO-KRDU,,,,,1020.5,FM15,413,ICAO-KRDU,170,FM15,413,ICAO-KRDU,3.1,FM15,413,ICAO-KRDU,,,,,,,,,,,54,D,FM15,413,ICAO-KRDU,,,,,,,,,,,,,,,,,,,,,,,,,,,,,,16.09,FM15,413,ICAO-KRDU,1021.0,FM15,413,ICAO-KRDU,,,,,,,,,,,,,,,,,,,,,,,,,,,,FEW:02;,FM15,413,ICAO-KRDU,SCT:04;,FM15,413,ICAO-KRDU,,,,,,,,,2134,:,FM15,413,ICAO-KRDU,7620,:,FM15,413,ICAO-KRDU,,,,,,,,,,,,,,,KRDU 100051Z 17006KT 10SM FEW070 SCT250 26/16 A3015 RMK AO2 SLP205 T02610161,FM15,413,ICAO-KRDU
USW00013722,RALEIGH AP,2026-09-10T01:51:00,2026-09-09 21:51,2026,09,10,01,51,35.8922,-78.7819,120.4,25.6,FM15,413,ICAO-KRDU,16.7,FM15,413,ICAO-KRDU,,,,,1020.7,FM15,413,ICAO-KRDU,180,FM15,413,ICAO-KRDU,4.1,FM15,413,ICAO-KRDU,,,,,,,,,,,58,D,FM15,413,ICAO-KRDU,,,,,,,,,,,,,,,,,,,,,,,,,,,,,,16.09,FM15,413,ICAO-KRDU,1021.0,FM15,413,ICAO-KRDU,,,,,,,,,,,,,,,,,,,,,,,,,,,,FEW:02;,FM15,413,ICAO-KRDU,,,,,,,,,,,,,7620,:,FM15,413,ICAO-KRDU,,,,,,,,,,,,,,,,,,,,KRDU 100151Z 18008KT 10SM FEW250 26/17 A3015 RMK AO2 SLP207 T02560167,FM15,413,ICAO-KRDU
USW00013722,RALEIGH AP,2026-09-10T02:51:00,2026-09-09 22:51,2026,09,10,02,51,35.8922,-78.7819,120.4,25.0,FM15,413,ICAO-KRDU,16.7,FM15,413,ICAO-KRDU,1005.0,FM94_1,412,WMO-72306,1020.1,FM15,413,ICAO-KRDU,180,FM15,413,ICAO-KRDU,3.6,FM15,413,ICAO-KRDU,,,,,0.0,,,FM94_1,412,WMO-72306,60,D,FM15,413,ICAO-KRDU,19.7,D,FM94_1,412,WMO-72306,,,,,,,,,,,,,,,,,,,,,,,,,16.09,FM15,413,ICAO-KRDU,1020.7,FM15,413,ICAO-KRDU,0.1,8,FM15,413,ICAO-KRDU,02;;,FM94_1,412,WMO-72306,5000,FM94_1,412,WMO-72306,,,,,,,,,,5000,:,FM94_1,412,WMO-72306,FEW:02;,FM15,413,ICAO-KRDU,,,,,,,,,,,,,7620,:,FM15,413,ICAO-KRDU,,,,,,,,,,,,,,,,,,,,KRDU 100251Z 18007KT 10SM FEW250 25/17 A3014 RMK AO2 SLP201 T02500167 58001,FM15,413,ICAO-KRDU
USW00013722,RALEIGH AP,2026-09-10T03:51:00,2026-09-09 23:51,2026,09,10,03,51,35.8922,-78.7819,120.4,24.4,FM15,413,ICAO-KRDU,18.9,FM15,413,ICAO-KRDU,,,,,1019.9,FM15,413,ICAO-KRDU,190,FM15,413,ICAO-KRDU,6.2,FM15,413,ICAO-KRDU,11.8,FM15,413,ICAO-KRDU,,,,,,,71,D,FM15,413,ICAO-KRDU,,,,,,,,,,,,,,,,,,,,,,,,,,,,,,16.09,FM15,413,ICAO-KRDU,1020.7,FM15,413,ICAO-KRDU,,,,,,,,,,,,,,,,,,,,,,,,,,,,SCT:04;,FM15,413,ICAO-KRDU,,,,,,,,,,,,,7620,:,FM15,413,ICAO-KRDU,,,,,,,,,,,,,,,,,,,,KRDU 100351Z 19012G23KT 10SM SCT250 24/19 A3014 RMK AO2 SLP199 T02440189,FM15,413,ICAO-KRDU
USW00013722,RALEIGH AP,2026-09-10T04:51:00,2026-09-10 00:51,2026,09,10,04,51,35.8922,-78.7819,120.4,23.9,FM15,413,ICAO-KRDU,20.0,FM15,413,ICAO-KRDU,,,,,1020.3,FM15,413,ICAO-KRDU,210,FM15,413,ICAO-KRDU,4.6,FM15,413,ICAO-KRDU,,,,,,,,,,,79,D,FM15,413,ICAO-KRDU,,,,,,,,,,,,,,,,,,,,,,,,,,,,,,16.09,FM15,413,ICAO-KRDU,1021.0,FM15,413,ICAO-KRDU,,,,,,,,,,,,,,7620,M;,FM15,413,ICAO-KRDU,,,,,,,,,,BKN:07;,FM15,413,ICAO-KRDU,,,,,,,,,,,,,7620,:,FM15,413,ICAO-KRDU,,,,,,,,,,,,,,,,,,,,KRDU 100451Z 21009KT 10SM BKN250 24/20 A3015 RMK AO2 SLP203 T02390200 403220167,FM15,413,ICAO-KRDU
USW00013722,RALEIGH AP,2026-09-10T05:51:00,2026-09-10 01:51,2026,09,10,05,51,35.8922,-78.7819,120.4,23.3,FM15,413,ICAO-KRDU,20.0,FM15,413,ICAO-KRDU,,,,,1020.2,FM15,413,ICAO-KRDU,200,FM15,413,ICAO-KRDU,4.6,FM15,413,ICAO-KRDU,,,,,,,,,,,82,D,FM15,413,ICAO-KRDU,,,,,,,,,,,,,,,,,,,,,,,,,,,,,,16.09,FM15,413,ICAO-KRDU,1021.0,FM15,413,ICAO-KRDU,0.1,3,FM15,413,ICAO-KRDU,,,,,,,,,,,,,,,,,,,,,,,SCT:04;,FM15,413,ICAO-KRDU,,,,,,,,,,,,,7620,:,FM15,413,ICAO-KRDU,,,,,,,,,,,,,,,,,,,,KRDU 100551Z 20009KT 10SM SCT250 23/20 A3015 RMK AO2 SLP202 T02330200 10267 20233 53001,FM15,413,ICAO-KRDU
USW00013722,RALEIGH AP,2026-09-10T06:51:00,2026-09-10 02:51,2026,09,10,06,51,35.8922,-78.7819,120.4,22.8,FM15,413,ICAO-KRDU,20.0,FM15,413,ICAO-KRDU,,,,,1019.6,FM15,413,ICAO-KRDU,210,FM15,413,ICAO-KRDU,3.6,FM15,413,ICAO-KRDU,,,,,,,,,,,84,D,FM15,413,ICAO-KRDU,,,,,,,,,,,,,,,,,,,,,,,,,,,,,,16.09,FM15,413,ICAO-KRDU,1020.3,FM15,413,ICAO-KRDU,,,,,,,,,,,,,,,,,,,,,,,,,,,,FEW:02;,FM15,413,ICAO-KRDU,,,,,,,,,,,,,7620,:,FM15,413,ICAO-KRDU,,,,,,,,,,,,,,,,,,,,KRDU 100651Z 21007KT 10SM FEW250 23/20 A3013 RMK AO2 SLP196 T02280200,FM15,413,ICAO-KRDU
USW00013722,RALEIGH AP,2026-09-10T07:51:00,2026-09-10 03:51,2026,09,10,07,51,35.8922,-78.7819,120.4,22.8,FM15,413,ICAO-KRDU,20.0,FM15,413,ICAO-KRDU,,,,,1019.2,FM15,413,ICAO-KRDU,210,FM15,413,ICAO-KRDU,4.6,FM15,413,ICAO-KRDU,,,,,,,,,,,84,D,FM15,413,ICAO-KRDU,,,,,,,,,,,,,,,,,,,,,,,,,,,,,,16.09,FM15,413,ICAO-KRDU,1019.6,FM15,413,ICAO-KRDU,,,,,,,,,,,,,,,,,,,,,,,,,,,,FEW:02;,FM15,413,ICAO-KRDU,,,,,,,,,,,,,6096,:,FM15,413,ICAO-KRDU,,,,,,,,,,,,,,,,,,,,KRDU 100751Z 21009KT 10SM FEW200 23/20 A3011 RMK AO2 SLP192 T02280200,FM15,413,ICAO-KRDU
USW00013722,RALEIGH AP,2026-09-10T08:51:00,2026-09-10 04:51,2026,09,10,08,51,35.8922,-78.7819,120.4,22.2,FM15,413,ICAO-KRDU,20.6,FM15,413,ICAO-KRDU,1004.0,FM94_1,412,WMO-72306,1019.1,FM15,413,ICAO-KRDU,220,FM15,413,ICAO-KRDU,4.1,FM15,413,ICAO-KRDU,,,,,0.0,,,FM94_1,412,WMO-72306,91,D,FM15,413,ICAO-KRDU,21.1,D,FM94_1,412,WMO-72306,,,,,,,,,,,,,,,,,,,,,,,,,16.09,FM15,413,ICAO-KRDU,1019.6,FM15,413,ICAO-KRDU,1.1,6,FM15,413,ICAO-KRDU,04;;,FM94_1,412,WMO-72306,5000,FM94_1,412,WMO-72306,,,,,,,,,,5000,:,FM94_1,412,WMO-72306,SCT:04;,FM15,413,ICAO-KRDU,,,,,,,,,,,,,6096,:,FM15,413,ICAO-KRDU,,,,,,,,,,,,,,,,,,,,KRDU 100851Z 22008KT 10SM SCT200 22/21 A3011 RMK AO2 SLP191 T02220206 56011,FM15,413,ICAO-KRDU
USW00013722,RALEIGH AP,2026-09-10T09:51:00,2026-09-10 05:51,2026,09,10,09,51,35.8922,-78.7819,120.4,22.2,FM15,413,ICAO-KRDU,20.6,FM15,413,ICAO-KRDU,,,,,1018.8,FM15,413,ICAO-KRDU,230,FM15,413,ICAO-KRDU,3.1,FM15,413,ICAO-KRDU,,,,,,,,,,,91,D,FM15,413,ICAO-KRDU,,,,,,,,,,,,,,,,,,,,,,,,,,,,,,16.09,FM15,413,ICAO-KRDU,1019.3,FM15,413,ICAO-KRDU,,,,,,,,,,,,,,,,,,,,,,,,,,,,SCT:04;,FM15,413,ICAO-KRDU,,,,,,,,,,,,,6096,:,FM15,413,ICAO-KRDU,,,,,,,,,,,,,,,,,,,,KRDU 100951Z 23006KT 10SM SCT200 22/21 A3010 RMK AO2 SLP188 T02220206,FM15,413,ICAO-KRDU
USW00013722,RALEIGH AP,2026-09-10T10:51:00,2026-09-10 06:51,2026,09,10,10,51,35.8922,-78.7819,120.4,21.7,FM15,413,ICAO-KRDU,20.6,FM15,413,ICAO-KRDU,,,,,1018.9,FM15,413,ICAO-KRDU,220,FM15,413,ICAO-KRDU,3.1,FM15,413,ICAO-KRDU,,,,,,,,,,,93,D,FM15,413,ICAO-KRDU,,,,,,,,,,,,,,,,,,,,,,,,,,,,,,16.09,FM15,413,ICAO-KRDU,1019.3,FM15,413,ICAO-KRDU,,,,,,,,,,,,,,7620,M;,FM15,413,ICAO-KRDU,,,,,,,,,,BKN:07;,FM15,413,ICAO-KRDU,,,,,,,,,,,,,7620,:,FM15,413,ICAO-KRDU,,,,,,,,,,,,,,,,,,,,KRDU 101051Z 22006KT 10SM BKN250 22/21 A3010 RMK AO2 SLP189 T02170206,FM15,413,ICAO-KRDU
USW00013722,RALEIGH AP,2026-09-10T11:51:00,2026-09-10 07:51,2026,09,10,11,51,35.8922,-78.7819,120.4,22.8,FM15,413,ICAO-KRDU,20.6,FM15,413,ICAO-KRDU,,,,,1018.5,FM15,413,ICAO-KRDU,210,FM15,413,ICAO-KRDU,4.6,FM15,413,ICAO-KRDU,,,,,,,,,,,87,D,FM15,413,ICAO-KRDU,,,,,,,,,,,,,,,,,,,,,,,,,,,,,,16.09,FM15,413,ICAO-KRDU,1019.0,FM15,413,ICAO-KRDU,0.7,8,FM15,413,ICAO-KRDU,,,,,,,,,7620,M;,FM15,413,ICAO-KRDU,,,,,,,,,,FEW:02;,FM15,413,ICAO-KRDU,BKN:07;,FM15,413,ICAO-KRDU,,,,,,,,,183,:,FM15,413,ICAO-KRDU,7620,:,FM15,413,ICAO-KRDU,,,,,,,,,,,,,,,KRDU 101151Z 21009KT 10SM FEW006 BKN250 23/21 A3009 RMK AO2 SLP185 T02280206 10233 20217 58007,FM15,413,ICAO-KRDU
USW00013722,RALEIGH AP,2026-09-10T12:51:00,2026-09-10 08:51,2026,09,10,12,51,35.8922,-78.7819,120.4,24.4,FM15,413,ICAO-KRDU,21.1,FM15,413,ICAO-KRDU,,,,,1018.4,FM15,413,ICAO-KRDU,230,FM15,413,ICAO-KRDU,5.1,FM15,413,ICAO-KRDU,,,,,,,,,,,82,D,FM15,413,ICAO-KRDU,,,,,,,,,,,,,,,,,,,,,,,,,,,,,,16.09,FM15,413,ICAO-KRDU,1019.0,FM15,413,ICAO-KRDU,,,,,,,,,,,,,,7620,M;,FM15,413,ICAO-KRDU,,,,,,,,,,FEW:02;,FM15,413,ICAO-KRDU,BKN:07;,FM15,413,ICAO-KRDU,,,,,,,,,366,:,FM15,413,ICAO-KRDU,7620,:,FM15,413,ICAO-KRDU,,,,,,,,,,,,,,,KRDU 101251Z 23010KT 10SM FEW012 BKN250 24/21 A3009 RMK AO2 SLP184 T02440211,FM15,413,ICAO-KRDU
USW00013722,RALEIGH AP,2026-09-10T13:51:00,2026-09-10 09:51,2026,09,10,13,51,35.8922,-78.7819,120.4,27.2,FM15,413,ICAO-KRDU,21.1,FM15,413,ICAO-KRDU,,,,,1018.2,FM15,413,ICAO-KRDU,220,FM15,413,ICAO-KRDU,5.1,FM15,413,ICAO-KRDU,,,,,,,,,,,69,D,FM15,413,ICAO-KRDU,,,,,,,,,,,,,,,,,,,,,,,,,,,,,,16.09,FM15,413,ICAO-KRDU,1019.0,FM15,413,ICAO-KRDU,,,,,,,,,,,,,,7620,M;,FM15,413,ICAO-KRDU,,,,,,,,,,BKN:07;,FM15,413,ICAO-KRDU,,,,,,,,,,,,,7620,:,FM15,413,ICAO-KRDU,,,,,,,,,,,,,,,,,,,,KRDU 101351Z 22010KT 10SM BKN250 27/21 A3009 RMK AO2 SLP182 T02720211,FM15,413,ICAO-KRDU
USW00013722,RALEIGH AP,2026-09-10T14:51:00,2026-09-10 10:51,2026,09,10,14,51,35.8922,-78.7819,120.4,30.0,FM15,413,ICAO-KRDU,20.0,FM15,413,ICAO-KRDU,1003.0,FM94_1,412,WMO-72306,1018.1,FM15,413,ICAO-KRDU,230,FM15,413,ICAO-KRDU,6.2,FM15,413,ICAO-KRDU,,,,,,,,,,,55,D,FM15,413,ICAO-KRDU,23.2,D,FM94_1,412,WMO-72306,,,,,,,,,,,,,,,,,,,,,,,,,16.09,FM15,413,ICAO-KRDU,1018.6,FM15,413,ICAO-KRDU,0.3,6,FM15,413,ICAO-KRDU,06;;,FM94_1,412,WMO-72306,,,,,7620,M;,FM15,413,ICAO-KRDU,,,,,,,,,,BKN:07;,FM15,413,ICAO-KRDU,,,,,,,,,,,,,7620,:,FM15,413,ICAO-KRDU,,,,,,,,,,,,,,,,,,,,KRDU 101451Z 23012KT 10SM BKN250 30/20 A3008 RMK AO2 SLP181 T03000200 56003,FM15,413,ICAO-KRDU
USW00013722,RALEIGH AP,2026-09-10T15:51:00,2026-09-10 11:51,2026,09,10,15,51,35.8922,-78.7819,120.4,31.7,FM15,413,ICAO-KRDU,19.4,FM15,413,ICAO-KRDU,,,,,1017.6,FM15,413,ICAO-KRDU,250,FM15,413,ICAO-KRDU,5.1,FM15,413,ICAO-KRDU,,,,,,,,,,,48,D,FM15,413,ICAO-KRDU,,,,,,,,,,,,,,,,,,,,,,,,,,,,,,16.09,FM15,413,ICAO-KRDU,1018.3,FM15,413,ICAO-KRDU,,,,,,,,,,,,,,7620,M;,FM15,413,ICAO-KRDU,,,,,,,,,,BKN:07;,FM15,413,ICAO-KRDU,,,,,,,,,,,,,7620,:,FM15,413,ICAO-KRDU,,,,,,,,,,,,,,,,,,,,KRDU 101551Z 25010KT 10SM BKN250 32/19 A3007 RMK AO2 SLP176 T03170194,FM15,413,ICAO-KRDU
USW00013722,RALEIGH AP,2026-09-10T16:51:00,2026-09-10 12:51,2026,09,10,16,51,35.8922,-78.7819,120.4,33.9,FM15,413,ICAO-KRDU,18.9,FM15,413,ICAO-KRDU,,,,,1016.8,FM15,413,ICAO-KRDU,220,FM15,413,ICAO-KRDU,5.1,FM15,413,ICAO-KRDU,10.3,FM15,413,ICAO-KRDU,,,,,,,41,D,FM15,413,ICAO-KRDU,,,,,,,,,,,,,,,,,,,,,,,,,,,,,,16.09,FM15,413,ICAO-KRDU,1017.3,FM15,413,ICAO-KRDU,,,,,,,,,,,,,,7620,M;,FM15,413,ICAO-KRDU,,,,,,,,,,FEW:02;,FM15,413,ICAO-KRDU,BKN:07;,FM15,413,ICAO-KRDU,,,,,,,,,1676,:,FM15,413,ICAO-KRDU,7620,:,FM15,413,ICAO-KRDU,,,,,,,,,,,,,,,KRDU 101651Z 22010G20KT 10SM FEW055 BKN250 34/19 A3004 RMK AO2 SLP168 T03390189,FM15,413,ICAO-KRDU
USW00013722,RALEIGH AP,2026-09-10T17:51:00,2026-09-10 13:51,2026,09,10,17,51,35.8922,-78.7819,120.4,34.4,FM15,413,ICAO-KRDU,17.8,FM15,413,ICAO-KRDU,1001.0,FM94_1,412,WMO-72306,1015.9,FM15,413,ICAO-KRDU,250,FM15,413,ICAO-KRDU,4.1,FM15,413,ICAO-KRDU,9.8,FM15,413,ICAO-KRDU,0.0,,,FM94_1,412,WMO-72306,37,D,FM15,413,ICAO-KRDU,23.2,D,FM94_1,412,WMO-72306,,,,,,,,,,,,,,,,,,,,,,,,,16.09,FM15,413,ICAO-KRDU,1016.6,FM15,413,ICAO-KRDU,2.1,8,FM15,413,ICAO-KRDU,06;;,FM94_1,412,WMO-72306,1500,FM94_1,412,WMO-72306,7620,M;,FM15,413,ICAO-KRDU,,,,,1500,:,FM94_1,412,WMO-72306,FEW:02;,FM15,413,ICAO-KRDU,BKN:07;,FM15,413,ICAO-KRDU,,,,,,,,,1676,:,FM15,413,ICAO-KRDU,7620,:,FM15,413,ICAO-KRDU,,,,,,,,,,,,,,,KRDU 101751Z 25008G19KT 10SM FEW055 BKN250 34/18 A3002 RMK AO2 SLP159 T03440178 10344 20228 58021,FM15,413,ICAO-KRDU
USW00013722,RALEIGH AP,2026-09-10T18:51:00,2026-09-10 14:51,2026,09,10,18,51,35.8922,-78.7819,120.4,35.6,FM15,413,ICAO-KRDU,16.7,FM15,413,ICAO-KRDU,,,,,1015.1,FM15,413,ICAO-KRDU,250,FM15,413,ICAO-KRDU,4.6,FM15,413,ICAO-KRDU,10.8,FM15,413,ICAO-KRDU,,,,,,,33,D,FM15,413,ICAO-KRDU,,,,,,,,,,,,,,,,,,,,,,,,,,,,,,16.09,FM15,413,ICAO-KRDU,1015.6,FM15,413,ICAO-KRDU,,,,,,,,,,,,,,,,,,,,,,,,,,,,FEW:02;,FM15,413,ICAO-KRDU,SCT:04;,FM15,413,ICAO-KRDU,,,,,,,,,1829,:,FM15,413,ICAO-KRDU,7620,:,FM15,413,ICAO-KRDU,,,,,,,,,,,,,,,KRDU 101851Z 25009G21KT 10SM FEW060 SCT250 36/17 A2999 RMK AO2 SLP151 T03560167,FM15,413,ICAO-KRDU
USW00013722,RALEIGH AP,2026-09-10T19:51:00,2026-09-10 15:51,2026,09,10,19,51,35.8922,-78.7819,120.4,34.4,FM15,413,ICAO-KRDU,16.1,FM15,413,ICAO-KRDU,,,,,1014.2,FM15,413,ICAO-KRDU,250,FM15,413,ICAO-KRDU,5.1,FM15,413,ICAO-KRDU,8.7,FM15,413,ICAO-KRDU,,,,,,,34,D,FM15,413,ICAO-KRDU,,,,,,,,,,,,,,,,,,,,,,,,,,,,,,16.09,FM15,413,ICAO-KRDU,1014.9,FM15,413,ICAO-KRDU,,,,,,,,,,,,,,,,,,,,,,,,,,,,FEW:02;,FM15,413,ICAO-KRDU,SCT:04;,FM15,413,ICAO-KRDU,,,,,,,,,1829,:,FM15,413,ICAO-KRDU,7620,:,FM15,413,ICAO-KRDU,,,,,,,,,,,,,,,KRDU 101951Z 25010G17KT 10SM FEW060 SCT250 34/16 A2997 RMK AO2 SLP142 T03440161,FM15,413,ICAO-KRDU
USW00013722,RALEIGH AP,2026-09-10T20:51:00,2026-09-10 16:51,2026,09,10,20,51,35.8922,-78.7819,120.4,34.4,FM15,413,ICAO-KRDU,16.7,FM15,413,ICAO-KRDU,998.6,FM94_1,412,WMO-72306,1013.6,FM15,413,ICAO-KRDU,230,FM15,413,ICAO-KRDU,4.1,FM15,413,ICAO-KRDU,,,,,,,,,,,35,D,FM15,413,ICAO-KRDU,22.6,D,FM94_1,412,WMO-72306,,,,,,,,,,,,,,,,,,,,,,,,,16.09,FM15,413,ICAO-KRDU,1014.2,FM15,413,ICAO-KRDU,2.3,6,FM15,413,ICAO-KRDU,04;;,FM94_1,412,WMO-72306,1500,FM94_1,412,WMO-72306,,,,,,,,,,1500,:,FM94_1,412,WMO-72306,FEW:02;,FM15,413,ICAO-KRDU,SCT:04;,FM15,413,ICAO-KRDU,,,,,,,,,1829,:,FM15,413,ICAO-KRDU,7620,:,FM15,413,ICAO-KRDU,,,,,,,,,,,,,,,KRDU 102051Z 23008KT 10SM FEW060 SCT250 34/17 A2995 RMK AO2 SLP136 T03440167 56023,FM15,413,ICAO-KRDU
USW00013722,RALEIGH AP,2026-09-10T21:51:00,2026-09-10 17:51,2026,09,10,21,51,35.8922,-78.7819,120.4,33.9,FM15,413,ICAO-KRDU,18.3,FM15,413,ICAO-KRDU,,,,,1013.4,FM15,413,ICAO-KRDU,240,FM15,413,ICAO-KRDU,4.1,FM15,413,ICAO-KRDU,8.2,FM15,413,ICAO-KRDU,,,,,,,40,D,FM15,413,ICAO-KRDU,,,,,,,,,,,,,,,,,,,,,,,,,,,,,,16.09,FM15,413,ICAO-KRDU,1013.9,FM15,413,ICAO-KRDU,,,,,,,,,,,,,,,,,,,,,,,,,,,,FEW:02;,FM15,413,ICAO-KRDU,SCT:04;,FM15,413,ICAO-KRDU,,,,,,,,,1829,:,FM15,413,ICAO-KRDU,7620,:,FM15,413,ICAO-KRDU,,,,,,,,,,,,,,,KRDU 102151Z 24008G16KT 10SM FEW060 SCT250 34/18 A2994 RMK AO2 SLP134 T03390183,FM15,413,ICAO-KRDU
USW00013722,RALEIGH AP,2026-09-10T22:51:00,2026-09-10 18:51,2026,09,10,22,51,35.8922,-78.7819,120.4,32.2,FM15,413,ICAO-KRDU,17.8,FM15,413,ICAO-KRDU,,,,,1013.5,FM15,413,ICAO-KRDU,240,FM15,413,ICAO-KRDU,5.1,FM15,413,ICAO-KRDU,,,,,,,,,,,42,D,FM15,413,ICAO-KRDU,,,,,,,,,,,,,,,,,,,,,,,,,,,,,,16.09,FM15,413,ICAO-KRDU,1014.2,FM15,413,ICAO-KRDU,,,,,,,,,,,,,,,,,,,,,,,,,,,,FEW:02;,FM15,413,ICAO-KRDU,SCT:04;,FM15,413,ICAO-KRDU,,,,,,,,,1829,:,FM15,413,ICAO-KRDU,7620,:,FM15,413,ICAO-KRDU,,,,,,,,,,,,,,,KRDU 102251Z 24010KT 10SM FEW060 SCT250 32/18 A2995 RMK AO2 SLP135 T03220178,FM15,413,ICAO-KRDU
USW00013722,RALEIGH AP,2026-09-10T23:51:00,2026-09-10 19:51,2026,09,10,23,51,35.8922,-78.7819,120.4,30.0,FM15,413,ICAO-KRDU,18.9,FM15,413,ICAO-KRDU,998.6,FM94_1,412,WMO-72306,1013.6,FM15,413,ICAO-KRDU,220,FM15,413,ICAO-KRDU,4.1,FM15,413,ICAO-KRDU,,,,,0.0,,,FM94_1,412,WMO-72306,51,D,FM15,413,ICAO-KRDU,22.6,D,FM94_1,412,WMO-72306,,,,,,,,,,,,,,,,,,,,,,,,,16.09,FM15,413,ICAO-KRDU,1014.2,FM15,413,ICAO-KRDU,0.0,5,FM15,413,ICAO-KRDU,04;;,FM94_1,412,WMO-72306,1500,FM94_1,412,WMO-72306,,,,,,,,,,1500,:,FM94_1,412,WMO-72306,FEW:02;,FM15,413,ICAO-KRDU,SCT:04;,FM15,413,ICAO-KRDU,,,,,,,,,1829,:,FM15,413,ICAO-KRDU,7620,:,FM15,413,ICAO-KRDU,,,,,,,,,,,,,,,KRDU 102351Z 22008KT 10SM FEW060 SCT250 30/19 A2995 RMK AO2 SLP136 T03000189 10361 20300 55000,FM15,413,ICAO-KRDU
USW00013722,RALEIGH AP,2026-09-11T00:51:00,2026-09-10 20:51,2026,09,11,00,51,35.8922,-78.7819,120.4,29.4,FM15,413,ICAO-KRDU,20.0,FM15,413,ICAO-KRDU,,,,,1014.0,FM15,413,ICAO-KRDU,210,FM15,413,ICAO-KRDU,5.7,FM15,413,ICAO-KRDU,,,,,,,,,,,57,D,FM15,413,ICAO-KRDU,,,,,,,,,,,,,,,,,,,,,,,,,,,,,,16.09,FM15,413,ICAO-KRDU,1014.6,FM15,413,ICAO-KRDU,,,,,,,,,,,,,,7620,M;,FM15,413,ICAO-KRDU,,,,,,,,,,BKN:07;,FM15,413,ICAO-KRDU,,,,,,,,,,,,,7620,:,FM15,413,ICAO-KRDU,,,,,,,,,,,,,,,,,,,,KRDU 110051Z 21011KT 10SM BKN250 29/20 A2996 RMK AO2 SLP140 T02940200,FM15,413,ICAO-KRDU
USW00013722,RALEIGH AP,2026-09-11T01:51:00,2026-09-10 21:51,2026,09,11,01,51,35.8922,-78.7819,120.4,28.3,FM15,413,ICAO-KRDU,20.6,FM15,413,ICAO-KRDU,,,,,1014.7,FM15,413,ICAO-KRDU,210,FM15,413,ICAO-KRDU,5.7,FM15,413,ICAO-KRDU,,,,,,,,,,,63,D,FM15,413,ICAO-KRDU,,,,,,,,,,,,,,,,,,,,,,,,,,,,,,16.09,FM15,413,ICAO-KRDU,1015.2,FM15,413,ICAO-KRDU,,,,,,,,,,,,,,7620,M;,FM15,413,ICAO-KRDU,,,,,,,,,,BKN:07;,FM15,413,ICAO-KRDU,,,,,,,,,,,,,7620,:,FM15,413,ICAO-KRDU,,,,,,,,,,,,,,,,,,,,KRDU 110151Z 21011KT 10SM BKN250 28/21 A2998 RMK AO2 SLP147 T02830206,FM15,413,ICAO-KRDU
USW00013722,RALEIGH AP,2026-09-11T02:51:00,2026-09-10 22:51,2026,09,11,02,51,35.8922,-78.7819,120.4,27.2,FM15,413,ICAO-KRDU,21.7,FM15,413,ICAO-KRDU,1000.0,FM94_1,412,WMO-72306,1015.0,FM15,413,ICAO-KRDU,210,FM15,413,ICAO-KRDU,4.1,FM15,413,ICAO-KRDU,,,,,,,,,,,72,D,FM15,413,ICAO-KRDU,23.4,D,FM94_1,412,WMO-72306,,,,,,,,,,,,,,,,,,,,,,,,,16.09,FM15,413,ICAO-KRDU,1015.6,FM15,413,ICAO-KRDU,1.5,2,FM15,413,ICAO-KRDU,04;;,FM94_1,412,WMO-72306,5000,FM94_1,412,WMO-72306,,,,,,,,,,5000,:,FM94_1,412,WMO-72306,SCT:04;,FM15,413,ICAO-KRDU,,,,,,,,,,,,,7620,:,FM15,413,ICAO-KRDU,,,,,,,,,,,,,,,,,,,,KRDU 110251Z 21008KT 10SM SCT250 27/22 A2999 RMK AO2 SLP150 T02720217 52015,FM15,413,ICAO-KRDU
USW00013722,RALEIGH AP,2026-09-11T03:51:00,2026-09-10 23:51,2026,09,11,03,51,35.8922,-78.7819,120.4,26.7,FM15,413,ICAO-KRDU,22.2,FM15,413,ICAO-KRDU,,,,,1014.8,FM15,413,ICAO-KRDU,210,FM15,413,ICAO-KRDU,5.1,FM15,413,ICAO-KRDU,,,,,,,,,,,76,D,FM15,413,ICAO-KRDU,,,,,,,,,,,,,,,,,,,,,,,,,,,,,,16.09,FM15,413,ICAO-KRDU,1015.6,FM15,413,ICAO-KRDU,,,,,,,,,,,,,,,,,,,,,,,,,,,,FEW:02;,FM15,413,ICAO-KRDU,,,,,,,,,,,,,7620,:,FM15,413,ICAO-KRDU,,,,,,,,,,,,,,,,,,,,KRDU 110351Z 21010KT 10SM FEW250 27/22 A2999 RMK AO2 SLP148 T02670222,FM15,413,ICAO-KRDU
USW00013722,RALEIGH AP,2026-09-11T04:51:00,2026-09-11 00:51,2026,09,11,04,51,35.8922,-78.7819,120.4,26.1,FM15,413,ICAO-KRDU,22.2,FM15,413,ICAO-KRDU,,,,,1015.1,FM15,413,ICAO-KRDU,220,FM15,413,ICAO-KRDU,5.1,FM15,413,ICAO-KRDU,,,,,,,,,,,79,D,FM15,413,ICAO-KRDU,,,,,,,,,,,,,,,,,,,,,,,,,,,,,,16.09,FM15,413,ICAO-KRDU,1015.6,FM15,413,ICAO-KRDU,,,,,,,,,,,,,,,,,,,,,,,,,,,,FEW:02;,FM15,413,ICAO-KRDU,,,,,,,,,,,,,7620,:,FM15,413,ICAO-KRDU,,,,,,,,,,,,,,,,,,,,KRDU 110451Z 22010KT 10SM FEW250 26/22 A2999 RMK AO2 SLP151 T02610222 403610217,FM15,413,ICAO-KRDU
USW00013722,RALEIGH AP,2026-09-11T05:51:00,2026-09-11 01:51,2026,09,11,05,51,35.8922,-78.7819,120.4,25.0,FM15,413,ICAO-KRDU,22.2,FM15,413,ICAO-KRDU,999.6,FM94_1,412,WMO-72306,1014.7,FM15,413,ICAO-KRDU,230,FM15,413,ICAO-KRDU,3.6,FM15,413,ICAO-KRDU,,,,,0.0,,,FM94_1,412,WMO-72306,84,D,FM15,413,ICAO-KRDU,23.1,D,FM94_1,412,WMO-72306,,,,,,,,,,,,,,,,,,,,,,,,,16.09,FM15,413,ICAO-KRDU,1015.2,FM15,413,ICAO-KRDU,0.3,8,FM15,413,ICAO-KRDU,02;;,FM94_1,412,WMO-72306,5000,FM94_1,412,WMO-72306,,,,,,,,,,5000,:,FM94_1,412,WMO-72306,FEW:02;,FM15,413,ICAO-KRDU,,,,,,,,,,,,,7620,:,FM15,413,ICAO-KRDU,,,,,,,,,,,,,,,,,,,,KRDU 110551Z 23007KT 10SM FEW250 25/22 A2998 RMK AO2 SLP147 T02500222 10300 20250 58003 $,FM15,413,ICAO-KRDU
USW00013722,RALEIGH AP,2026-09-11T06:51:00,2026-09-11 02:51,2026,09,11,06,51,35.8922,-78.7819,120.4,25.0,FM15,413,ICAO-KRDU,22.2,FM15,413,ICAO-KRDU,,,,,1014.2,FM15,413,ICAO-KRDU,230,FM15,413,ICAO-KRDU,2.6,FM15,413,ICAO-KRDU,,,,,,,,,,,84,D,FM15,413,ICAO-KRDU,,,,,,,,,,,,,,,,,,,,,,,,,,,,,,16.09,FM15,413,ICAO-KRDU,1014.9,FM15,413,ICAO-KRDU,,,,,,,,,,,,,,7620,M;,FM15,413,ICAO-KRDU,,,,,,,,,,BKN:07;,FM15,413,ICAO-KRDU,,,,,,,,,,,,,7620,:,FM15,413,ICAO-KRDU,,,,,,,,,,,,,,,,,,,,KRDU 110651Z 23005KT 10SM BKN250 25/22 A2997 RMK AO2 SLP142 T02500222 $,FM15,413,ICAO-KRDU
USW00013722,RALEIGH AP,2026-09-11T07:51:00,2026-09-11 03:51,2026,09,11,07,51,35.8922,-78.7819,120.4,24.4,FM15,413,ICAO-KRDU,22.8,FM15,413,ICAO-KRDU,,,,,1014.3,FM15,413,ICAO-KRDU,220,FM15,413,ICAO-KRDU,3.1,FM15,413,ICAO-KRDU,,,,,,,,,,,91,D,FM15,413,ICAO-KRDU,,,,,,,,,,,,,,,,,,,,,,,,,,,,,,16.09,FM15,413,ICAO-KRDU,1014.9,FM15,413,ICAO-KRDU,,,,,,,,,,,,,,7620,M;,FM15,413,ICAO-KRDU,,,,,,,,,,BKN:07;,FM15,413,ICAO-KRDU,,,,,,,,,,,,,7620,:,FM15,413,ICAO-KRDU,,,,,,,,,,,,,,,,,,,,KRDU 110751Z 22006KT 10SM BKN250 24/23 A2997 RMK AO2 SLP143 T02440228 $,FM15,413,ICAO-KRDU
USW00013722,RALEIGH AP,2026-09-11T08:51:00,2026-09-11 04:51,2026,09,11,08,51,35.8922,-78.7819,120.4,23.9,FM15,413,ICAO-KRDU,22.8,FM15,413,ICAO-KRDU,999.3,FM94_1,412,WMO-72306,1014.3,FM15,413,ICAO-KRDU,230,FM15,413,ICAO-KRDU,2.1,FM15,413,ICAO-KRDU,,,,,,,,,,,94,D,FM15,413,ICAO-KRDU,23.1,D,FM94_1,412,WMO-72306,,,,,,,,,,,,,,,,,,,,,,,,,16.09,FM15,413,ICAO-KRDU,1014.9,FM15,413,ICAO-KRDU,0.4,6,FM15,413,ICAO-KRDU,06;;,FM94_1,412,WMO-72306,200,FM94_1,412,WMO-72306,7620,M;,FM15,413,ICAO-KRDU,,,,,200,:,FM94_1,412,WMO-72306,BKN:07;,FM15,413,ICAO-KRDU,,,,,,,,,,,,,7620,:,FM15,413,ICAO-KRDU,,,,,,,,,,,,,,,,,,,,KRDU 110851Z 23004KT 10SM BKN250 24/23 A2997 RMK AO2 SLP143 T02390228 56004 $,FM15,413,ICAO-KRDU
USW00013722,RALEIGH AP,2026-09-11T09:51:00,2026-09-11 05:51,2026,09,11,09,51,35.8922,-78.7819,120.4,23.3,FM15,413,ICAO-KRDU,22.2,FM15,413,ICAO-KRDU,,,,,1014.5,FM15,413,ICAO-KRDU,220,FM15,413,ICAO-KRDU,2.6,FM15,413,ICAO-KRDU,,,,,,,,,,,94,D,FM15,413,ICAO-KRDU,,,,,,,,,,,,,,,,,,,,,,,,,,,,,,16.09,FM15,413,ICAO-KRDU,1015.2,FM15,413,ICAO-KRDU,,,,,,,,,,,,,,7620,M;,FM15,413,ICAO-KRDU,,,,,,,,,,BKN:07;,FM15,413,ICAO-KRDU,,,,,,,,,,,,,7620,:,FM15,413,ICAO-KRDU,,,,,,,,,,,,,,,,,,,,KRDU 110951Z 22005KT 10SM BKN250 23/22 A2998 RMK AO2 SLP145 T02330222 $,FM15,413,ICAO-KRDU
USW00013722,RALEIGH AP,2026-09-11T10:51:00,2026-09-11 06:51,2026,09,11,10,51,35.8922,-78.7819,120.4,23.3,FM15,413,ICAO-KRDU,22.2,FM15,413,ICAO-KRDU,,,,,1014.7,FM15,413,ICAO-KRDU,240,FM15,413,ICAO-KRDU,2.6,FM15,413,ICAO-KRDU,,,,,,,,,,,94,D,FM15,413,ICAO-KRDU,,,,,,,,,,,,,,,,,,,,,,,,,,,,,,16.09,FM15,413,ICAO-KRDU,1015.2,FM15,413,ICAO-KRDU,,,,,,,,,,,,,,7620,M;,FM15,413,ICAO-KRDU,,,,,,,,,,FEW:02;,FM15,413,ICAO-KRDU,BKN:07;,FM15,413,ICAO-KRDU,,,,,,,,,2286,:,FM15,413,ICAO-KRDU,7620,:,FM15,413,ICAO-KRDU,,,,,,,,,,,,,,,KRDU 111051Z 24005KT 10SM FEW075 BKN250 23/22 A2998 RMK AO2 SLP147 T02330222 $,FM15,413,ICAO-KRDU
USW00013722,RALEIGH AP,2026-09-11T11:51:00,2026-09-11 07:51,2026,09,11,11,51,35.8922,-78.7819,120.4,24.4,FM15,413,ICAO-KRDU,22.8,FM15,413,ICAO-KRDU,1000.0,FM94_1,412,WMO-72306,1015.1,FM15,413,ICAO-KRDU,240,FM15,413,ICAO-KRDU,2.6,FM15,413,ICAO-KRDU,,,,,0.0,,,FM94_1,412,WMO-72306,91,D,FM15,413,ICAO-KRDU,23.3,D,FM94_1,412,WMO-72306,,,,,,,,,,,,,,,,,,,,,,,,,16.09,FM15,413,ICAO-KRDU,1015.6,FM15,413,ICAO-KRDU,0.8,3,FM15,413,ICAO-KRDU,04;;,FM94_1,412,WMO-72306,2000,FM94_1,412,WMO-72306,,,,,,,,,,2000,:,FM94_1,412,WMO-72306,FEW:02;,FM15,413,ICAO-KRDU,SCT:04;,FM15,413,ICAO-KRDU,,,,,,,,,2286,:,FM15,413,ICAO-KRDU,7620,:,FM15,413,ICAO-KRDU,,,,,,,,,,,,,,,KRDU 111151Z 24005KT 10SM FEW075 SCT250 24/23 A2999 RMK AO2 SLP151 T02440228 10256 20233 53008 $,FM15,413,ICAO-KRDU
USW00013722,RALEIGH AP,2026-09-11T12:51:00,2026-09-11 08:51,2026,09,11,12,51,35.8922,-78.7819,120.4,26.7,FM15,413,ICAO-KRDU,22.8,FM15,413,ICAO-KRDU,,,,,1015.5,FM15,413,ICAO-KRDU,240,FM15,413,ICAO-KRDU,2.6,FM15,413,ICAO-KRDU,,,,,,,,,,,79,D,FM15,413,ICAO-KRDU,,,,,,,,,,,,,,,,,,,,,,,,,,,,,,16.09,FM15,413,ICAO-KRDU,1016.3,FM15,413,ICAO-KRDU,,,,,,,,,,,,,,,,,,,,,,,,,,,,FEW:02;,FM15,413,ICAO-KRDU,SCT:04;,FM15,413,ICAO-KRDU,SCT:04;,FM15,413,ICAO-KRDU,,,,,2438,:,FM15,413,ICAO-KRDU,3962,:,FM15,413,ICAO-KRDU,7620,:,FM15,413,ICAO-KRDU,,,,,,,,,,KRDU 111251Z 24005KT 10SM FEW080 SCT130 SCT250 27/23 A3001 RMK AO2 SLP155 T02670228 $,FM15,413,ICAO-KRDU
USW00013722,RALEIGH AP,2026-09-11T13:51:00,2026-09-11 09:51,2026,09,11,13,51,35.8922,-78.7819,120.4,28.9,FM15,413,ICAO-KRDU,21.7,FM15,413,ICAO-KRDU,,,,,1015.6,FM15,413,ICAO-KRDU,270,FM15,413,ICAO-KRDU,2.6,FM15,413,ICAO-KRDU,,,,,,,,,,,65,D,FM15,413,ICAO-KRDU,,,,,,,,,,,,,,,,,,,,,,,,,,,,,,16.09,FM15,413,ICAO-KRDU,1016.3,FM15,413,ICAO-KRDU,,,,,,,,,,,,,,,,,,,,,,,,,,,,FEW:02;,FM15,413,ICAO-KRDU,SCT:04;,FM15,413,ICAO-KRDU,,,,,,,,,3962,:,FM15,413,ICAO-KRDU,7620,:,FM15,413,ICAO-KRDU,,,,,,,,,,,,,,,KRDU 111351Z 27005KT 10SM FEW130 SCT250 29/22 A3001 RMK AO2 SLP156 T02890217 $,FM15,413,ICAO-KRDU
USW00013722,RALEIGH AP,2026-09-11T14:51:00,2026-09-11 10:51,2026,09,11,14,51,35.8922,-78.7819,120.4,31.1,FM15,413,ICAO-KRDU,21.7,FM15,413,ICAO-KRDU,,,,,1015.6,FM15,413,ICAO-KRDU,250,FM15,413,ICAO-KRDU,3.1,FM15,413,ICAO-KRDU,,,,,,,,,,,57,D,FM15,413,ICAO-KRDU,,,,,,,,,,,,,,,,,,,,,,,,,,,,,,16.09,FM15,413,ICAO-KRDU,1016.3,FM15,413,ICAO-KRDU,0.4,0,FM15,413,ICAO-KRDU,,,,,,,,,,,,,,,,,,,,,,,FEW:02;,FM15,413,ICAO-KRDU,FEW:02;,FM15,413,ICAO-KRDU,,,,,,,,,3962,:,FM15,413,ICAO-KRDU,7620,:,FM15,413,ICAO-KRDU,,,,,,,,,,,,,,,KRDU 111451Z 25006KT 10SM FEW130 FEW250 31/22 A3001 RMK AO2 SLP156 T03110217 50004,FM15,413,ICAO-KRDU
USW00013722,RALEIGH AP,2026-09-11T15:51:00,2026-09-11 11:51,2026,09,11,15,51,35.8922,-78.7819,120.4,32.8,FM15,413,ICAO-KRDU,20.0,FM15,413,ICAO-KRDU,,,,,1015.3,FM15,413,ICAO-KRDU,260,FM15,413,ICAO-KRDU,3.1,FM15,413,ICAO-KRDU,,,,,,,,,,,47,D,FM15,413,ICAO-KRDU,,,,,,,,,,,,,,,,,,,,,,,,,,,,,,16.09,FM15,413,ICAO-KRDU,1015.9,FM15,413,ICAO-KRDU,,,,,,,,,,,,,,,,,,,,,,,,,,,,FEW:02;,FM15,413,ICAO-KRDU,FEW:02;,FM15,413,ICAO-KRDU,FEW:02;,FM15,413,ICAO-KRDU,,,,,1524,:,FM15,413,ICAO-KRDU,2743,:,FM15,413,ICAO-KRDU,7620,:,FM15,413,ICAO-KRDU,,,,,,,,,,KRDU 111551Z 26006KT 10SM FEW050 FEW090 FEW250 33/20 A3000 RMK AO2 SLP153 T03280200 $,FM15,413,ICAO-KRDU
USW00013722,RALEIGH AP,2026-09-11T16:51:00,2026-09-11 12:51,2026,09,11,16,51,35.8922,-78.7819,120.4,33.3,FM15,413,ICAO-KRDU,20.6,FM15,413,ICAO-KRDU,,,,,1014.7,FM15,413,ICAO-KRDU,300,FM15,413,ICAO-KRDU,3.1,FM15,413,ICAO-KRDU,,,,,,,,,,,47,D,FM15,413,ICAO-KRDU,,,,,,,,,,,,,,,,,,,,,,,,,,,,,,16.09,FM15,413,ICAO-KRDU,1015.2,FM15,413,ICAO-KRDU,,,,,,,,,,,,,,,,,,,,,,,,,,,,SCT:04;,FM15,413,ICAO-KRDU,SCT:04;,FM15,413,ICAO-KRDU,SCT:04;,FM15,413,ICAO-KRDU,,,,,1676,:,FM15,413,ICAO-KRDU,2438,:,FM15,413,ICAO-KRDU,7620,:,FM15,413,ICAO-KRDU,,,,,,,,,,KRDU 111651Z 30006KT 10SM SCT055 SCT080 SCT250 33/21 A2998 RMK AO2 SLP147 T03330206 $,FM15,413,ICAO-KRDU
USW00013722,RALEIGH AP,2026-09-11T17:51:00,2026-09-11 13:51,2026,09,11,17,51,35.8922,-78.7819,120.4,34.4,FM15,413,ICAO-KRDU,20.0,FM15,413,ICAO-KRDU,999.0,FM94_1,412,WMO-72306,1014.0,FM15,413,ICAO-KRDU,310,FM15,413,ICAO-KRDU,2.6,FM15,413,ICAO-KRDU,,,,,0.0,,,FM94_1,412,WMO-72306,43,D,FM15,413,ICAO-KRDU,24.4,D,FM94_1,412,WMO-72306,,,,,,,,,,,,,,,,,,,,,,,,,16.09,FM15,413,ICAO-KRDU,1014.6,FM15,413,ICAO-KRDU,1.6,8,FM15,413,ICAO-KRDU,04;;,FM94_1,412,WMO-72306,1500,FM94_1,412,WMO-72306,,,,,,,,,,1500,:,FM94_1,412,WMO-72306,SCT:04;,FM15,413,ICAO-KRDU,SCT:04;,FM15,413,ICAO-KRDU,SCT:04;,FM15,413,ICAO-KRDU,,,,,1829,12:,FM15,413,ICAO-KRDU,2591,:,FM15,413,ICAO-KRDU,7620,:,FM15,413,ICAO-KRDU,,,,,,,,,,KRDU 111751Z 31005KT 10SM SCT060TCU SCT085 SCT250 34/20 A2996 RMK AO2 SLP140 TCU S-SW T03440200 10344 20244 58016 $,FM15,413,ICAO-KRDU
USW00013722,RALEIGH AP,2026-09-11T18:51:00,2026-09-11 14:51,2026,09,11,18,51,35.8922,-78.7819,120.4,35.0,FM15,413,ICAO-KRDU,16.7,FM15,413,ICAO-KRDU,,,,,1013.1,FM15,413,ICAO-KRDU,,,,,1.5,FM15,413,ICAO-KRDU,,,,,,,,,,,34,D,FM15,413,ICAO-KRDU,,,,,,,,,,,,,,,,,,,,,,,,,,,,,,16.09,FM15,413,ICAO-KRDU,1013.5,FM15,413,ICAO-KRDU,,,,,,,,,,,,,,,,,,,,,,,,,,,,SCT:04;,FM15,413,ICAO-KRDU,SCT:04;,FM15,413,ICAO-KRDU,,,,,,,,,2134,:,FM15,413,ICAO-KRDU,7620,:,FM15,413,ICAO-KRDU,,,,,,,,,,,,,,,KRDU 111851Z VRB03KT 10SM SCT070 SCT250 35/17 A2993 RMK AO2 SLP131 T03500167 $,FM15,413,ICAO-KRDU
USW00013722,RALEIGH AP,2026-09-11T19:51:00,2026-09-11 15:51,2026,09,11,19,51,35.8922,-78.7819,120.4,36.1,FM15,413,ICAO-KRDU,16.7,FM15,413,ICAO-KRDU,,,,,1011.8,FM15,413,ICAO-KRDU,,,,,1.5,FM15,413,ICAO-KRDU,,,,,,,,,,,32,D,FM15,413,ICAO-KRDU,,,,,,,,,,,,,,,,,,,,,,,,,,,,,,16.09,FM15,413,ICAO-KRDU,1012.5,FM15,413,ICAO-KRDU,,,,,,,,,,,,,,,,,,,,,,,,,,,,SCT:04;,FM15,413,ICAO-KRDU,SCT:04;,FM15,413,ICAO-KRDU,,,,,,,,,2134,:,FM15,413,ICAO-KRDU,7620,:,FM15,413,ICAO-KRDU,,,,,,,,,,,,,,,KRDU 111951Z VRB03KT 10SM SCT070 SCT250 36/17 A2990 RMK AO2 SLP118 CB DSNT NW-N T03610167 $,FM15,413,ICAO-KRDU
USW00013722,RALEIGH AP,2026-09-11T20:51:00,2026-09-11 16:51,2026,09,11,20,51,35.8922,-78.7819,120.4,34.4,FM15,413,ICAO-KRDU,16.7,FM15,413,ICAO-KRDU,997.0,FM94_1,412,WMO-72306,1011.9,FM15,413,ICAO-KRDU,230,FM15,413,ICAO-KRDU,2.6,FM15,413,ICAO-KRDU,,,,,,,,,,,35,D,FM15,413,ICAO-KRDU,22.6,D,FM94_1,412,WMO-72306,,,,,,,,,,,,,,,,,,,,,,,,,16.09,FM15,413,ICAO-KRDU,1012.5,FM15,413,ICAO-KRDU,2.0,6,FM15,413,ICAO-KRDU,06;;,FM94_1,412,WMO-72306,,,,,3658,M;,FM15,413,ICAO-KRDU,,,,,,,,,,SCT:04;,FM15,413,ICAO-KRDU,BKN:07;,FM15,413,ICAO-KRDU,BKN:07;,FM15,413,ICAO-KRDU,,,,,2134,:,FM15,413,ICAO-KRDU,3658,:,FM15,413,ICAO-KRDU,7620,:,FM15,413,ICAO-KRDU,,,,,,,,,,KRDU 112051Z 23005KT 10SM SCT070 BKN120 BKN250 34/17 A2990 RMK AO2 SLP119 CB DSNT NE AND SE-SW T03440167 56020 $,FM15,413,ICAO-KRDU
USW00013722,RALEIGH AP,2026-09-11T21:51:00,2026-09-11 17:51,2026,09,11,21,51,35.8922,-78.7819,120.4,32.8,FM15,413,ICAO-KRDU,19.4,FM15,413,ICAO-KRDU,,,,,1012.7,FM15,413,ICAO-KRDU,360,FM15,413,ICAO-KRDU,3.6,FM15,413,ICAO-KRDU,,,,,,,,,,,45,D,FM15,413,ICAO-KRDU,,,,,,,,,,,,,,,,,,,,,,,,,,,,,,16.09,FM15,413,ICAO-KRDU,1013.2,FM15,413,ICAO-KRDU,,,,,,,,,,,,,,3658,M;,FM15,413,ICAO-KRDU,,,,,,,,,,FEW:02;,FM15,413,ICAO-KRDU,BKN:07;,FM15,413,ICAO-KRDU,BKN:07;,FM15,413,ICAO-KRDU,,,,,2134,:,FM15,413,ICAO-KRDU,3658,:,FM15,413,ICAO-KRDU,7620,:,FM15,413,ICAO-KRDU,,,,,,,,,,KRDU 112151Z 36007KT 10SM FEW070 BKN120 BKN250 33/19 A2992 RMK AO2 SLP127 CB DSNT NE AND SE-SW T03280194 $,FM15,413,ICAO-KRDU
USW00013722,RALEIGH AP,2026-09-11T22:51:00,2026-09-11 18:51,2026,09,11,22,51,35.8922,-78.7819,120.4,31.1,FM15,413,ICAO-KRDU,20.0,FM15,413,ICAO-KRDU,,,,,1013.0,FM15,413,ICAO-KRDU,30,FM15,413,ICAO-KRDU,4.6,FM15,413,ICAO-KRDU,,,,,,,,,,,52,D,FM15,413,ICAO-KRDU,,,,,,,,,,,,,,,,,,,,,,,,,,,,,,16.09,FM15,413,ICAO-KRDU,1013.5,FM15,413,ICAO-KRDU,,,,,,,,,,,,,,3658,M;,FM15,413,ICAO-KRDU,,,,,,,,,,FEW:02;,FM15,413,ICAO-KRDU,BKN:07;,FM15,413,ICAO-KRDU,BKN:07;,FM15,413,ICAO-KRDU,,,,,1829,12:,FM15,413,ICAO-KRDU,3658,:,FM15,413,ICAO-KRDU,7620,:,FM15,413,ICAO-KRDU,,,,,,,,,,KRDU 112251Z 03009KT 10SM FEW060TCU BKN120 BKN250 31/20 A2993 RMK AO2 SLP130 CB DSNT NE AND SE TCU SW-W T03110200 $,FM15,413,ICAO-KRDU
USW00013722,RALEIGH AP,2026-09-11T23:51:00,2026-09-11 19:51,2026,09,11,23,51,35.8922,-78.7819,120.4,25.0,FM15,413,ICAO-KRDU,22.2,FM15,413,ICAO-KRDU,,,,,1014.1,FM15,413,ICAO-KRDU,150,FM15,413,ICAO-KRDU,4.1,FM15,413,ICAO-KRDU,,,,,7.4,,5,FM15,343,723060-13722,84,D,FM15,413,ICAO-KRDU,,,,,,RA:63,FM15,413,ICAO-KRDU,,,,,RA:02,FM15,413,ICAO-KRDU,BR:1,FM15,413,ICAO-KRDU,RA:62,FM15,413,ICAO-KRDU,BR:10,FM15,413,ICAO-KRDU,8.05,FM15,413,ICAO-KRDU,1014.6,FM15,413,ICAO-KRDU,2.1,3,FM15,413,ICAO-KRDU,,,,,,,,,3658,M;,FM15,413,ICAO-KRDU,,,,,,,,,,SCT:04;,FM15,413,ICAO-KRDU,BKN:07;,FM15,413,ICAO-KRDU,BKN:07;,FM15,413,ICAO-KRDU,,,,,1524,09:,FM15,413,ICAO-KRDU,3658,:,FM15,413,ICAO-KRDU,7620,:,FM15,413,ICAO-KRDU,,,,,,,,,,KRDU 112351Z 15008KT 5SM RA BR SCT050CB BKN120 BKN250 25/22 A2996 RMK AO2 RAB32 SLP141 CB OHD-S MOV SLWLY NE P0029 60029 T02500222 10367 20244 53021 $,FM15,413,ICAO-KRDU
USW00013722,RALEIGH AP,2026-09-12T00:51:00,2026-09-11 20:51,2026,09,12,00,51,35.8922,-78.7819,120.4,25.0,FM15,413,ICAO-KRDU,21.1,FM15,413,ICAO-KRDU,,,,,1014.1,FM15,413,ICAO-KRDU,150,FM15,413,ICAO-KRDU,3.1,FM15,413,ICAO-KRDU,,,,,1.5,,5,FM15,343,723060-13722,79,D,FM15,413,ICAO-KRDU,,,,,,,,,,,,,,,,,,,,,,,,,,,,,,16.09,FM15,413,ICAO-KRDU,1014.9,FM15,413,ICAO-KRDU,,,,,,,,,,,,,,3353,M;,FM15,413,ICAO-KRDU,,,,,,,,,,SCT:04;,FM15,413,ICAO-KRDU,BKN:07;,FM15,413,ICAO-KRDU,BKN:07;,FM15,413,ICAO-KRDU,,,,,1524,:,FM15,413,ICAO-KRDU,3353,:,FM15,413,ICAO-KRDU,7620,:,FM15,413,ICAO-KRDU,,,,,,,,,,KRDU 120051Z 15006KT 10SM SCT050 BKN110 BKN250 25/21 A2997 RMK AO2 WSHFT 2352 RAE40 TSB00E45 SLP141 OCNL LTGIC DSNT E CB DSNT NE-E P0006 T02500211 $,FM15,413,ICAO-KRDU
USW00013722,RALEIGH AP,2026-09-12T01:51:00,2026-09-11 21:51,2026,09,12,01,51,35.8922,-78.7819,120.4,23.3,FM15,413,ICAO-KRDU,22.8,FM15,413,ICAO-KRDU,,,,,1015.1,FM15,413,ICAO-KRDU,50,FM15,413,ICAO-KRDU,2.6,FM15,413,ICAO-KRDU,,,,,,,,,,,97,D,FM15,413,ICAO-KRDU,,,,,,,,,,,,,,,,,,,,,,,,,,,,,,16.09,FM15,413,ICAO-KRDU,1015.6,FM15,413,ICAO-KRDU,,,,,,,,,,,,,,7620,M;,FM15,413,ICAO-KRDU,,,,,,,,,,FEW:02;,FM15,413,ICAO-KRDU,SCT:04;,FM15,413,ICAO-KRDU,BKN:07;,FM15,413,ICAO-KRDU,,,,,1524,:,FM15,413,ICAO-KRDU,3353,:,FM15,413,ICAO-KRDU,7620,:,FM15,413,ICAO-KRDU,,,,,,,,,,KRDU 120151Z 05005KT 10SM FEW050 SCT110 BKN250 23/23 A2999 RMK AO2 SLP151 T02330228 $,FM15,413,ICAO-KRDU
USW00013722,RALEIGH AP,2026-09-12T02:51:00,2026-09-11 22:51,2026,09,12,02,51,35.8922,-78.7819,120.4,24.4,FM15,413,ICAO-KRDU,22.8,FM15,413,ICAO-KRDU,,,,,1015.4,FM15,413,ICAO-KRDU,110,FM15,413,ICAO-KRDU,3.1,FM15,413,ICAO-KRDU,,,,,,,,,,,91,D,FM15,413,ICAO-KRDU,,,,,,,,,,,,,,,,,,,,,,,,,,,,,,16.09,FM15,413,ICAO-KRDU,1015.9,FM15,413,ICAO-KRDU,1.3,3,FM15,413,ICAO-KRDU,,,,,,,,,7620,M;,FM15,413,ICAO-KRDU,,,,,,,,,,FEW:02;,FM15,413,ICAO-KRDU,SCT:04;,FM15,413,ICAO-KRDU,BKN:07;,FM15,413,ICAO-KRDU,,,,,1524,12:,FM15,413,ICAO-KRDU,3353,:,FM15,413,ICAO-KRDU,7620,:,FM15,413,ICAO-KRDU,,,,,,,,,,KRDU 120251Z 11006KT 10SM FEW050TCU SCT110 BKN250 24/23 A3000 RMK AO2 SLP154 TCU SW 60006 T02440228 53013 $,FM15,413,ICAO-KRDU
USW00013722,RALEIGH AP,2026-09-12T03:51:00,2026-09-11 23:51,2026,09,12,03,51,35.8922,-78.7819,120.4,23.9,FM15,413,ICAO-KRDU,23.3,FM15,413,ICAO-KRDU,,,,,1016.0,FM15,413,ICAO-KRDU,0,FM15,413,ICAO-KRDU,0.0,FM15,413,ICAO-KRDU,,,,,,,,,,,96,D,FM15,413,ICAO-KRDU,,,,,,,,,,,,,,,,,,,,,,,,,,,,,,16.09,FM15,413,ICAO-KRDU,1016.6,FM15,413,ICAO-KRDU,,,,,,,,,,,,,,,,,,,,,,,,,,,,SCT:04;,FM15,413,ICAO-KRDU,SCT:04;,FM15,413,ICAO-KRDU,,,,,,,,,1829,:,FM15,413,ICAO-KRDU,7620,:,FM15,413,ICAO-KRDU,,,,,,,,,,,,,,,KRDU 120351Z 00000KT 10SM SCT060 SCT250 24/23 A3002 RMK AO2 SLP160 T02390233 $,FM15,413,ICAO-KRDU
USW00013722,RALEIGH AP,2026-09-12T04:51:00,2026-09-12 00:51,2026,09,12,04,51,35.8922,-78.7819,120.4,23.9,FM15,413,ICAO-KRDU,22.8,FM15,413,ICAO-KRDU,,,,,1016.0,FM15,413,ICAO-KRDU,120,FM15,413,ICAO-KRDU,2.6,FM15,413,ICAO-KRDU,,,,,,,,,,,94,D,FM15,413,ICAO-KRDU,,,,,,,,,,,,,,,,,,,,,,,,,,,,,,12.87,FM15,413,ICAO-KRDU,1016.6,FM15,413,ICAO-KRDU,,,,,,,,,,,,,,,,,,,,,,,,,,,,FEW:02;,FM15,413,ICAO-KRDU,SCT:04;,FM15,413,ICAO-KRDU,,,,,,,,,1829,:,FM15,413,ICAO-KRDU,7620,:,FM15,413,ICAO-KRDU,,,,,,,,,,,,,,,KRDU 120451Z 12005KT 8SM FEW060 SCT250 24/23 A3002 RMK AO2 SLP160 T02390228 403670233 $,FM15,413,ICAO-KRDU
USW00013722,RALEIGH AP,2026-09-12T05:51:00,2026-09-12 01:51,2026,09,12,05,51,35.8922,-78.7819,120.4,23.9,FM15,413,ICAO-KRDU,22.8,FM15,413,ICAO-KRDU,1000.3,FM94_1,412,WMO-72306,1015.3,FM15,413,ICAO-KRDU,0,FM15,413,ICAO-KRDU,0.0,FM15,413,ICAO-KRDU,,,,,2.0,,,FM94_1,412,WMO-72306,94,D,FM15,413,ICAO-KRDU,23.1,D,FM94_1,412,WMO-72306,,,,,,,,,,,,,,,,,,,,,,,,,16.09,FM15,413,ICAO-KRDU,1015.9,FM15,413,ICAO-KRDU,0.1,8,FM15,413,ICAO-KRDU,04;;,FM94_1,412,WMO-72306,5000,FM94_1,412,WMO-72306,,,,,,,,,,5000,:,FM94_1,412,WMO-72306,SCT:04;,FM15,413,ICAO-KRDU,,,,,,,,,,,,,7620,:,FM15,413,ICAO-KRDU,,,,,,,,,,,,,,,,,,,,KRDU 120551Z 00000KT 10SM SCT250 24/23 A3000 RMK AO2 SLP153 60006 T02390228 10256 20233 58001 $,FM15,413,ICAO-KRDU
USW00013722,RALEIGH AP,2026-09-12T06:51:00,2026-09-12 02:51,2026,09,12,06,51,35.8922,-78.7819,120.4,23.3,FM15,413,ICAO-KRDU,22.8,FM15,413,ICAO-KRDU,,,,,1014.8,FM15,413,ICAO-KRDU,0,FM15,413,ICAO-KRDU,0.0,FM15,413,ICAO-KRDU,,,,,,,,,,,97,D,FM15,413,ICAO-KRDU,,,,,,,,,,,,,,,,,,,,,,,,,,,,,,12.87,FM15,413,ICAO-KRDU,1015.2,FM15,413,ICAO-KRDU,,,,,,,,,,,,,,7620,M;,FM15,413,ICAO-KRDU,,,,,,,,,,BKN:07;,FM15,413,ICAO-KRDU,,,,,,,,,,,,,7620,:,FM15,413,ICAO-KRDU,,,,,,,,,,,,,,,,,,,,KRDU 120651Z 00000KT 8SM BKN250 23/23 A2998 RMK AO2 SLP148 T02330228 $,FM15,413,ICAO-KRDU
USW00013722,RALEIGH AP,2026-09-12T07:51:00,2026-09-12 03:51,2026,09,12,07,51,35.8922,-78.7819,120.4,23.3,FM15,413,ICAO-KRDU,22.2,FM15,413,ICAO-KRDU,,,,,1014.4,FM15,413,ICAO-KRDU,10,FM15,413,ICAO-KRDU,2.1,FM15,413,ICAO-KRDU,,,,,,,,,,,94,D,FM15,413,ICAO-KRDU,,,,,,,,,,,,,,,,,,,,,,,,,,,,,,11.27,FM15,413,ICAO-KRDU,1014.9,FM15,413,ICAO-KRDU,,,,,,,,,,,,,,,,,,,,,,,,,,,,SCT:04;,FM15,413,ICAO-KRDU,,,,,,,,,,,,,7620,:,FM15,413,ICAO-KRDU,,,,,,,,,,,,,,,,,,,,KRDU 120751Z 01004KT 7SM SCT250 23/22 A2997 RMK AO2 SLP144 T02330222 $,FM15,413,ICAO-KRDU
USW00013722,RALEIGH AP,2026-09-12T08:51:00,2026-09-12 04:51,2026,09,12,08,51,35.8922,-78.7819,120.4,23.3,FM15,413,ICAO-KRDU,22.2,FM15,413,ICAO-KRDU,1000.0,FM94_1,412,WMO-72306,1014.8,FM15,413,ICAO-KRDU,0,FM15,413,ICAO-KRDU,0.0,FM15,413,ICAO-KRDU,,,,,,,,,,,94,D,FM15,413,ICAO-KRDU,22.6,D,FM94_1,412,WMO-72306,,,,,,,,,,,,,,,,,,,,,,,,,11.27,FM15,413,ICAO-KRDU,1015.6,FM15,413,ICAO-KRDU,0.5,5,FM15,413,ICAO-KRDU,04;;,FM94_1,412,WMO-72306,200,FM94_1,412,WMO-72306,,,,,,,,,,200,:,FM94_1,412,WMO-72306,SCT:04;,FM15,413,ICAO-KRDU,SCT:04;,FM15,413,ICAO-KRDU,,,,,,,,,3353,:,FM15,413,ICAO-KRDU,7620,:,FM15,413,ICAO-KRDU,,,,,,,,,,,,,,,KRDU 120851Z 00000KT 7SM SCT110 SCT250 23/22 A2999 RMK AO2 SLP148 T02330222 55005 $,FM15,413,ICAO-KRDU
USW00013722,RALEIGH AP,2026-09-12T09:51:00,2026-09-12 05:51,2026,09,12,09,51,35.8922,-78.7819,120.4,23.3,FM15,413,ICAO-KRDU,22.8,FM15,413,ICAO-KRDU,,,,,1015.1,FM15,413,ICAO-KRDU,0,FM15,413,ICAO-KRDU,0.0,FM15,413,ICAO-KRDU,,,,,,,,,,,97,D,FM15,413,ICAO-KRDU,,,,,,,,,,,,,,,,,,,,,,,,,,,,,,11.27,FM15,413,ICAO-KRDU,1015.6,FM15,413,ICAO-KRDU,,,,,,,,,,,,,,3658,M;,FM15,413,ICAO-KRDU,,,,,,,,,,FEW:02;,FM15,413,ICAO-KRDU,SCT:04;,FM15,413,ICAO-KRDU,BKN:07;,FM15,413,ICAO-KRDU,,,,,122,:,FM15,413,ICAO-KRDU,396,:,FM15,413,ICAO-KRDU,3658,:,FM15,413,ICAO-KRDU,,,,,,,,,,KRDU 120951Z 00000KT 7SM FEW004 SCT013 BKN120 23/23 A2999 RMK AO2 SLP151 T02330228 $,FM15,413,ICAO-KRDU
USW00013722,RALEIGH AP,2026-09-12T10:51:00,2026-09-12 06:51,2026,09,12,10,51,35.8922,-78.7819,120.4,23.3,FM15,413,ICAO-KRDU,22.8,FM15,413,ICAO-KRDU,,,,,1015.9,FM15,413,ICAO-KRDU,0,FM15,413,ICAO-KRDU,0.0,FM15,413,ICAO-KRDU,,,,,,,,,,,97,D,FM15,413,ICAO-KRDU,,,,,,,,,,,,,,,,,,,,,,,,,,,,,,11.27,FM15,413,ICAO-KRDU,1016.6,FM15,413,ICAO-KRDU,,,,,,,,,,,,,,213,M;,FM15,413,ICAO-KRDU,,,,,,,,,,BKN:07;,FM15,413,ICAO-KRDU,OVC:08;,FM15,413,ICAO-KRDU,,,,,,,,,213,:,FM15,413,ICAO-KRDU,396,:,FM15,413,ICAO-KRDU,,,,,,,,,,,,,,,KRDU 121051Z 00000KT 7SM BKN007 OVC013 23/23 A3002 RMK AO2 SLP159 T02330228 $,FM15,413,ICAO-KRDU
USW00013722,RALEIGH AP,2026-09-12T11:51:00,2026-09-12 07:51,2026,09,12,11,51,35.8922,-78.7819,120.4,23.9,FM15,413,ICAO-KRDU,22.8,FM15,413,ICAO-KRDU,1001.7,FM94_1,412,WMO-72306,1016.7,FM15,413,ICAO-KRDU,40,FM15,413,ICAO-KRDU,1.5,FM15,413,ICAO-KRDU,,,,,0.0,,,FM94_1,412,WMO-72306,94,D,FM15,413,ICAO-KRDU,23.1,D,FM94_1,412,WMO-72306,BR:10,FM94_1,412,WMO-72306,,,,,BR:1,FM15,413,ICAO-KRDU,,,,,BR:10,FM15,413,ICAO-KRDU,,,,,8.05,FM15,413,ICAO-KRDU,1017.3,FM15,413,ICAO-KRDU,1.8,3,FM15,413,ICAO-KRDU,06;;,FM94_1,412,WMO-72306,200,FM94_1,412,WMO-72306,244,M;,FM15,413,ICAO-KRDU,,,,,200,:,FM94_1,412,WMO-72306,BKN:07;,FM15,413,ICAO-KRDU,BKN:07;,FM15,413,ICAO-KRDU,BKN:07;,FM15,413,ICAO-KRDU,,,,,244,:,FM15,413,ICAO-KRDU,396,:,FM15,413,ICAO-KRDU,2438,:,FM15,413,ICAO-KRDU,,,,,,8.9,FM94_1,412,WMO-72306,KRDU 121151Z 04003KT 5SM BR BKN008 BKN013 BKN080 24/23 A3004 RMK AO2 SLP167 70035 T02390228 10239 20228 53018 $,FM15,413,ICAO-KRDU
USW00013722,RALEIGH AP,2026-09-12T12:51:00,2026-09-12 08:51,2026,09,12,12,51,35.8922,-78.7819,120.4,25.0,FM15,413,ICAO-KRDU,22.8,FM15,413,ICAO-KRDU,,,,,1017.2,FM15,413,ICAO-KRDU,0,FM15,413,ICAO-KRDU,0.0,FM15,413,ICAO-KRDU,,,,,,,,,,,88,D,FM15,413,ICAO-KRDU,,,,,,,,,,,,,,,,,,,,,,,,,,,,,,12.87,FM15,413,ICAO-KRDU,1017.6,FM15,413,ICAO-KRDU,,,,,,,,,,,,,,457,M;,FM15,413,ICAO-KRDU,,,,,,,,,,SCT:04;,FM15,413,ICAO-KRDU,BKN:07;,FM15,413,ICAO-KRDU,BKN:07;,FM15,413,ICAO-KRDU,BKN:07;,FM15,413,ICAO-KRDU,244,:,FM15,413,ICAO-KRDU,457,:,FM15,413,ICAO-KRDU,2438,:,FM15,413,ICAO-KRDU,7620,:,FM15,413,ICAO-KRDU,,,,,KRDU 121251Z 00000KT 8SM SCT008 BKN015 BKN080 BKN250 25/23 A3005 RMK AO2 SLP172 SCT V BKN T02500228 $,FM15,413,ICAO-KRDU
USW00013722,RALEIGH AP,2026-09-12T13:51:00,2026-09-12 09:51,2026,09,12,13,51,35.8922,-78.7819,120.4,25.6,FM15,413,ICAO-KRDU,22.8,FM15,413,ICAO-KRDU,,,,,1017.0,FM15,413,ICAO-KRDU,0,FM15,413,ICAO-KRDU,0.0,FM15,413,ICAO-KRDU,,,,,,,,,,,85,D,FM15,413,ICAO-KRDU,,,,,,,,,,,,,,,,,,,,,,,,,,,,,,14.48,FM15,413,ICAO-KRDU,1017.6,FM15,413,ICAO-KRDU,,,,,,,,,,,,,,335,M;,FM15,413,ICAO-KRDU,,,,,,,,,,FEW:02;,FM15,413,ICAO-KRDU,BKN:07;,FM15,413,ICAO-KRDU,BKN:07;,FM15,413,ICAO-KRDU,BKN:07;,FM15,413,ICAO-KRDU,244,:,FM15,413,ICAO-KRDU,335,:,FM15,413,ICAO-KRDU,4572,:,FM15,413,ICAO-KRDU,7620,:,FM15,413,ICAO-KRDU,,,,,KRDU 121351Z 00000KT 9SM FEW008 BKN011 BKN150 BKN250 26/23 A3005 RMK AO2 SLP170 T02560228,FM15,413,ICAO-KRDU
USW00013722,RALEIGH AP,2026-09-12T14:51:00,2026-09-12 10:51,2026,09,12,14,51,35.8922,-78.7819,120.4,27.8,FM15,413,ICAO-KRDU,22.8,FM15,413,ICAO-KRDU,1002.0,FM94_1,412,WMO-72306,1016.9,FM15,413,ICAO-KRDU,,,,,1.5,FM15,413,ICAO-KRDU,,,,,,,,,,,74,D,FM15,413,ICAO-KRDU,24.3,D,FM94_1,412,WMO-72306,,,,,,,,,,,,,,,,,,,,,,,,,16.09,FM15,413,ICAO-KRDU,1017.6,FM15,413,ICAO-KRDU,0.3,1,FM15,413,ICAO-KRDU,06;;,FM94_1,412,WMO-72306,300,FM94_1,412,WMO-72306,518,M;,FM15,413,ICAO-KRDU,,,,,300,:,FM94_1,412,WMO-72306,BKN:07;,FM15,413,ICAO-KRDU,BKN:07;,FM15,413,ICAO-KRDU,BKN:07;,FM15,413,ICAO-KRDU,,,,,518,:,FM15,413,ICAO-KRDU,1981,:,FM15,413,ICAO-KRDU,4572,:,FM15,413,ICAO-KRDU,,,,,,,,,,KRDU 121451Z VRB03KT 10SM BKN017 BKN065 BKN150 28/23 A3005 RMK AO2 SLP169 T02780228 51003,FM15,413,ICAO-KRDU
USW00013722,RALEIGH AP,2026-09-12T15:51:00,2026-09-12 11:51,2026,09,12,15,51,35.8922,-78.7819,120.4,28.3,FM15,413,ICAO-KRDU,23.3,FM15,413,ICAO-KRDU,,,,,1016.7,FM15,413,ICAO-KRDU,,,,,1.5,FM15,413,ICAO-KRDU,,,,,,,,,,,74,D,FM15,413,ICAO-KRDU,,,,,,,,,,,,,,,,,,,,,,,,,,,,,,16.09,FM15,413,ICAO-KRDU,1017.3,FM15,413,ICAO-KRDU,,,,,,,,,,,,,,640,M;,FM15,413,ICAO-KRDU,,,,,,,,,,FEW:02;,FM15,413,ICAO-KRDU,BKN:07;,FM15,413,ICAO-KRDU,BKN:07;,FM15,413,ICAO-KRDU,BKN:07;,FM15,413,ICAO-KRDU,518,:,FM15,413,ICAO-KRDU,640,:,FM15,413,ICAO-KRDU,2134,:,FM15,413,ICAO-KRDU,4572,:,FM15,413,ICAO-KRDU,,,,,KRDU 121551Z VRB03KT 10SM FEW017 BKN021 BKN070 BKN150 28/23 A3004 RMK AO2 SLP167 T02830233,FM15,413,ICAO-KRDU
USW00013722,RALEIGH AP,2026-09-12T16:51:00,2026-09-12 12:51,2026,09,12,16,51,35.8922,-78.7819,120.4,29.4,FM15,413,ICAO-KRDU,22.8,FM15,413,ICAO-KRDU,,,,,1016.4,FM15,413,ICAO-KRDU,0,FM15,413,ICAO-KRDU,0.0,FM15,413,ICAO-KRDU,,,,,,,,,,,68,D,FM15,413,ICAO-KRDU,,,,,,,,,,,,,,,,,,,,,,,,,,,,,,16.09,FM15,413,ICAO-KRDU,1016.9,FM15,413,ICAO-KRDU,,,,,,,,,,,,,,2438,M;,FM15,413,ICAO-KRDU,,,,,,,,,,SCT:04;,FM15,413,ICAO-KRDU,BKN:07;,FM15,413,ICAO-KRDU,BKN:07;,FM15,413,ICAO-KRDU,,,,,640,:,FM15,413,ICAO-KRDU,2438,:,FM15,413,ICAO-KRDU,6096,:,FM15,413,ICAO-KRDU,,,,,,,,,,KRDU 121651Z 00000KT 10SM SCT021 BKN080 BKN200 29/23 A3003 RMK AO2 SLP164 VC SH SE-S T02940228,FM15,413,ICAO-KRDU
USW00013722,RALEIGH AP,2026-09-12T17:51:00,2026-09-12 13:51,2026,09,12,17,51,35.8922,-78.7819,120.4,25.6,FM15,413,ICAO-KRDU,22.2,FM15,413,ICAO-KRDU,1001.3,FM94_1,412,WMO-72306,1016.3,FM15,413,ICAO-KRDU,120,FM15,413,ICAO-KRDU,3.6,FM15,413,ICAO-KRDU,,,,,0.8,,5,FM15,343,723060-13722,81,D,FM15,413,ICAO-KRDU,23.3,D,FM94_1,412,WMO-72306,RA:61,FM15,413,ICAO-KRDU,,,,,-RA:02,FM15,413,ICAO-KRDU,,,,,RA:61,FM15,413,ICAO-KRDU,,,,,16.09,FM15,413,ICAO-KRDU,1016.9,FM15,413,ICAO-KRDU,0.6,8,FM15,413,ICAO-KRDU,06;;,FM94_1,412,WMO-72306,600,FM94_1,412,WMO-72306,1158,M;,FM15,413,ICAO-KRDU,,,,,600,:,FM94_1,412,WMO-72306,SCT:04;,FM15,413,ICAO-KRDU,BKN:07;,FM15,413,ICAO-KRDU,BKN:07;,FM15,413,ICAO-KRDU,BKN:07;,FM15,413,ICAO-KRDU,1006,09:,FM15,413,ICAO-KRDU,1158,:,FM15,413,ICAO-KRDU,3353,:,FM15,413,ICAO-KRDU,4572,:,FM15,413,ICAO-KRDU,,,,,KRDU 121751Z 12007KT 10SM -RA SCT033CB BKN038 BKN110 BKN150 26/22 A3003 RMK AO2 RAB22 SLP163 CB NE-E AND SW TCU DSNT SW P0003 60003 T02560222 10300 20239 58006,FM15,413,ICAO-KRDU
USW00013722,RALEIGH AP,2026-09-12T18:51:00,2026-09-12 14:51,2026,09,12,18,51,35.8922,-78.7819,120.4,27.8,FM15,413,ICAO-KRDU,21.7,FM15,413,ICAO-KRDU,,,,,1015.3,FM15,413,ICAO-KRDU,0,FM15,413,ICAO-KRDU,0.0,FM15,413,ICAO-KRDU,,,,,0.0,T,4,FM15,343,723060-13722,69,D,FM15,413,ICAO-KRDU,,,,,,,,,,,,,,,,,,,,,,,,,,,,,,16.09,FM15,413,ICAO-KRDU,1015.9,FM15,413,ICAO-KRDU,,,,,,,,,,,,,,3658,M;,FM15,413,ICAO-KRDU,,,,,,,,,,SCT:04;,FM15,413,ICAO-KRDU,BKN:07;,FM15,413,ICAO-KRDU,,,,,,,,,1676,:,FM15,413,ICAO-KRDU,3658,:,FM15,413,ICAO-KRDU,,,,,,,,,,,,,,,KRDU 121851Z 00000KT 10SM SCT055 BKN120 28/22 A3000 RMK AO2 RAE06 TSB06E32 SLP153 VC SH S P0000 T02780217,FM15,413,ICAO-KRDU
USW00013722,RALEIGH AP,2026-09-12T19:51:00,2026-09-12 15:51,2026,09,12,19,51,35.8922,-78.7819,120.4,26.7,FM15,413,ICAO-KRDU,22.2,FM15,413,ICAO-KRDU,,,,,1014.5,FM15,413,ICAO-KRDU,300,FM15,413,ICAO-KRDU,2.1,FM15,413,ICAO-KRDU,,,,,,,,,,,76,D,FM15,413,ICAO-KRDU,,,,,,,,,,,,,,,,,,,,,,,,,,,,,,16.09,FM15,413,ICAO-KRDU,1014.9,FM15,413,ICAO-KRDU,,,,,,,,,,,,,,4572,M;,FM15,413,ICAO-KRDU,,,,,,,,,,FEW:02;,FM15,413,ICAO-KRDU,SCT:04;,FM15,413,ICAO-KRDU,SCT:04;,FM15,413,ICAO-KRDU,BKN:07;,FM15,413,ICAO-KRDU,1067,:,FM15,413,ICAO-KRDU,1463,:,FM15,413,ICAO-KRDU,3048,:,FM15,413,ICAO-KRDU,4572,:,FM15,413,ICAO-KRDU,,,,,KRDU 121951Z 30004KT 10SM FEW035 SCT048 SCT100 BKN150 27/22 A2997 RMK AO2 SLP145 VC SH SW-W-NW T02670222 $,FM15,413,ICAO-KRDU
USW00013722,RALEIGH AP,2026-09-12T20:51:00,2026-09-12 16:51,2026,09,12,20,51,35.8922,-78.7819,120.4,27.2,FM15,413,ICAO-KRDU,22.2,FM15,413,ICAO-KRDU,999.0,FM94_1,412,WMO-72306,1014.1,FM15,413,ICAO-KRDU,360,FM15,413,ICAO-KRDU,1.5,FM15,413,ICAO-KRDU,,,,,,,,,,,74,D,FM15,413,ICAO-KRDU,23.8,D,FM94_1,412,WMO-72306,,,,,,,,,,,,,,,,,,,,,,,,,16.09,FM15,413,ICAO-KRDU,1014.6,FM15,413,ICAO-KRDU,2.2,6,FM15,413,ICAO-KRDU,06;;,FM94_1,412,WMO-72306,300,FM94_1,412,WMO-72306,2134,M;,FM15,413,ICAO-KRDU,,,,,300,:,FM94_1,412,WMO-72306,SCT:04;,FM15,413,ICAO-KRDU,BKN:07;,FM15,413,ICAO-KRDU,BKN:07;,FM15,413,ICAO-KRDU,,,,,1524,:,FM15,413,ICAO-KRDU,2134,:,FM15,413,ICAO-KRDU,3048,:,FM15,413,ICAO-KRDU,,,,,,,,,,KRDU 122051Z 36003KT 10SM SCT050 BKN070 BKN100 27/22 A2996 RMK AO2 SLP141 VC SH S 60000 T02720222 56022 $,FM15,413,ICAO-KRDU
USW00013722,RALEIGH AP,2026-09-12T21:51:00,2026-09-12 17:51,2026,09,12,21,51,35.8922,-78.7819,120.4,26.1,FM15,413,ICAO-KRDU,23.9,FM15,413,ICAO-KRDU,,,,,1013.8,FM15,413,ICAO-KRDU,100,FM15,413,ICAO-KRDU,3.1,FM15,413,ICAO-KRDU,,,,,2.0,,5,FM15,343,723060-13722,88,D,FM15,413,ICAO-KRDU,,,,,,,,,,,,,,,,,,,,,,,,,,,,,,16.09,FM15,413,ICAO-KRDU,1014.2,FM15,413,ICAO-KRDU,,,,,,,,,,,,,,2896,M;,FM15,413,ICAO-KRDU,,,,,,,,,,FEW:02;,FM15,413,ICAO-KRDU,SCT:04;,FM15,413,ICAO-KRDU,BKN:07;,FM15,413,ICAO-KRDU,,,,,1524,:,FM15,413,ICAO-KRDU,1981,:,FM15,413,ICAO-KRDU,2896,:,FM15,413,ICAO-KRDU,,,,,,,,,,KRDU 122151Z 10006KT 10SM FEW050 SCT065 BKN095 26/24 A2995 RMK AO2 RAB2056E45 SLP138 P0008 T02610239 $,FM15,413,ICAO-KRDU
USW00013722,RALEIGH AP,2026-09-12T22:51:00,2026-09-12 18:51,2026,09,12,22,51,35.8922,-78.7819,120.4,25.6,FM15,413,ICAO-KRDU,23.9,FM15,413,ICAO-KRDU,,,,,1013.9,FM15,413,ICAO-KRDU,130,FM15,413,ICAO-KRDU,1.5,FM15,413,ICAO-KRDU,,,,,,,,,,,90,D,FM15,413,ICAO-KRDU,,,,,,,,,,,,,,,,,,,,,,,,,,,,,,16.09,FM15,413,ICAO-KRDU,1014.6,FM15,413,ICAO-KRDU,,,,,,,,,,,,,,2438,M;,FM15,413,ICAO-KRDU,,,,,,,,,,SCT:04;,FM15,413,ICAO-KRDU,BKN:07;,FM15,413,ICAO-KRDU,BKN:07;,FM15,413,ICAO-KRDU,,,,,1463,:,FM15,413,ICAO-KRDU,2438,:,FM15,413,ICAO-KRDU,3048,:,FM15,413,ICAO-KRDU,,,,,,,,,,KRDU 122251Z 13003KT 10SM SCT048 BKN080 BKN100 26/24 A2996 RMK AO2 SLP139 T02560239 $,FM15,413,ICAO-KRDU
USW00013722,RALEIGH AP,2026-09-12T23:51:00,2026-09-12 19:51,2026,09,12,23,51,35.8922,-78.7819,120.4,25.0,FM15,413,ICAO-KRDU,24.4,FM15,413,ICAO-KRDU,999.0,FM94_1,412,WMO-72306,1014.2,FM15,413,ICAO-KRDU,0,FM15,413,ICAO-KRDU,0.0,FM15,413,ICAO-KRDU,,,,,0.5,,5,FM15,343,723060-13722,96,D,FM15,413,ICAO-KRDU,24.6,D,FM94_1,412,WMO-72306,,,,,,,,,,,,,,,,,,,,,,,,,16.09,FM15,413,ICAO-KRDU,1014.6,FM15,413,ICAO-KRDU,0.1,3,FM15,413,ICAO-KRDU,06;;,FM94_1,412,WMO-72306,1000,FM94_1,412,WMO-72306,2286,M;,FM15,413,ICAO-KRDU,,,,,1000,:,FM94_1,412,WMO-72306,SCT:04;,FM15,413,ICAO-KRDU,BKN:07;,FM15,413,ICAO-KRDU,BKN:07;,FM15,413,ICAO-KRDU,,,,,1097,:,FM15,413,ICAO-KRDU,2286,:,FM15,413,ICAO-KRDU,3048,:,FM15,413,ICAO-KRDU,,,,,,,,,,KRDU 122351Z 00000KT 10SM SCT036 BKN075 BKN100 25/24 A2996 RMK AO2 RAB12E39 SLP142 P0002 60010 T02500244 10289 20250 53001 $,FM15,413,ICAO-KRDU
USW00013722,RALEIGH AP,2026-09-13T00:51:00,2026-09-12 20:51,2026,09,13,00,51,35.8922,-78.7819,120.4,25.0,FM15,413,ICAO-KRDU,23.9,FM15,413,ICAO-KRDU,,,,,1014.9,FM15,413,ICAO-KRDU,,,,,1.5,FM15,413,ICAO-KRDU,,,,,,,,,,,94,D,FM15,413,ICAO-KRDU,,,,,,,,,,,,,,,,,,,,,,,,,,,,,,16.09,FM15,413,ICAO-KRDU,1015.6,FM15,413,ICAO-KRDU,,,,,,,,,,,,,,5486,M;,FM15,413,ICAO-KRDU,,,,,,,,,,SCT:04;,FM15,413,ICAO-KRDU,BKN:07;,FM15,413,ICAO-KRDU,,,,,,,,,1097,:,FM15,413,ICAO-KRDU,5486,:,FM15,413,ICAO-KRDU,,,,,,,,,,,,,,,KRDU 130051Z VRB03KT 10SM SCT036 BKN180 25/24 A2999 RMK AO2 SLP149 T02500239 $,FM15,413,ICAO-KRDU
USW00013722,RALEIGH AP,2026-09-13T01:51:00,2026-09-12 21:51,2026,09,13,01,51,35.8922,-78.7819,120.4,24.4,FM15,413,ICAO-KRDU,23.3,FM15,413,ICAO-KRDU,,,,,1015.1,FM15,413,ICAO-KRDU,150,FM15,413,ICAO-KRDU,1.5,FM15,413,ICAO-KRDU,,,,,,,,,,,94,D,FM15,413,ICAO-KRDU,,,,,,,,,,,,,,,,,,,,,,,,,,,,,,16.09,FM15,413,ICAO-KRDU,1015.6,FM15,413,ICAO-KRDU,,,,,,,,,,,,,,5486,M;,FM15,413,ICAO-KRDU,,,,,,,,,,FEW:02;,FM15,413,ICAO-KRDU,BKN:07;,FM15,413,ICAO-KRDU,,,,,,,,,1219,:,FM15,413,ICAO-KRDU,5486,:,FM15,413,ICAO-KRDU,,,,,,,,,,,,,,,KRDU 130151Z 15003KT 10SM FEW040 BKN180 24/23 A2999 RMK AO2 SLP151 T02440233 $,FM15,413,ICAO-KRDU
USW00013722,RALEIGH AP,2026-09-13T02:51:00,2026-09-12 22:51,2026,09,13,02,51,35.8922,-78.7819,120.4,25.0,FM15,413,ICAO-KRDU,22.8,FM15,413,ICAO-KRDU,,,,,1014.8,FM15,413,ICAO-KRDU,0,FM15,413,ICAO-KRDU,0.0,FM15,413,ICAO-KRDU,,,,,,,,,,,88,D,FM15,413,ICAO-KRDU,,,,,,,,,,,,,,,,,,,,,,,,,,,,,,16.09,FM15,413,ICAO-KRDU,1015.6,FM15,413,ICAO-KRDU,0.7,0,FM15,413,ICAO-KRDU,,,,,,,,,5486,M;,FM15,413,ICAO-KRDU,,,,,,,,,,FEW:02;,FM15,413,ICAO-KRDU,SCT:04;,FM15,413,ICAO-KRDU,BKN:07;,FM15,413,ICAO-KRDU,,,,,1219,:,FM15,413,ICAO-KRDU,3048,:,FM15,413,ICAO-KRDU,5486,:,FM15,413,ICAO-KRDU,,,,,,,,,,KRDU 130251Z 00000KT 10SM FEW040 SCT100 BKN180 25/23 A2999 RMK AO2 SLP148 T02500228 50007 $,FM15,413,ICAO-KRDU
USW00013722,RALEIGH AP,2026-09-13T03:51:00,2026-09-12 23:51,2026,09,13,03,51,35.8922,-78.7819,120.4,25.0,FM15,413,ICAO-KRDU,22.8,FM15,413,ICAO-KRDU,,,,,1014.9,FM15,413,ICAO-KRDU,170,FM15,413,ICAO-KRDU,3.6,FM15,413,ICAO-KRDU,,,,,,,,,,,88,D,FM15,413,ICAO-KRDU,,,,,,,,,,,,,,,,,,,,,,,,,,,,,,16.09,FM15,413,ICAO-KRDU,1015.6,FM15,413,ICAO-KRDU,,,,,,,,,,,,,,7010,M;,FM15,413,ICAO-KRDU,,,,,,,,,,SCT:04;,FM15,413,ICAO-KRDU,BKN:07;,FM15,413,ICAO-KRDU,,,,,,,,,4877,:,FM15,413,ICAO-KRDU,7010,:,FM15,413,ICAO-KRDU,,,,,,,,,,,,,,,KRDU 130351Z 17007KT 10SM SCT160 BKN230 25/23 A2999 RMK AO2 SLP149 T02500228 $,FM15,413,ICAO-KRDU
USW00013722,RALEIGH AP,2026-09-13T04:51:00,2026-09-13 00:51,2026,09,13,04,51,35.8922,-78.7819,120.4,25.0,FM15,413,ICAO-KRDU,22.8,FM15,413,ICAO-KRDU,,,,,1015.1,FM15,413,ICAO-KRDU,170,FM15,413,ICAO-KRDU,2.6,FM15,413,ICAO-KRDU,,,,,,,,,,,88,D,FM15,413,ICAO-KRDU,,,,,,,,,,,,,,,,,,,,,,,,,,,,,,16.09,FM15,413,ICAO-KRDU,1015.6,FM15,413,ICAO-KRDU,,,,,,,,,,,,,,6096,M;,FM15,413,ICAO-KRDU,,,,,,,,,,SCT:04;,FM15,413,ICAO-KRDU,BKN:07;,FM15,413,ICAO-KRDU,,,,,,,,,3658,:,FM15,413,ICAO-KRDU,6096,:,FM15,413,ICAO-KRDU,,,,,,,,,,,,,,,KRDU 130451Z 17005KT 10SM SCT120 BKN200 25/23 A2999 RMK AO2 SLP151 T02500228 403000228 $,FM15,413,ICAO-KRDU
USW00013722,RALEIGH AP,2026-09-13T05:51:00,2026-09-13 01:51,2026,09,13,05,51,35.8922,-78.7819,120.4,24.4,FM15,413,ICAO-KRDU,23.3,FM15,413,ICAO-KRDU,1000.0,FM94_1,412,WMO-72306,1015.2,FM15,413,ICAO-KRDU,250,FM15,413,ICAO-KRDU,3.6,FM15,413,ICAO-KRDU,,,,,2.5,,5,FM15,343,723060-13722,94,D,FM15,413,ICAO-KRDU,23.7,D,FM94_1,412,WMO-72306,RA:63,FM15,413,ICAO-KRDU,,,,,RA:02,FM15,413,ICAO-KRDU,BR:1,FM15,413,ICAO-KRDU,RA:62,FM15,413,ICAO-KRDU,BR:10,FM15,413,ICAO-KRDU,4.83,FM15,413,ICAO-KRDU,1015.6,FM15,413,ICAO-KRDU,0.3,1,FM15,413,ICAO-KRDU,08;;,FM94_1,412,WMO-72306,300,FM94_1,412,WMO-72306,457,M;,FM15,413,ICAO-KRDU,,,,,300,:,FM94_1,412,WMO-72306,BKN:07;,FM15,413,ICAO-KRDU,OVC:08;,FM15,413,ICAO-KRDU,,,,,,,,,457,:,FM15,413,ICAO-KRDU,1280,:,FM15,413,ICAO-KRDU,,,,,,,,,,,,,,,KRDU 130551Z 25007KT 3SM RA BR BKN015 OVC042 24/23 A2999 RMK AO2 RAB0455 SLP152 CB DSNT N P0010 60010 T02440233 10250 20244 51003 $,FM15,413,ICAO-KRDU
USW00013722,RALEIGH AP,2026-09-13T06:51:00,2026-09-13 02:51,2026,09,13,06,51,35.8922,-78.7819,120.4,23.9,FM15,413,ICAO-KRDU,22.8,FM15,413,ICAO-KRDU,,,,,1014.2,FM15,413,ICAO-KRDU,210,FM15,413,ICAO-KRDU,3.6,FM15,413,ICAO-KRDU,,,,,1.8,,5,FM15,343,723060-13722,94,D,FM15,413,ICAO-KRDU,,,,,,,,,,,,,,,,,,,,,,,,,,,,,,16.09,FM15,413,ICAO-KRDU,1014.9,FM15,413,ICAO-KRDU,,,,,,,,,,,,,,244,M;,FM15,413,ICAO-KRDU,,,,,,,,,,BKN:07;,FM15,413,ICAO-KRDU,BKN:07;,FM15,413,ICAO-KRDU,BKN:07;,FM15,413,ICAO-KRDU,OVC:08;,FM15,413,ICAO-KRDU,244,:,FM15,413,ICAO-KRDU,518,:,FM15,413,ICAO-KRDU,1524,:,FM15,413,ICAO-KRDU,4572,:,FM15,413,ICAO-KRDU,,,,,KRDU 130651Z 21007KT 10SM BKN008 BKN017 BKN050 OVC150 24/23 A2997 RMK AO2 RAE47 SLP142 P0007 T02390228 $,FM15,413,ICAO-KRDU
USW00013722,RALEIGH AP,2026-09-13T07:51:00,2026-09-13 03:51,2026,09,13,07,51,35.8922,-78.7819,120.4,23.9,FM15,413,ICAO-KRDU,23.3,FM15,413,ICAO-KRDU,,,,,1014.0,FM15,413,ICAO-KRDU,190,FM15,413,ICAO-KRDU,3.1,FM15,413,ICAO-KRDU,,,,,0.0,T,4,FM15,343,723060-13722,96,D,FM15,413,ICAO-KRDU,,,,,,,,,,,,,,,,,,,,,,,,,,,,,,16.09,FM15,413,ICAO-KRDU,1014.6,FM15,413,ICAO-KRDU,,,,,,,,,,,,,,244,M;,FM15,413,ICAO-KRDU,,,,,,,,,,BKN:07;,FM15,413,ICAO-KRDU,BKN:07;,FM15,413,ICAO-KRDU,BKN:07;,FM15,413,ICAO-KRDU,,,,,244,:,FM15,413,ICAO-KRDU,1676,:,FM15,413,ICAO-KRDU,3048,:,FM15,413,ICAO-KRDU,,,,,,,,,,KRDU 130751Z 19006KT 10SM BKN008 BKN055 BKN100 24/23 A2996 RMK AO2 RAB03E29 SLP140 P0000 T02390233 $,FM15,413,ICAO-KRDU
USW00013722,RALEIGH AP,2026-09-13T08:51:00,2026-09-13 04:51,2026,09,13,08,51,35.8922,-78.7819,120.4,23.9,FM15,413,ICAO-KRDU,23.3,FM15,413,ICAO-KRDU,,,,,1014.0,FM15,413,ICAO-KRDU,200,FM15,413,ICAO-KRDU,2.6,FM15,413,ICAO-KRDU,,,,,,,,,,,96,D,FM15,413,ICAO-KRDU,,,,,,,,,,,,,,,,,,,,,,,,,,,,,,16.09,FM15,413,ICAO-KRDU,1014.6,FM15,413,ICAO-KRDU,1.2,6,FM15,413,ICAO-KRDU,,,,,,,,,549,M;,FM15,413,ICAO-KRDU,,,,,,,,,,SCT:04;,FM15,413,ICAO-KRDU,BKN:07;,FM15,413,ICAO-KRDU,OVC:08;,FM15,413,ICAO-KRDU,,,,,122,:,FM15,413,ICAO-KRDU,549,:,FM15,413,ICAO-KRDU,1097,:,FM15,413,ICAO-KRDU,,,,,,,,,,KRDU 130851Z 20005KT 10SM SCT004 BKN018 OVC036 24/23 A2996 RMK AO2 SLP140 60007 T02390233 56012 $,FM15,413,ICAO-KRDU
USW00013722,RALEIGH AP,2026-09-13T09:51:00,2026-09-13 05:51,2026,09,13,09,51,35.8922,-78.7819,120.4,23.9,FM15,413,ICAO-KRDU,23.3,FM15,413,ICAO-KRDU,,,,,1014.1,FM15,413,ICAO-KRDU,220,FM15,413,ICAO-KRDU,3.6,FM15,413,ICAO-KRDU,,,,,4.3,,5,FM15,343,723060-13722,96,D,FM15,413,ICAO-KRDU,,,,,,,,,,,,,,,,,,,,,,,,,,,,,,16.09,FM15,413,ICAO-KRDU,1014.6,FM15,413,ICAO-KRDU,,,,,,,,,,,,,,183,M;,FM15,413,ICAO-KRDU,,,,,,,,,,BKN:07;,FM15,413,ICAO-KRDU,OVC:08;,FM15,413,ICAO-KRDU,,,,,,,,,183,:,FM15,413,ICAO-KRDU,305,:,FM15,413,ICAO-KRDU,,,,,,,,,,,,,,,KRDU 130951Z 22007KT 10SM BKN006 OVC010 24/23 A2996 RMK AO2 RAB05RAEMM SLP141 P0017 T02390233 $,FM15,413,ICAO-KRDU
USW00013722,RALEIGH AP,2026-09-13T10:51:00,2026-09-13 06:51,2026,09,13,10,51,35.8922,-78.7819,120.4,23.9,FM15,413,ICAO-KRDU,22.8,FM15,413,ICAO-KRDU,,,,,1013.9,FM15,413,ICAO-KRDU,210,FM15,413,ICAO-KRDU,3.6,FM15,413,ICAO-KRDU,,,,,,,,,,,94,D,FM15,413,ICAO-KRDU,,,,,,,,,,,,,,,,,,,,,,,,,,,,,,16.09,FM15,413,ICAO-KRDU,1014.2,FM15,413,ICAO-KRDU,,,,,,,,,,,,,,213,M;,FM15,413,ICAO-KRDU,,,,,,,,,,BKN:07;,FM15,413,ICAO-KRDU,OVC:08;,FM15,413,ICAO-KRDU,,,,,,,,,213,:,FM15,413,ICAO-KRDU,396,:,FM15,413,ICAO-KRDU,,,,,,,,,,,,,,,KRDU 131051Z 21007KT 10SM BKN007 OVC013 24/23 A2995 RMK AO2 SLP139 T02390228 $,FM15,413,ICAO-KRDU
USW00013722,RALEIGH AP,2026-09-13T11:51:00,2026-09-13 07:51,2026,09,13,11,51,35.8922,-78.7819,120.4,23.9,FM15,413,ICAO-KRDU,23.3,FM15,413,ICAO-KRDU,,,,,1014.6,FM15,413,ICAO-KRDU,210,FM15,413,ICAO-KRDU,3.6,FM15,413,ICAO-KRDU,,,,,,,,,,,96,D,FM15,413,ICAO-KRDU,,,,,,,,,,,,,,,,,,,,,,,,,,,,,,16.09,FM15,413,ICAO-KRDU,1015.2,FM15,413,ICAO-KRDU,0.6,3,FM15,413,ICAO-KRDU,,,,,,,,,244,M;,FM15,413,ICAO-KRDU,,,,,,,,,,BKN:07;,FM15,413,ICAO-KRDU,OVC:08;,FM15,413,ICAO-KRDU,,,,,,,,,244,:,FM15,413,ICAO-KRDU,366,:,FM15,413,ICAO-KRDU,,,,,,,,,,,,,,,KRDU 131151Z 21007KT 10SM BKN008 OVC012 24/23 A2998 RMK AO2 SLP146 60024 70047 T02390233 10244 20239 53006 $,FM15,413,ICAO-KRDU
USW00013722,RALEIGH AP,2026-09-13T12:51:00,2026-09-13 08:51,2026,09,13,12,51,35.8922,-78.7819,120.4,24.4,FM15,413,ICAO-KRDU,23.3,FM15,413,ICAO-KRDU,,,,,1015.0,FM15,413,ICAO-KRDU,250,FM15,413,ICAO-KRDU,3.1,FM15,413,ICAO-KRDU,,,,,,,,,,,94,D,FM15,413,ICAO-KRDU,,,,,,,,,,,,,,,,,,,,,,,,,,,,,,16.09,FM15,413,ICAO-KRDU,1015.6,FM15,413,ICAO-KRDU,,,,,,,,,,,,,,213,M;,FM15,413,ICAO-KRDU,,,,,,,,,,BKN:07;,FM15,413,ICAO-KRDU,OVC:08;,FM15,413,ICAO-KRDU,,,,,,,,,213,:,FM15,413,ICAO-KRDU,1280,:,FM15,413,ICAO-KRDU,,,,,,,,,,,,,,,KRDU 131251Z 25006KT 10SM BKN007 OVC042 24/23 A2999 RMK AO2 SLP150 T02440233 $,FM15,413,ICAO-KRDU
USW00013722,RALEIGH AP,2026-09-13T13:51:00,2026-09-13 09:51,2026,09,13,13,51,35.8922,-78.7819,120.4,25.6,FM15,413,ICAO-KRDU,23.3,FM15,413,ICAO-KRDU,,,,,1015.4,FM15,413,ICAO-KRDU,230,FM15,413,ICAO-KRDU,3.1,FM15,413,ICAO-KRDU,,,,,,,,,,,87,D,FM15,413,ICAO-KRDU,,,,,,,,,,,,,,,,,,,,,,,,,,,,,,16.09,FM15,413,ICAO-KRDU,1015.9,FM15,413,ICAO-KRDU,,,,,,,,,,,,,,610,M;,FM15,413,ICAO-KRDU,,,,,,,,,,SCT:04;,FM15,413,ICAO-KRDU,BKN:07;,FM15,413,ICAO-KRDU,BKN:07;,FM15,413,ICAO-KRDU,,,,,213,:,FM15,413,ICAO-KRDU,610,:,FM15,413,ICAO-KRDU,1280,:,FM15,413,ICAO-KRDU,,,,,,,,,,KRDU 131351Z 23006KT 10SM SCT007 BKN020 BKN042 26/23 A3000 RMK AO2 SLP154 T02560233 $,FM15,413,ICAO-KRDU
USW00013722,RALEIGH AP,2026-09-13T14:51:00,2026-09-13 10:51,2026,09,13,14,51,35.8922,-78.7819,120.4,26.1,FM15,413,ICAO-KRDU,23.3,FM15,413,ICAO-KRDU,1000.3,FM94_1,412,WMO-72306,1015.5,FM15,413,ICAO-KRDU,270,FM15,413,ICAO-KRDU,3.6,FM15,413,ICAO-KRDU,,,,,,,,,,,85,D,FM15,413,ICAO-KRDU,24.2,D,FM94_1,412,WMO-72306,,,,,,,,,,,,,,,,,,,,,,,,,16.09,FM15,413,ICAO-KRDU,1015.9,FM15,413,ICAO-KRDU,0.9,1,FM15,413,ICAO-KRDU,06;;,FM94_1,412,WMO-72306,600,FM94_1,412,WMO-72306,853,M;,FM15,413,ICAO-KRDU,,,,,600,:,FM94_1,412,WMO-72306,FEW:02;,FM15,413,ICAO-KRDU,BKN:07;,FM15,413,ICAO-KRDU,BKN:07;,FM15,413,ICAO-KRDU,,,,,396,:,FM15,413,ICAO-KRDU,853,:,FM15,413,ICAO-KRDU,1006,:,FM15,413,ICAO-KRDU,,,,,,,,,,KRDU 131451Z 27007KT 10SM FEW013 BKN028 BKN033 26/23 A3000 RMK AO2 SLP155 T02610233 51009 $,FM15,413,ICAO-KRDU
USW00013722,RALEIGH AP,2026-09-13T15:51:00,2026-09-13 11:51,2026,09,13,15,51,35.8922,-78.7819,120.4,27.2,FM15,413,ICAO-KRDU,22.8,FM15,413,ICAO-KRDU,,,,,1015.1,FM15,413,ICAO-KRDU,250,FM15,413,ICAO-KRDU,2.6,FM15,413,ICAO-KRDU,,,,,,,,,,,77,D,FM15,413,ICAO-KRDU,,,,,,,,,,,,,,,,,,,,,,,,,,,,,,16.09,FM15,413,ICAO-KRDU,1015.6,FM15,413,ICAO-KRDU,,,,,,,,,,,,,,579,M;,FM15,413,ICAO-KRDU,,,,,,,,,,BKN:07;,FM15,413,ICAO-KRDU,BKN:07;,FM15,413,ICAO-KRDU,BKN:07;,FM15,413,ICAO-KRDU,,,,,579,:,FM15,413,ICAO-KRDU,914,:,FM15,413,ICAO-KRDU,7620,:,FM15,413,ICAO-KRDU,,,,,,,,,,KRDU 131551Z 25005KT 10SM BKN019 BKN030 BKN250 27/23 A2999 RMK AO2 SLP151 T02720228 $,FM15,413,ICAO-KRDU
USW00013722,RALEIGH AP,2026-09-13T16:51:00,2026-09-13 12:51,2026,09,13,16,51,35.8922,-78.7819,120.4,28.3,FM15,413,ICAO-KRDU,22.8,FM15,413,ICAO-KRDU,,,,,1014.5,FM15,413,ICAO-KRDU,250,FM15,413,ICAO-KRDU,2.1,FM15,413,ICAO-KRDU,,,,,,,,,,,72,D,FM15,413,ICAO-KRDU,,,,,,,,,,,,,,,,,,,,,,,,,,,,,,16.09,FM15,413,ICAO-KRDU,1015.2,FM15,413,ICAO-KRDU,,,,,,,,,,,,,,1067,M;,FM15,413,ICAO-KRDU,,,,,,,,,,SCT:04;,FM15,413,ICAO-KRDU,BKN:07;,FM15,413,ICAO-KRDU,BKN:07;,FM15,413,ICAO-KRDU,BKN:07;,FM15,413,ICAO-KRDU,884,:,FM15,413,ICAO-KRDU,1067,:,FM15,413,ICAO-KRDU,1280,:,FM15,413,ICAO-KRDU,7620,:,FM15,413,ICAO-KRDU,,,,,KRDU 131651Z 25004KT 10SM SCT029 BKN035 BKN042 BKN250 28/23 A2998 RMK AO2 SLP145 T02830228 $,FM15,413,ICAO-KRDU
USW00013722,RALEIGH AP,2026-09-13T17:51:00,2026-09-13 13:51,2026,09,13,17,51,35.8922,-78.7819,120.4,30.0,FM15,413,ICAO-KRDU,21.7,FM15,413,ICAO-KRDU,999.0,FM94_1,412,WMO-72306,1014.1,FM15,413,ICAO-KRDU,290,FM15,413,ICAO-KRDU,3.6,FM15,413,ICAO-KRDU,,,,,0.0,,,FM94_1,412,WMO-72306,61,D,FM15,413,ICAO-KRDU,24.2,D,FM94_1,412,WMO-72306,,,,,,,,,,,,,,,,,,,,,,,,,16.09,FM15,413,ICAO-KRDU,1014.6,FM15,413,ICAO-KRDU,1.3,8,FM15,413,ICAO-KRDU,06;;,FM94_1,412,WMO-72306,1000,FM94_1,412,WMO-72306,1341,M;,FM15,413,ICAO-KRDU,,,,,1000,:,FM94_1,412,WMO-72306,FEW:02;,FM15,413,ICAO-KRDU,BKN:07;,FM15,413,ICAO-KRDU,BKN:07;,FM15,413,ICAO-KRDU,,,,,1036,:,FM15,413,ICAO-KRDU,1341,:,FM15,413,ICAO-KRDU,7620,:,FM15,413,ICAO-KRDU,,,,,,,,,,KRDU 131751Z 29007KT 10SM FEW034 BKN044 BKN250 30/22 A2996 RMK AO2 SLP141 T03000217 10306 20239 58013 $,FM15,413,ICAO-KRDU
USW00013722,RALEIGH AP,2026-09-13T18:51:00,2026-09-13 14:51,2026,09,13,18,51,35.8922,-78.7819,120.4,30.6,FM15,413,ICAO-KRDU,21.1,FM15,413,ICAO-KRDU,,,,,1013.2,FM15,413,ICAO-KRDU,270,FM15,413,ICAO-KRDU,2.6,FM15,413,ICAO-KRDU,,,,,,,,,,,57,D,FM15,413,ICAO-KRDU,,,,,,,,,,,,,,,,,,,,,,,,,,,,,,16.09,FM15,413,ICAO-KRDU,1013.9,FM15,413,ICAO-KRDU,,,,,,,,,,,,,,1128,M;,FM15,413,ICAO-KRDU,,,,,,,,,,BKN:07;,FM15,413,ICAO-KRDU,BKN:07;,FM15,413,ICAO-KRDU,,,,,,,,,1128,:,FM15,413,ICAO-KRDU,7620,:,FM15,413,ICAO-KRDU,,,,,,,,,,,,,,,KRDU 131851Z 27005KT 10SM BKN037 BKN250 31/21 A2994 RMK AO2 SLP132 T03060211 $,FM15,413,ICAO-KRDU
USW00013722,RALEIGH AP,2026-09-13T19:51:00,2026-09-13 15:51,2026,09,13,19,51,35.8922,-78.7819,120.4,31.1,FM15,413,ICAO-KRDU,21.7,FM15,413,ICAO-KRDU,,,,,1012.5,FM15,413,ICAO-KRDU,290,FM15,413,ICAO-KRDU,3.1,FM15,413,ICAO-KRDU,,,,,,,,,,,57,D,FM15,413,ICAO-KRDU,,,,,,,,,,,,,,,,,,,,,,,,,,,,,,16.09,FM15,413,ICAO-KRDU,1013.2,FM15,413,ICAO-KRDU,,,,,,,,,,,,,,1829,M;,FM15,413,ICAO-KRDU,,,,,,,,,,SCT:04;,FM15,413,ICAO-KRDU,BKN:07;,FM15,413,ICAO-KRDU,BKN:07;,FM15,413,ICAO-KRDU,,,,,1341,:,FM15,413,ICAO-KRDU,1829,:,FM15,413,ICAO-KRDU,7620,:,FM15,413,ICAO-KRDU,,,,,,,,,,KRDU 131951Z 29006KT 10SM SCT044 BKN060 BKN250 31/22 A2992 RMK AO2 SLP125 T03110217 $,FM15,413,ICAO-KRDU
USW00013722,RALEIGH AP,2026-09-13T20:51:00,2026-09-13 16:51,2026,09,13,20,51,35.8922,-78.7819,120.4,32.2,FM15,413,ICAO-KRDU,21.1,FM15,413,ICAO-KRDU,997.3,FM94_1,412,WMO-72306,1012.4,FM15,413,ICAO-KRDU,240,FM15,413,ICAO-KRDU,2.6,FM15,413,ICAO-KRDU,,,,,,,,,,,52,D,FM15,413,ICAO-KRDU,24.5,D,FM94_1,412,WMO-72306,,,,,,,,,,,,,,,,,,,,,,,,,16.09,FM15,413,ICAO-KRDU,1012.9,FM15,413,ICAO-KRDU,1.7,6,FM15,413,ICAO-KRDU,04;;,FM94_1,412,WMO-72306,600,FM94_1,412,WMO-72306,,,,,,,,,,600,:,FM94_1,412,WMO-72306,SCT:04;,FM15,413,ICAO-KRDU,SCT:04;,FM15,413,ICAO-KRDU,,,,,,,,,1372,:,FM15,413,ICAO-KRDU,7620,:,FM15,413,ICAO-KRDU,,,,,,,,,,,,,,,KRDU 132051Z 24005KT 10SM SCT045 SCT250 32/21 A2991 RMK AO2 SLP124 T03220211 56017 $,FM15,413,ICAO-KRDU
USW00013722,RALEIGH AP,2026-09-13T21:51:00,2026-09-13 17:51,2026,09,13,21,51,35.8922,-78.7819,120.4,31.7,FM15,413,ICAO-KRDU,21.1,FM15,413,ICAO-KRDU,,,,,1012.5,FM15,413,ICAO-KRDU,260,FM15,413,ICAO-KRDU,2.6,FM15,413,ICAO-KRDU,,,,,,,,,,,53,D,FM15,413,ICAO-KRDU,,,,,,,,,,,,,,,,,,,,,,,,,,,,,,16.09,FM15,413,ICAO-KRDU,1013.2,FM15,413,ICAO-KRDU,,,,,,,,,,,,,,,,,,,,,,,,,,,,SCT:04;,FM15,413,ICAO-KRDU,SCT:04;,FM15,413,ICAO-KRDU,,,,,,,,,1829,:,FM15,413,ICAO-KRDU,7620,:,FM15,413,ICAO-KRDU,,,,,,,,,,,,,,,KRDU 132151Z 26005KT 10SM SCT060 SCT250 32/21 A2992 RMK AO2 SLP125 T03170211 $,FM15,413,ICAO-KRDU
USW00013722,RALEIGH AP,2026-09-13T22:51:00,2026-09-13 18:51,2026,09,13,22,51,35.8922,-78.7819,120.4,30.6,FM15,413,ICAO-KRDU,21.1,FM15,413,ICAO-KRDU,,,,,1012.9,FM15,413,ICAO-KRDU,290,FM15,413,ICAO-KRDU,2.1,FM15,413,ICAO-KRDU,,,,,,,,,,,57,D,FM15,413,ICAO-KRDU,,,,,,,,,,,,,,,,,,,,,,,,,,,,,,16.09,FM15,413,ICAO-KRDU,1013.5,FM15,413,ICAO-KRDU,,,,,,,,,,,,,,,,,,,,,,,,,,,,FEW:02;,FM15,413,ICAO-KRDU,SCT:04;,FM15,413,ICAO-KRDU,,,,,,,,,2591,:,FM15,413,ICAO-KRDU,7620,:,FM15,413,ICAO-KRDU,,,,,,,,,,,,,,,KRDU 132251Z 29004KT 10SM FEW085 SCT250 31/21 A2993 RMK AO2 SLP129 T03060211 $,FM15,413,ICAO-KRDU
USW00013722,RALEIGH AP,2026-09-13T23:51:00,2026-09-13 19:51,2026,09,13,23,51,35.8922,-78.7819,120.4,27.8,FM15,413,ICAO-KRDU,22.2,FM15,413,ICAO-KRDU,,,,,1012.9,FM15,413,ICAO-KRDU,0,FM15,413,ICAO-KRDU,0.0,FM15,413,ICAO-KRDU,,,,,,,,,,,72,D,FM15,413,ICAO-KRDU,,,,,,,,,,,,,,,,,,,,,,,,,,,,,,16.09,FM15,413,ICAO-KRDU,1013.5,FM15,413,ICAO-KRDU,0.6,1,FM15,413,ICAO-KRDU,,,,,,,,,,,,,,,,,,,,,,,FEW:02;,FM15,413,ICAO-KRDU,SCT:04;,FM15,413,ICAO-KRDU,,,,,,,,,2591,:,FM15,413,ICAO-KRDU,7620,:,FM15,413,ICAO-KRDU,,,,,,,,,,,,,,,KRDU 132351Z 00000KT 10SM FEW085 SCT250 28/22 A2993 RMK AO2 SLP129 T02780222 10322 20278 51006 $,FM15,413,ICAO-KRDU
USW00013722,RALEIGH AP,2026-09-14T00:51:00,2026-09-13 20:51,2026,09,14,00,51,35.8922,-78.7819,120.4,27.2,FM15,413,ICAO-KRDU,22.8,FM15,413,ICAO-KRDU,,,,,1013.5,FM15,413,ICAO-KRDU,0,FM15,413,ICAO-KRDU,0.0,FM15,413,ICAO-KRDU,,,,,,,,,,,77,D,FM15,413,ICAO-KRDU,,,,,,,,,,,,,,,,,,,,,,,,,,,,,,16.09,FM15,413,ICAO-KRDU,1014.2,FM15,413,ICAO-KRDU,,,,,,,,,,,,,,,,,,,,,,,,,,,,FEW:02;,FM15,413,ICAO-KRDU,SCT:04;,FM15,413,ICAO-KRDU,,,,,,,,,2134,:,FM15,413,ICAO-KRDU,7620,:,FM15,413,ICAO-KRDU,,,,,,,,,,,,,,,KRDU 140051Z 00000KT 10SM FEW070 SCT250 27/23 A2995 RMK AO2 SLP135 T02720228 $,FM15,413,ICAO-KRDU
USW00013722,RALEIGH AP,2026-09-14T01:51:00,2026-09-13 21:51,2026,09,14,01,51,35.8922,-78.7819,120.4,26.7,FM15,413,ICAO-KRDU,22.2,FM15,413,ICAO-KRDU,,,,,1014.2,FM15,413,ICAO-KRDU,220,FM15,413,ICAO-KRDU,1.5,FM15,413,ICAO-KRDU,,,,,,,,,,,76,D,FM15,413,ICAO-KRDU,,,,,,,,,,,,,,,,,,,,,,,,,,,,,,16.09,FM15,413,ICAO-KRDU,1014.9,FM15,413,ICAO-KRDU,,,,,,,,,,,,,,,,,,,,,,,,,,,,FEW:02;,FM15,413,ICAO-KRDU,FEW:02;,FM15,413,ICAO-KRDU,,,,,,,,,2134,:,FM15,413,ICAO-KRDU,7620,:,FM15,413,ICAO-KRDU,,,,,,,,,,,,,,,KRDU 140151Z 22003KT 10SM FEW070 FEW250 27/22 A2997 RMK AO2 SLP142 T02670222 $,FM15,413,ICAO-KRDU
USW00013722,RALEIGH AP,2026-09-14T02:51:00,2026-09-13 22:51,2026,09,14,02,51,35.8922,-78.7819,120.4,26.1,FM15,413,ICAO-KRDU,22.8,FM15,413,ICAO-KRDU,,,,,1014.6,FM15,413,ICAO-KRDU,230,FM15,413,ICAO-KRDU,1.5,FM15,413,ICAO-KRDU,,,,,,,,,,,82,D,FM15,413,ICAO-KRDU,,,,,,,,,,,,,,,,,,,,,,,,,,,,,,16.09,FM15,413,ICAO-KRDU,1015.2,FM15,413,ICAO-KRDU,1.7,1,FM15,413,ICAO-KRDU,,,,,,,,,,,,,,,,,,,,,,,FEW:02;,FM15,413,ICAO-KRDU,FEW:02;,FM15,413,ICAO-KRDU,,,,,,,,,1981,:,FM15,413,ICAO-KRDU,7620,:,FM15,413,ICAO-KRDU,,,,,,,,,,,,,,,KRDU 140251Z 23003KT 10SM FEW065 FEW250 26/23 A2998 RMK AO2 SLP146 T02610228 51017 $,FM15,413,ICAO-KRDU
USW00013722,RALEIGH AP,2026-09-14T03:51:00,2026-09-13 23:51,2026,09,14,03,51,35.8922,-78.7819,120.4,25.6,FM15,413,ICAO-KRDU,22.2,FM15,413,ICAO-KRDU,,,,,1014.9,FM15,413,ICAO-KRDU,240,FM15,413,ICAO-KRDU,1.5,FM15,413,ICAO-KRDU,,,,,,,,,,,81,D,FM15,413,ICAO-KRDU,,,,,,,,,,,,,,,,,,,,,,,,,,,,,,16.09,FM15,413,ICAO-KRDU,1015.6,FM15,413,ICAO-KRDU,,,,,,,,,,,,,,,,,,,,,,,,,,,,FEW:02;,FM15,413,ICAO-KRDU,,,,,,,,,,,,,7620,:,FM15,413,ICAO-KRDU,,,,,,,,,,,,,,,,,,,,KRDU 140351Z 24003KT 10SM FEW250 26/22 A2999 RMK AO2 SLP149 T02560222 $,FM15,413,ICAO-KRDU
USW00013722,RALEIGH AP,2026-09-14T04:51:00,2026-09-14 00:51,2026,09,14,04,51,35.8922,-78.7819,120.4,25.0,FM15,413,ICAO-KRDU,22.2,FM15,413,ICAO-KRDU,,,,,1015.1,FM15,413,ICAO-KRDU,0,FM15,413,ICAO-KRDU,0.0,FM15,413,ICAO-KRDU,,,,,,,,,,,84,D,FM15,413,ICAO-KRDU,,,,,,,,,,,,,,,,,,,,,,,,,,,,,,16.09,FM15,413,ICAO-KRDU,1015.9,FM15,413,ICAO-KRDU,,,,,,,,,,,,,,,,,,,,,,,,,,,,CLR:00;,FM15,413,ICAO-KRDU,,,,,,,,,,,,,,,,,,,,,,,,,,,,,,,,,,,,,KRDU 140451Z 00000KT 10SM CLR 25/22 A3000 RMK AO2 SLP151 T02500222 403220239 $,FM15,413,ICAO-KRDU
USW00013722,RALEIGH AP,2026-09-14T05:51:00,2026-09-14 01:51,2026,09,14,05,51,35.8922,-78.7819,120.4,25.0,FM15,413,ICAO-KRDU,21.7,FM15,413,ICAO-KRDU,1000.0,FM94_1,412,WMO-72306,1014.8,FM15,413,ICAO-KRDU,0,FM15,413,ICAO-KRDU,0.0,FM15,413,ICAO-KRDU,,,,,0.0,,,FM94_1,412,WMO-72306,82,D,FM15,413,ICAO-KRDU,22.7,D,FM94_1,412,WMO-72306,,,,,,,,,,,,,,,,,,,,,,,,,16.09,FM15,413,ICAO-KRDU,1015.6,FM15,413,ICAO-KRDU,0.2,0,FM15,413,ICAO-KRDU,02;;,FM94_1,412,WMO-72306,1500,FM94_1,412,WMO-72306,,,,,,,,,,1500,:,FM94_1,412,WMO-72306,FEW:02;,FM15,413,ICAO-KRDU,,,,,,,,,,,,,1829,:,FM15,413,ICAO-KRDU,,,,,,,,,,,,,,,,,,,,KRDU 140551Z 00000KT 10SM FEW060 25/22 A2999 RMK AO2 SLP148 T02500217 10283 20244 50002 $,FM15,413,ICAO-KRDU
USW00013722,RALEIGH AP,2026-09-14T06:51:00,2026-09-14 02:51,2026,09,14,06,51,35.8922,-78.7819,120.4,23.3,FM15,413,ICAO-KRDU,22.2,FM15,413,ICAO-KRDU,,,,,1014.3,FM15,413,ICAO-KRDU,0,FM15,413,ICAO-KRDU,0.0,FM15,413,ICAO-KRDU,,,,,,,,,,,94,D,FM15,413,ICAO-KRDU,,,,,,,,,,,,,,,,,,,,,,,,,,,,,,16.09,FM15,413,ICAO-KRDU,1014.9,FM15,413,ICAO-KRDU,,,,,,,,,,,,,,,,,,,,,,,,,,,,CLR:00;,FM15,413,ICAO-KRDU,,,,,,,,,,,,,,,,,,,,,,,,,,,,,,,,,,,,,KRDU 140651Z 00000KT 10SM CLR 23/22 A2997 RMK AO2 SLP143 T02330222 $,FM15,413,ICAO-KRDU
USW00013722,RALEIGH AP,2026-09-14T07:51:00,2026-09-14 03:51,2026,09,14,07,51,35.8922,-78.7819,120.4,23.9,FM15,413,ICAO-KRDU,21.1,FM15,413,ICAO-KRDU,,,,,1014.5,FM15,413,ICAO-KRDU,0,FM15,413,ICAO-KRDU,0.0,FM15,413,ICAO-KRDU,,,,,,,,,,,84,D,FM15,413,ICAO-KRDU,,,,,,,,,,,,,,,,,,,,,,,,,,,,,,16.09,FM15,413,ICAO-KRDU,1015.2,FM15,413,ICAO-KRDU,,,,,,,,,,,,,,,,,,,,,,,,,,,,FEW:02;,FM15,413,ICAO-KRDU,,,,,,,,,,,,,7620,:,FM15,413,ICAO-KRDU,,,,,,,,,,,,,,,,,,,,KRDU 140751Z 00000KT 10SM FEW250 24/21 A2998 RMK AO2 SLP145 T02390211 $,FM15,413,ICAO-KRDU
USW00013722,RALEIGH AP,2026-09-14T08:51:00,2026-09-14 04:51,2026,09,14,08,51,35.8922,-78.7819,120.4,22.8,FM15,413,ICAO-KRDU,21.7,FM15,413,ICAO-KRDU,999.6,FM94_1,412,WMO-72306,1014.6,FM15,413,ICAO-KRDU,0,FM15,413,ICAO-KRDU,0.0,FM15,413,ICAO-KRDU,,,,,,,,,,,94,D,FM15,413,ICAO-KRDU,22.0,D,FM94_1,412,WMO-72306,,,,,,,,,,,,,,,,,,,,,,,,,16.09,FM15,413,ICAO-KRDU,1015.2,FM15,413,ICAO-KRDU,0.2,5,FM15,413,ICAO-KRDU,04;;,FM94_1,412,WMO-72306,300,FM94_1,412,WMO-72306,,,,,,,,,,300,:,FM94_1,412,WMO-72306,SCT:04;,FM15,413,ICAO-KRDU,,,,,,,,,,,,,7620,:,FM15,413,ICAO-KRDU,,,,,,,,,,,,,,,,,,,,KRDU 140851Z 00000KT 10SM SCT250 23/22 A2998 RMK AO2 SLP146 T02280217 55002 $,FM15,413,ICAO-KRDU
USW00013722,RALEIGH AP,2026-09-14T09:51:00,2026-09-14 05:51,2026,09,14,09,51,35.8922,-78.7819,120.4,22.2,FM15,413,ICAO-KRDU,21.1,FM15,413,ICAO-KRDU,,,,,1015.2,FM15,413,ICAO-KRDU,0,FM15,413,ICAO-KRDU,0.0,FM15,413,ICAO-KRDU,,,,,,,,,,,93,D,FM15,413,ICAO-KRDU,,,,,,,,,,,,,,,,,,,,,,,,,,,,,,16.09,FM15,413,ICAO-KRDU,1015.9,FM15,413,ICAO-KRDU,,,,,,,,,,,,,,,,,,,,,,,,,,,,CLR:00;,FM15,413,ICAO-KRDU,,,,,,,,,,,,,,,,,,,,,,,,,,,,,,,,,,,,,KRDU 140951Z 00000KT 10SM CLR 22/21 A3000 RMK AO2 SLP152 T02220211 $,FM15,413,ICAO-KRDU
USW00013722,RALEIGH AP,2026-09-14T10:51:00,2026-09-14 06:51,2026,09,14,10,51,35.8922,-78.7819,120.4,21.7,FM15,413,ICAO-KRDU,21.1,FM15,413,ICAO-KRDU,,,,,1015.8,FM15,413,ICAO-KRDU,230,FM15,413,ICAO-KRDU,1.5,FM15,413,ICAO-KRDU,,,,,,,,,,,96,D,FM15,413,ICAO-KRDU,,,,,,,,,,,,,,,,,,,,,,,,,,,,,,16.09,FM15,413,ICAO-KRDU,1016.6,FM15,413,ICAO-KRDU,,,,,,,,,,,,,,,,,,,,,,,,,,,,SCT:04;,FM15,413,ICAO-KRDU,,,,,,,,,,,,,7620,:,FM15,413,ICAO-KRDU,,,,,,,,,,,,,,,,,,,,KRDU 141051Z 23003KT 10SM SCT250 22/21 A3002 RMK AO2 SLP158 T02170211 $,FM15,413,ICAO-KRDU
USW00013722,RALEIGH AP,2026-09-14T11:51:00,2026-09-14 07:51,2026,09,14,11,51,35.8922,-78.7819,120.4,22.8,FM15,413,ICAO-KRDU,21.1,FM15,413,ICAO-KRDU,,,,,1016.7,FM15,413,ICAO-KRDU,0,FM15,413,ICAO-KRDU,0.0,FM15,413,ICAO-KRDU,,,,,,,,,,,90,D,FM15,413,ICAO-KRDU,,,,,,,,,,,,,,,,,,,,,,,,,,,,,,16.09,FM15,413,ICAO-KRDU,1017.3,FM15,413,ICAO-KRDU,1.9,3,FM15,413,ICAO-KRDU,,,,,,,,,,,,,,,,,,,,,,,FEW:02;,FM15,413,ICAO-KRDU,,,,,,,,,,,,,7620,:,FM15,413,ICAO-KRDU,,,,,,,,,,,,,,,,,,,,KRDU 141151Z 00000KT 10SM FEW250 23/21 A3004 RMK AO2 SLP167 T02280211 10250 20217 53019 $,FM15,413,ICAO-KRDU
USW00013722,RALEIGH AP,2026-09-14T12:51:00,2026-09-14 08:51,2026,09,14,12,51,35.8922,-78.7819,120.4,25.6,FM15,413,ICAO-KRDU,20.0,FM15,413,ICAO-KRDU,,,,,1017.0,FM15,413,ICAO-KRDU,0,FM15,413,ICAO-KRDU,0.0,FM15,413,ICAO-KRDU,,,,,,,,,,,71,D,FM15,413,ICAO-KRDU,,,,,,,,,,,,,,,,,,,,,,,,,,,,,,16.09,FM15,413,ICAO-KRDU,1017.6,FM15,413,ICAO-KRDU,,,,,,,,,,,,,,,,,,,,,,,,,,,,FEW:02;,FM15,413,ICAO-KRDU,,,,,,,,,,,,,7620,:,FM15,413,ICAO-KRDU,,,,,,,,,,,,,,,,,,,,KRDU 141251Z 00000KT 10SM FEW250 26/20 A3005 RMK AO2 SLP170 T02560200 $,FM15,413,ICAO-KRDU
USW00013722,RALEIGH AP,2026-09-14T13:51:00,2026-09-14 09:51,2026,09,14,13,51,35.8922,-78.7819,120.4,28.9,FM15,413,ICAO-KRDU,20.6,FM15,413,ICAO-KRDU,,,,,1017.4,FM15,413,ICAO-KRDU,340,FM15,413,ICAO-KRDU,2.6,FM15,413,ICAO-KRDU,,,,,,,,,,,61,D,FM15,413,ICAO-KRDU,,,,,,,,,,,,,,,,,,,,,,,,,,,,,,16.09,FM15,413,ICAO-KRDU,1017.9,FM15,413,ICAO-KRDU,,,,,,,,,,,,,,,,,,,,,,,,,,,,FEW:02;,FM15,413,ICAO-KRDU,,,,,,,,,,,,,7620,:,FM15,413,ICAO-KRDU,,,,,,,,,,,,,,,,,,,,KRDU 141351Z 34005KT 10SM FEW250 29/21 A3006 RMK AO2 SLP174 T02890206 $,FM15,413,ICAO-KRDU
USW00013722,RALEIGH AP,2026-09-14T14:51:00,2026-09-14 10:51,2026,09,14,14,51,35.8922,-78.7819,120.4,30.0,FM15,413,ICAO-KRDU,20.6,FM15,413,ICAO-KRDU,1003.0,FM94_1,412,WMO-72306,1017.9,FM15,413,ICAO-KRDU,340,FM15,413,ICAO-KRDU,4.1,FM15,413,ICAO-KRDU,,,,,,,,,,,57,D,FM15,413,ICAO-KRDU,23.6,D,FM94_1,412,WMO-72306,,,,,,,,,,,,,,,,,,,,,,,,,16.09,FM15,413,ICAO-KRDU,1018.6,FM15,413,ICAO-KRDU,1.3,3,FM15,413,ICAO-KRDU,02;;,FM94_1,412,WMO-72306,600,FM94_1,412,WMO-72306,,,,,,,,,,600,:,FM94_1,412,WMO-72306,FEW:02;,FM15,413,ICAO-KRDU,,,,,,,,,,,,,7620,:,FM15,413,ICAO-KRDU,,,,,,,,,,,,,,,,,,,,KRDU 141451Z 34008KT 10SM FEW250 30/21 A3008 RMK AO2 SLP179 T03000206 53013,FM15,413,ICAO-KRDU
USW00013722,RALEIGH AP,2026-09-14T15:51:00,2026-09-14 11:51,2026,09,14,15,51,35.8922,-78.7819,120.4,31.1,FM15,413,ICAO-KRDU,20.6,FM15,413,ICAO-KRDU,,,,,1017.9,FM15,413,ICAO-KRDU,20,FM15,413,ICAO-KRDU,4.1,FM15,413,ICAO-KRDU,,,,,,,,,,,54,D,FM15,413,ICAO-KRDU,,,,,,,,,,,,,,,,,,,,,,,,,,,,,,16.09,FM15,413,ICAO-KRDU,1018.6,FM15,413,ICAO-KRDU,,,,,,,,,,,,,,,,,,,,,,,,,,,,FEW:02;,FM15,413,ICAO-KRDU,FEW:02;,FM15,413,ICAO-KRDU,,,,,,,,,1219,:,FM15,413,ICAO-KRDU,7620,:,FM15,413,ICAO-KRDU,,,,,,,,,,,,,,,KRDU 141551Z 02008KT 10SM FEW040 FEW250 31/21 A3008 RMK AO2 SLP179 T03110206,FM15,413,ICAO-KRDU
USW00013722,RALEIGH AP,2026-09-14T16:51:00,2026-09-14 12:51,2026,09,14,16,51,35.8922,-78.7819,120.4,31.1,FM15,413,ICAO-KRDU,20.6,FM15,413,ICAO-KRDU,,,,,1017.6,FM15,413,ICAO-KRDU,20,FM15,413,ICAO-KRDU,3.6,FM15,413,ICAO-KRDU,,,,,,,,,,,54,D,FM15,413,ICAO-KRDU,,,,,,,,,,,,,,,,,,,,,,,,,,,,,,16.09,FM15,413,ICAO-KRDU,1018.3,FM15,413,ICAO-KRDU,,,,,,,,,,,,,,,,,,,,,,,,,,,,FEW:02;,FM15,413,ICAO-KRDU,FEW:02;,FM15,413,ICAO-KRDU,,,,,,,,,1280,:,FM15,413,ICAO-KRDU,7620,:,FM15,413,ICAO-KRDU,,,,,,,,,,,,,,,KRDU 141651Z COR 02007KT 10SM FEW042 FEW250 31/21 A3007 RMK AO2 SLP176 T03110206,FM15,413,ICAO-KRDU
USW00013722,RALEIGH AP,2026-09-14T17:51:00,2026-09-14 13:51,2026,09,14,17,51,35.8922,-78.7819,120.4,31.7,FM15,413,ICAO-KRDU,20.6,FM15,413,ICAO-KRDU,1002.3,FM94_1,412,WMO-72306,1017.3,FM15,413,ICAO-KRDU,,,,,3.1,FM15,413,ICAO-KRDU,,,,,0.0,,,FM94_1,412,WMO-72306,52,D,FM15,413,ICAO-KRDU,24.0,D,FM94_1,412,WMO-72306,,,,,,,,,,,,,,,,,,,,,,,,,16.09,FM15,413,ICAO-KRDU,1017.9,FM15,413,ICAO-KRDU,0.5,8,FM15,413,ICAO-KRDU,04;;,FM94_1,412,WMO-72306,1000,FM94_1,412,WMO-72306,,,,,,,,,,1000,:,FM94_1,412,WMO-72306,SCT:04;,FM15,413,ICAO-KRDU,SCT:04;,FM15,413,ICAO-KRDU,,,,,,,,,1463,:,FM15,413,ICAO-KRDU,7620,:,FM15,413,ICAO-KRDU,,,,,,,,,,,,,,,KRDU 141751Z VRB06KT 10SM SCT048 SCT250 32/21 A3006 RMK AO2 SLP173 T03170206 10322 20228 58005,FM15,413,ICAO-KRDU
USW00013722,RALEIGH AP,2026-09-14T18:51:00,2026-09-14 14:51,2026,09,14,18,51,35.8922,-78.7819,120.4,32.2,FM15,413,ICAO-KRDU,20.0,FM15,413,ICAO-KRDU,,,,,1016.8,FM15,413,ICAO-KRDU,50,FM15,413,ICAO-KRDU,2.1,FM15,413,ICAO-KRDU,,,,,,,,,,,49,D,FM15,413,ICAO-KRDU,,,,,,,,,,,,,,,,,,,,,,,,,,,,,,16.09,FM15,413,ICAO-KRDU,1017.3,FM15,413,ICAO-KRDU,,,,,,,,,,,,,,,,,,,,,,,,,,,,SCT:04;,FM15,413,ICAO-KRDU,SCT:04;,FM15,413,ICAO-KRDU,,,,,,,,,1463,:,FM15,413,ICAO-KRDU,7620,:,FM15,413,ICAO-KRDU,,,,,,,,,,,,,,,KRDU 141851Z 05004KT 10SM SCT048 SCT250 32/20 A3004 RMK AO2 SLP168 T03220200,FM15,413,ICAO-KRDU
USW00013722,RALEIGH AP,2026-09-14T19:51:00,2026-09-14 15:51,2026,09,14,19,51,35.8922,-78.7819,120.4,31.7,FM15,413,ICAO-KRDU,19.4,FM15,413,ICAO-KRDU,,,,,1017.0,FM15,413,ICAO-KRDU,30,FM15,413,ICAO-KRDU,3.1,FM15,413,ICAO-KRDU,7.7,FM15,413,ICAO-KRDU,,,,,,,48,D,FM15,413,ICAO-KRDU,,,,,,,,,,,,,,,,,,,,,,,,,,,,,,16.09,FM15,413,ICAO-KRDU,1017.6,FM15,413,ICAO-KRDU,,,,,,,,,,,,,,,,,,,,,,,,,,,,SCT:04;,FM15,413,ICAO-KRDU,SCT:04;,FM15,413,ICAO-KRDU,,,,,,,,,1524,:,FM15,413,ICAO-KRDU,7620,:,FM15,413,ICAO-KRDU,,,,,,,,,,,,,,,KRDU 141951Z 03006G15KT 10SM SCT050 SCT250 32/19 A3005 RMK AO2 SLP170 T03170194,FM15,413,ICAO-KRDU
USW00013722,RALEIGH AP,2026-09-14T20:51:00,2026-09-14 16:51,2026,09,14,20,51,35.8922,-78.7819,120.4,31.7,FM15,413,ICAO-KRDU,20.0,FM15,413,ICAO-KRDU,1002.0,FM94_1,412,WMO-72306,1017.0,FM15,413,ICAO-KRDU,50,FM15,413,ICAO-KRDU,4.1,FM15,413,ICAO-KRDU,,,,,,,,,,,50,D,FM15,413,ICAO-KRDU,23.7,D,FM94_1,412,WMO-72306,,,,,,,,,,,,,,,,,,,,,,,,,16.09,FM15,413,ICAO-KRDU,1017.6,FM15,413,ICAO-KRDU,0.3,5,FM15,413,ICAO-KRDU,06;;,FM94_1,412,WMO-72306,600,FM94_1,412,WMO-72306,7620,M;,FM15,413,ICAO-KRDU,,,,,600,:,FM94_1,412,WMO-72306,SCT:04;,FM15,413,ICAO-KRDU,BKN:07;,FM15,413,ICAO-KRDU,,,,,,,,,1494,:,FM15,413,ICAO-KRDU,7620,:,FM15,413,ICAO-KRDU,,,,,,,,,,,,,,,KRDU 142051Z 05008KT 10SM SCT049 BKN250 32/20 A3005 RMK AO2 SLP170 T03170200 55003,FM15,413,ICAO-KRDU
USW00013722,RALEIGH AP,2026-09-14T21:51:00,2026-09-14 17:51,2026,09,14,21,51,35.8922,-78.7819,120.4,31.1,FM15,413,ICAO-KRDU,19.4,FM15,413,ICAO-KRDU,,,,,1017.3,FM15,413,ICAO-KRDU,40,FM15,413,ICAO-KRDU,3.6,FM15,413,ICAO-KRDU,,,,,,,,,,,50,D,FM15,413,ICAO-KRDU,,,,,,,,,,,,,,,,,,,,,,,,,,,,,,16.09,FM15,413,ICAO-KRDU,1017.9,FM15,413,ICAO-KRDU,,,,,,,,,,,,,,,,,,,,,,,,,,,,FEW:02;,FM15,413,ICAO-KRDU,FEW:02;,FM15,413,ICAO-KRDU,SCT:04;,FM15,413,ICAO-KRDU,,,,,1524,:,FM15,413,ICAO-KRDU,1981,:,FM15,413,ICAO-KRDU,7620,:,FM15,413,ICAO-KRDU,,,,,,,,,,KRDU 142151Z 04007KT 10SM FEW050 FEW065 SCT250 31/19 A3006 RMK AO2 SLP173 T03110194,FM15,413,ICAO-KRDU
USW00013722,RALEIGH AP,2026-09-14T22:51:00,2026-09-14 18:51,2026,09,14,22,51,35.8922,-78.7819,120.4,28.9,FM15,413,ICAO-KRDU,20.0,FM15,413,ICAO-KRDU,,,,,1017.9,FM15,413,ICAO-KRDU,40,FM15,413,ICAO-KRDU,4.1,FM15,413,ICAO-KRDU,,,,,,,,,,,59,D,FM15,413,ICAO-KRDU,,,,,,,,,,,,,,,,,,,,,,,,,,,,,,16.09,FM15,413,ICAO-KRDU,1018.3,FM15,413,ICAO-KRDU,,,,,,,,,,,,,,,,,,,,,,,,,,,,FEW:02;,FM15,413,ICAO-KRDU,SCT:04;,FM15,413,ICAO-KRDU,,,,,,,,,1524,:,FM15,413,ICAO-KRDU,7620,:,FM15,413,ICAO-KRDU,,,,,,,,,,,,,,,KRDU 142251Z 04008KT 10SM FEW050 SCT250 29/20 A3007 RMK AO2 SLP179 T02890200,FM15,413,ICAO-KRDU
USW00013722,RALEIGH AP,2026-09-14T23:51:00,2026-09-14 19:51,2026,09,14,23,51,35.8922,-78.7819,120.4,27.2,FM15,413,ICAO-KRDU,20.0,FM15,413,ICAO-KRDU,,,,,1018.6,FM15,413,ICAO-KRDU,50,FM15,413,ICAO-KRDU,2.6,FM15,413,ICAO-KRDU,9.3,FM15,413,ICAO-KRDU,,,,,,,65,D,FM15,413,ICAO-KRDU,,,,,,,,,,,,,,,,,,,,,,,,,,,,,,16.09,FM15,413,ICAO-KRDU,1019.0,FM15,413,ICAO-KRDU,1.5,3,FM15,413,ICAO-KRDU,,,,,,,,,,,,,,,,,,,,,,,FEW:02;,FM15,413,ICAO-KRDU,FEW:02;,FM15,413,ICAO-KRDU,,,,,,,,,1524,:,FM15,413,ICAO-KRDU,7620,:,FM15,413,ICAO-KRDU,,,,,,,,,,,,,,,KRDU 142351Z 05005G18KT 10SM FEW050 FEW250 27/20 A3009 RMK AO2 SLP186 T02720200 10328 20272 53015,FM15,413,ICAO-KRDU
USW00013722,RALEIGH AP,2026-09-15T00:51:00,2026-09-14 20:51,2026,09,15,00,51,35.8922,-78.7819,120.4,26.7,FM15,413,ICAO-KRDU,19.4,FM15,413,ICAO-KRDU,,,,,1019.8,FM15,413,ICAO-KRDU,60,FM15,413,ICAO-KRDU,3.6,FM15,413,ICAO-KRDU,,,,,,,,,,,64,D,FM15,413,ICAO-KRDU,,,,,,,,,,,,,,,,,,,,,,,,,,,,,,16.09,FM15,413,ICAO-KRDU,1020.3,FM15,413,ICAO-KRDU,,,,,,,,,,,,,,,,,,,,,,,,,,,,FEW:02;,FM15,413,ICAO-KRDU,FEW:02;,FM15,413,ICAO-KRDU,,,,,,,,,1524,:,FM15,413,ICAO-KRDU,7620,:,FM15,413,ICAO-KRDU,,,,,,,,,,,,,,,KRDU 150051Z 06007KT 10SM FEW050 FEW250 27/19 A3013 RMK AO2 SLP198 T02670194,FM15,413,ICAO-KRDU
USW00013722,RALEIGH AP,2026-09-15T01:51:00,2026-09-14 21:51,2026,09,15,01,51,35.8922,-78.7819,120.4,25.6,FM15,413,ICAO-KRDU,17.2,FM15,413,ICAO-KRDU,,,,,1020.9,FM15,413,ICAO-KRDU,70,FM15,413,ICAO-KRDU,4.6,FM15,413,ICAO-KRDU,,,,,,,,,,,60,D,FM15,413,ICAO-KRDU,,,,,,,,,,,,,,,,,,,,,,,,,,,,,,16.09,FM15,413,ICAO-KRDU,1021.7,FM15,413,ICAO-KRDU,,,,,,,,,,,,,,,,,,,,,,,,,,,,CLR:00;,FM15,413,ICAO-KRDU,,,,,,,,,,,,,,,,,,,,,,,,,,,,,,,,,,,,,KRDU 150151Z 07009KT 10SM CLR 26/17 A3017 RMK AO2 SLP209 T02560172,FM15,413,ICAO-KRDU
USW00013722,RALEIGH AP,2026-09-15T02:51:00,2026-09-14 22:51,2026,09,15,02,51,35.8922,-78.7819,120.4,24.4,FM15,413,ICAO-KRDU,16.7,FM15,413,ICAO-KRDU,1006.3,FM94_1,412,WMO-72306,1021.6,FM15,413,ICAO-KRDU,60,FM15,413,ICAO-KRDU,4.1,FM15,413,ICAO-KRDU,,,,,,,,,,,62,D,FM15,413,ICAO-KRDU,19.6,D,FM94_1,412,WMO-72306,,,,,,,,,,,,,,,,,,,,,,,,,16.09,FM15,413,ICAO-KRDU,1022.0,FM15,413,ICAO-KRDU,3.0,1,FM15,413,ICAO-KRDU,00;;,FM94_1,412,WMO-72306,,,,,,,,,,,,,,,,,,,CLR:00;,FM15,413,ICAO-KRDU,,,,,,,,,,,,,,,,,,,,,,,,,,,,,,,,,,,,,KRDU 150251Z 06008KT 10SM CLR 24/17 A3018 RMK AO2 SLP216 T02440167 51030,FM15,413,ICAO-KRDU
USW00013722,RALEIGH AP,2026-09-15T03:51:00,2026-09-14 23:51,2026,09,15,03,51,35.8922,-78.7819,120.4,23.3,FM15,413,ICAO-KRDU,16.1,FM15,413,ICAO-KRDU,,,,,,,,,70,FM15,413,ICAO-KRDU,3.6,FM15,413,ICAO-KRDU,,,,,,,,,,,64,D,FM15,413,ICAO-KRDU,,,,,,,,,,,,,,,,,,,,,,,,,,,,,,16.09,FM15,413,ICAO-KRDU,1022.7,FM15,413,ICAO-KRDU,,,,,,,,,,,,,,,,,,,,,,,,,,,,FEW:02;,FM15,413,ICAO-KRDU,FEW:02;,FM15,413,ICAO-KRDU,,,,,,,,,1524,:,FM15,413,ICAO-KRDU,7620,:,FM15,413,ICAO-KRDU,,,,,,,,,,,,,,,KRDU 150351Z 07007KT 10SM FEW050 FEW250 23/16 A3020 RMK T02330161,FM15,413,ICAO-KRDU
USW00013722,RALEIGH AP,2026-09-15T04:51:00,2026-09-15 00:51,2026,09,15,04,51,35.8922,-78.7819,120.4,21.7,FM15,413,ICAO-KRDU,15.0,FM15,413,ICAO-KRDU,,,,,1022.6,FM15,413,ICAO-KRDU,50,FM15,413,ICAO-KRDU,3.1,FM15,413,ICAO-KRDU,,,,,,,,,,,66,D,FM15,413,ICAO-KRDU,,,,,,,,,,,,,,,,,,,,,,,,,,,,,,16.09,FM15,413,ICAO-KRDU,1023.4,FM15,413,ICAO-KRDU,,,,,,,,,,,,,,,,,,,,,,,,,,,,FEW:02;,FM15,413,ICAO-KRDU,FEW:02;,FM15,413,ICAO-KRDU,,,,,,,,,1524,:,FM15,413,ICAO-KRDU,7620,:,FM15,413,ICAO-KRDU,,,,,,,,,,,,,,,KRDU 150451Z 05006KT 10SM FEW050 FEW250 22/15 A3022 RMK AO2 SLP226 T02170150 403280217,FM15,413,ICAO-KRDU
USW00013722,RALEIGH AP,2026-09-15T05:51:00,2026-09-15 01:51,2026,09,15,05,51,35.8922,-78.7819,120.4,21.1,FM15,413,ICAO-KRDU,13.9,FM15,413,ICAO-KRDU,1007.7,FM94_1,412,WMO-72306,1022.6,FM15,413,ICAO-KRDU,60,FM15,413,ICAO-KRDU,3.1,FM15,413,ICAO-KRDU,,,,,0.0,,,FM94_1,412,WMO-72306,63,D,FM15,413,ICAO-KRDU,16.8,D,FM94_1,412,WMO-72306,,,,,,,,,,,,,,,,,,,,,,,,,16.09,FM15,413,ICAO-KRDU,1023.4,FM15,413,ICAO-KRDU,1.0,1,FM15,413,ICAO-KRDU,02;;,FM94_1,412,WMO-72306,5000,FM94_1,412,WMO-72306,,,,,,,,,,5000,:,FM94_1,412,WMO-72306,FEW:02;,FM15,413,ICAO-KRDU,,,,,,,,,,,,,7620,:,FM15,413,ICAO-KRDU,,,,,,,,,,,,,,,,,,,,KRDU 150551Z 06006KT 10SM FEW250 21/14 A3022 RMK AO2 SLP226 T02110139 10272 20211 51010,FM15,413,ICAO-KRDU
USW00013722,RALEIGH AP,2026-09-15T06:51:00,2026-09-15 02:51,2026,09,15,06,51,35.8922,-78.7819,120.4,20.0,FM15,413,ICAO-KRDU,13.9,FM15,413,ICAO-KRDU,,,,,1023.2,FM15,413,ICAO-KRDU,40,FM15,413,ICAO-KRDU,3.1,FM15,413,ICAO-KRDU,,,,,,,,,,,68,D,FM15,413,ICAO-KRDU,,,,,,,,,,,,,,,,,,,,,,,,,,,,,,16.09,FM15,413,ICAO-KRDU,1023.7,FM15,413,ICAO-KRDU,,,,,,,,,,,,,,,,,,,,,,,,,,,,FEW:02;,FM15,413,ICAO-KRDU,FEW:02;,FM15,413,ICAO-KRDU,,,,,,,,,610,:,FM15,413,ICAO-KRDU,7620,:,FM15,413,ICAO-KRDU,,,,,,,,,,,,,,,KRDU 150651Z 04006KT 10SM FEW020 FEW250 20/14 A3023 RMK AO2 SLP232 T02000139 $,FM15,413,ICAO-KRDU
USW00013722,RALEIGH AP,2026-09-15T07:51:00,2026-09-15 03:51,2026,09,15,07,51,35.8922,-78.7819,120.4,19.4,FM15,413,ICAO-KRDU,14.4,FM15,413,ICAO-KRDU,,,,,1023.5,FM15,413,ICAO-KRDU,30,FM15,413,ICAO-KRDU,3.6,FM15,413,ICAO-KRDU,,,,,,,,,,,73,D,FM15,413,ICAO-KRDU,,,,,,,,,,,,,,,,,,,,,,,,,,,,,,16.09,FM15,413,ICAO-KRDU,1024.0,FM15,413,ICAO-KRDU,,,,,,,,,,,,,,,,,,,,,,,,,,,,FEW:02;,FM15,413,ICAO-KRDU,FEW:02;,FM15,413,ICAO-KRDU,FEW:02;,FM15,413,ICAO-KRDU,,,,,610,:,FM15,413,ICAO-KRDU,1524,:,FM15,413,ICAO-KRDU,1981,:,FM15,413,ICAO-KRDU,,,,,,,,,,KRDU 150751Z 03007KT 10SM FEW020 FEW050 FEW065 19/14 A3024 RMK AO2 SLP235 T01940144 $,FM15,413,ICAO-KRDU
USW00013722,RALEIGH AP,2026-09-15T08:51:00,2026-09-15 04:51,2026,09,15,08,51,35.8922,-78.7819,120.4,18.9,FM15,413,ICAO-KRDU,14.4,FM15,413,ICAO-KRDU,1008.7,FM94_1,412,WMO-72306,1023.8,FM15,413,ICAO-KRDU,30,FM15,413,ICAO-KRDU,3.6,FM15,413,ICAO-KRDU,,,,,,,,,,,75,D,FM15,413,ICAO-KRDU,16.3,D,FM94_1,412,WMO-72306,,,,,,,,,,,,,,,,,,,,,,,,,16.09,FM15,413,ICAO-KRDU,1024.4,FM15,413,ICAO-KRDU,1.0,1,FM15,413,ICAO-KRDU,02;;,FM94_1,412,WMO-72306,600,FM94_1,412,WMO-72306,,,,,,,,,,600,:,FM94_1,412,WMO-72306,FEW:02;,FM15,413,ICAO-KRDU,FEW:02;,FM15,413,ICAO-KRDU,FEW:02;,FM15,413,ICAO-KRDU,,,,,610,:,FM15,413,ICAO-KRDU,1524,:,FM15,413,ICAO-KRDU,1981,:,FM15,413,ICAO-KRDU,,,,,,,,,,KRDU 150851Z 03007KT 10SM FEW020 FEW050 FEW065 19/14 A3025 RMK AO2 SLP238 T01890144 51010 $,FM15,413,ICAO-KRDU
USW00013722,RALEIGH AP,2026-09-15T09:51:00,2026-09-15 05:51,2026,09,15,09,51,35.8922,-78.7819,120.4,17.8,FM15,413,ICAO-KRDU,14.4,FM15,413,ICAO-KRDU,,,,,1024.3,FM15,413,ICAO-KRDU,40,FM15,413,ICAO-KRDU,3.1,FM15,413,ICAO-KRDU,,,,,,,,,,,80,D,FM15,413,ICAO-KRDU,,,,,,,,,,,,,,,,,,,,,,,,,,,,,,16.09,FM15,413,ICAO-KRDU,1024.7,FM15,413,ICAO-KRDU,,,,,,,,,,,,,,,,,,,,,,,,,,,,FEW:02;,FM15,413,ICAO-KRDU,FEW:02;,FM15,413,ICAO-KRDU,FEW:02;,FM15,413,ICAO-KRDU,,,,,610,:,FM15,413,ICAO-KRDU,1524,:,FM15,413,ICAO-KRDU,2134,:,FM15,413,ICAO-KRDU,,,,,,,,,,KRDU 150951Z 04006KT 10SM FEW020 FEW050 FEW070 18/14 A3026 RMK AO2 SLP243 T01780144 $,FM15,413,ICAO-KRDU
USW00013722,RALEIGH AP,2026-09-15T10:51:00,2026-09-15 06:51,2026,09,15,10,51,35.8922,-78.7819,120.4,17.2,FM15,413,ICAO-KRDU,14.4,FM15,413,ICAO-KRDU,,,,,1024.8,FM15,413,ICAO-KRDU,60,FM15,413,ICAO-KRDU,2.6,FM15,413,ICAO-KRDU,,,,,,,,,,,84,D,FM15,413,ICAO-KRDU,,,,,,,,,,,,,,,,,,,,,,,,,,,,,,16.09,FM15,413,ICAO-KRDU,1025.4,FM15,413,ICAO-KRDU,,,,,,,,,,,,,,,,,,,,,,,,,,,,FEW:02;,FM15,413,ICAO-KRDU,FEW:02;,FM15,413,ICAO-KRDU,FEW:02;,FM15,413,ICAO-KRDU,,,,,914,:,FM15,413,ICAO-KRDU,1524,:,FM15,413,ICAO-KRDU,2134,:,FM15,413,ICAO-KRDU,,,,,,,,,,KRDU 151051Z 06005KT 10SM FEW030 FEW050 FEW070 17/14 A3028 RMK AO2 SLP248 T01720144 $,FM15,413,ICAO-KRDU
USW00013722,RALEIGH AP,2026-09-15T11:51:00,2026-09-15 07:51,2026,09,15,11,51,35.8922,-78.7819,120.4,18.9,FM15,413,ICAO-KRDU,14.4,FM15,413,ICAO-KRDU,,,,,1026.3,FM15,413,ICAO-KRDU,10,FM15,413,ICAO-KRDU,2.6,FM15,413,ICAO-KRDU,,,,,,,,,,,75,D,FM15,413,ICAO-KRDU,,,,,,,,,,,,,,,,,,,,,,,,,,,,,,16.09,FM15,413,ICAO-KRDU,1026.8,FM15,413,ICAO-KRDU,2.5,3,FM15,413,ICAO-KRDU,,,,,,,,,7620,M;,FM15,413,ICAO-KRDU,,,,,,,,,,FEW:02;,FM15,413,ICAO-KRDU,BKN:07;,FM15,413,ICAO-KRDU,,,,,,,,,914,:,FM15,413,ICAO-KRDU,7620,:,FM15,413,ICAO-KRDU,,,,,,,,,,,,,,,KRDU 151151Z 01005KT 10SM FEW030 BKN250 19/14 A3032 RMK AO2 SLP263 T01890144 10217 20172 53025 $,FM15,413,ICAO-KRDU
USW00013722,RALEIGH AP,2026-09-15T12:51:00,2026-09-15 08:51,2026,09,15,12,51,35.8922,-78.7819,120.4,20.6,FM15,413,ICAO-KRDU,13.9,FM15,413,ICAO-KRDU,,,,,1026.6,FM15,413,ICAO-KRDU,50,FM15,413,ICAO-KRDU,3.6,FM15,413,ICAO-KRDU,,,,,,,,,,,65,D,FM15,413,ICAO-KRDU,,,,,,,,,,,,,,,,,,,,,,,,,,,,,,16.09,FM15,413,ICAO-KRDU,1027.1,FM15,413,ICAO-KRDU,,,,,,,,,,,,,,7620,M;,FM15,413,ICAO-KRDU,,,,,,,,,,FEW:02;,FM15,413,ICAO-KRDU,BKN:07;,FM15,413,ICAO-KRDU,,,,,,,,,2286,:,FM15,413,ICAO-KRDU,7620,:,FM15,413,ICAO-KRDU,,,,,,,,,,,,,,,KRDU 151251Z 05007KT 10SM FEW075 BKN250 21/14 A3033 RMK AO2 SLP266 T02060139 $,FM15,413,ICAO-KRDU
USW00013722,RALEIGH AP,2026-09-15T13:51:00,2026-09-15 09:51,2026,09,15,13,51,35.8922,-78.7819,120.4,23.3,FM15,413,ICAO-KRDU,12.8,FM15,413,ICAO-KRDU,,,,,1027.4,FM15,413,ICAO-KRDU,60,FM15,413,ICAO-KRDU,4.6,FM15,413,ICAO-KRDU,,,,,,,,,,,52,D,FM15,413,ICAO-KRDU,,,,,,,,,,,,,,,,,,,,,,,,,,,,,,16.09,FM15,413,ICAO-KRDU,1027.8,FM15,413,ICAO-KRDU,,,,,,,,,,,,,,7620,M;,FM15,413,ICAO-KRDU,,,,,,,,,,FEW:02;,FM15,413,ICAO-KRDU,BKN:07;,FM15,413,ICAO-KRDU,,,,,,,,,2286,:,FM15,413,ICAO-KRDU,7620,:,FM15,413,ICAO-KRDU,,,,,,,,,,,,,,,KRDU 151351Z 06009KT 10SM FEW075 BKN250 23/13 A3035 RMK AO2 SLP274 T02330128 $,FM15,413,ICAO-KRDU
USW00013722,RALEIGH AP,2026-09-15T14:51:00,2026-09-15 10:51,2026,09,15,14,51,35.8922,-78.7819,120.4,24.4,FM15,413,ICAO-KRDU,11.7,FM15,413,ICAO-KRDU,1012.4,FM94_1,412,WMO-72306,1027.7,FM15,413,ICAO-KRDU,80,FM15,413,ICAO-KRDU,4.1,FM15,413,ICAO-KRDU,8.7,FM15,413,ICAO-KRDU,,,,,,,45,D,FM15,413,ICAO-KRDU,17.0,D,FM94_1,412,WMO-72306,,,,,,,,,,,,,,,,,,,,,,,,,16.09,FM15,413,ICAO-KRDU,1028.1,FM15,413,ICAO-KRDU,1.3,1,FM15,413,ICAO-KRDU,04;;,FM94_1,412,WMO-72306,600,FM94_1,412,WMO-72306,,,,,,,,,,600,:,FM94_1,412,WMO-72306,FEW:02;,FM15,413,ICAO-KRDU,SCT:04;,FM15,413,ICAO-KRDU,,,,,,,,,2286,:,FM15,413,ICAO-KRDU,7620,:,FM15,413,ICAO-KRDU,,,,,,,,,,,,,,,KRDU 151451Z 08008G17KT 10SM FEW075 SCT250 24/12 A3036 RMK AO2 SLP277 T02440117 51013 $,FM15,413,ICAO-KRDU
USW00013722,RALEIGH AP,2026-09-15T15:51:00,2026-09-15 11:51,2026,09,15,15,51,35.8922,-78.7819,120.4,25.0,FM15,413,ICAO-KRDU,12.2,FM15,413,ICAO-KRDU,,,,,1027.5,FM15,413,ICAO-KRDU,,,,,1.5,FM15,413,ICAO-KRDU,,,,,,,,,,,45,D,FM15,413,ICAO-KRDU,,,,,,,,,,,,,,,,,,,,,,,,,,,,,,16.09,FM15,413,ICAO-KRDU,1028.1,FM15,413,ICAO-KRDU,,,,,,,,,,,,,,7620,M;,FM15,413,ICAO-KRDU,,,,,,,,,,FEW:02;,FM15,413,ICAO-KRDU,BKN:07;,FM15,413,ICAO-KRDU,,,,,,,,,1829,:,FM15,413,ICAO-KRDU,7620,:,FM15,413,ICAO-KRDU,,,,,,,,,,,,,,,KRDU 151551Z VRB03KT 10SM FEW060 BKN250 25/12 A3036 RMK AO2 SLP275 T02500122,FM15,413,ICAO-KRDU
USW00013722,RALEIGH AP,2026-09-15T16:51:00,2026-09-15 12:51,2026,09,15,16,51,35.8922,-78.7819,120.4,25.0,FM15,413,ICAO-KRDU,12.2,FM15,413,ICAO-KRDU,,,,,1027.3,FM15,413,ICAO-KRDU,,,,,2.1,FM15,413,ICAO-KRDU,,,,,,,,,,,45,D,FM15,413,ICAO-KRDU,,,,,,,,,,,,,,,,,,,,,,,,,,,,,,16.09,FM15,413,ICAO-KRDU,1027.8,FM15,413,ICAO-KRDU,,,,,,,,,,,,,,7620,M;,FM15,413,ICAO-KRDU,,,,,,,,,,FEW:02;,FM15,413,ICAO-KRDU,BKN:07;,FM15,413,ICAO-KRDU,,,,,,,,,1829,:,FM15,413,ICAO-KRDU,7620,:,FM15,413,ICAO-KRDU,,,,,,,,,,,,,,,KRDU 151651Z VRB04KT 10SM FEW060 BKN250 25/12 A3035 RMK AO2 SLP273 T02500122,FM15,413,ICAO-KRDU
USW00013722,RALEIGH AP,2026-09-15T17:51:00,2026-09-15 13:51,2026,09,15,17,51,35.8922,-78.7819,120.4,27.2,FM15,413,ICAO-KRDU,12.8,FM15,413,ICAO-KRDU,1011.4,FM94_1,412,WMO-72306,1026.7,FM15,413,ICAO-KRDU,,,,,2.6,FM15,413,ICAO-KRDU,,,,,0.0,,,FM94_1,412,WMO-72306,41,D,FM15,413,ICAO-KRDU,18.5,D,FM94_1,412,WMO-72306,,,,,,,,,,,,,,,,,,,,,,,,,16.09,FM15,413,ICAO-KRDU,1027.1,FM15,413,ICAO-KRDU,1.0,8,FM15,413,ICAO-KRDU,06;;,FM94_1,412,WMO-72306,1500,FM94_1,412,WMO-72306,7620,M;,FM15,413,ICAO-KRDU,,,,,1500,:,FM94_1,412,WMO-72306,FEW:02;,FM15,413,ICAO-KRDU,BKN:07;,FM15,413,ICAO-KRDU,,,,,,,,,1829,:,FM15,413,ICAO-KRDU,7620,:,FM15,413,ICAO-KRDU,,,,,,,,,,,,,,,KRDU 151751Z VRB05KT 10SM FEW060 BKN250 27/13 A3033 RMK AO2 SLP267 T02720128 10272 20189 58010,FM15,413,ICAO-KRDU
USW00013722,RALEIGH AP,2026-09-15T18:51:00,2026-09-15 14:51,2026,09,15,18,51,35.8922,-78.7819,120.4,27.2,FM15,413,ICAO-KRDU,12.8,FM15,413,ICAO-KRDU,,,,,1026.2,FM15,413,ICAO-KRDU,,,,,1.5,FM15,413,ICAO-KRDU,,,,,,,,,,,41,D,FM15,413,ICAO-KRDU,,,,,,,,,,,,,,,,,,,,,,,,,,,,,,16.09,FM15,413,ICAO-KRDU,1026.8,FM15,413,ICAO-KRDU,,,,,,,,,,,,,,,,,,,,,,,,,,,,FEW:02;,FM15,413,ICAO-KRDU,SCT:04;,FM15,413,ICAO-KRDU,,,,,,,,,1829,:,FM15,413,ICAO-KRDU,7620,:,FM15,413,ICAO-KRDU,,,,,,,,,,,,,,,KRDU 151851Z VRB03KT 10SM FEW060 SCT250 27/13 A3032 RMK AO2 SLP262 T02720128,FM15,413,ICAO-KRDU
USW00013722,RALEIGH AP,2026-09-15T19:51:00,2026-09-15 15:51,2026,09,15,19,51,35.8922,-78.7819,120.4,27.8,FM15,413,ICAO-KRDU,13.3,FM15,413,ICAO-KRDU,,,,,1025.8,FM15,413,ICAO-KRDU,,,,,2.1,FM15,413,ICAO-KRDU,,,,,,,,,,,41,D,FM15,413,ICAO-KRDU,,,,,,,,,,,,,,,,,,,,,,,,,,,,,,16.09,FM15,413,ICAO-KRDU,1026.4,FM15,413,ICAO-KRDU,,,,,,,,,,,,,,,,,,,,,,,,,,,,FEW:02;,FM15,413,ICAO-KRDU,SCT:04;,FM15,413,ICAO-KRDU,,,,,,,,,1829,:,FM15,413,ICAO-KRDU,7620,:,FM15,413,ICAO-KRDU,,,,,,,,,,,,,,,KRDU 151951Z VRB04KT 10SM FEW060 SCT250 28/13 A3031 RMK AO2 SLP258 T02780133,FM15,413,ICAO-KRDU
USW00013722,RALEIGH AP,2026-09-15T20:51:00,2026-09-15 16:51,2026,09,15,20,51,35.8922,-78.7819,120.4,27.8,FM15,413,ICAO-KRDU,13.9,FM15,413,ICAO-KRDU,1010.3,FM94_1,412,WMO-72306,1025.4,FM15,413,ICAO-KRDU,70,FM15,413,ICAO-KRDU,2.6,FM15,413,ICAO-KRDU,,,,,,,,,,,42,D,FM15,413,ICAO-KRDU,19.2,D,FM94_1,412,WMO-72306,,,,,,,,,,,,,,,,,,,,,,,,,16.09,FM15,413,ICAO-KRDU,1026.1,FM15,413,ICAO-KRDU,1.2,6,FM15,413,ICAO-KRDU,04;;,FM94_1,412,WMO-72306,600,FM94_1,412,WMO-72306,,,,,,,,,,600,:,FM94_1,412,WMO-72306,SCT:04;,FM15,413,ICAO-KRDU,,,,,,,,,,,,,7620,:,FM15,413,ICAO-KRDU,,,,,,,,,,,,,,,,,,,,KRDU 152051Z 07005KT 10SM SCT250 28/14 A3030 RMK AO2 SLP254 T02780139 56012,FM15,413,ICAO-KRDU
USW00013722,RALEIGH AP,2026-09-15T21:51:00,2026-09-15 17:51,2026,09,15,21,51,35.8922,-78.7819,120.4,27.8,FM15,413,ICAO-KRDU,13.9,FM15,413,ICAO-KRDU,,,,,1025.4,FM15,413,ICAO-KRDU,70,FM15,413,ICAO-KRDU,3.1,FM15,413,ICAO-KRDU,,,,,,,,,,,42,D,FM15,413,ICAO-KRDU,,,,,,,,,,,,,,,,,,,,,,,,,,,,,,16.09,FM15,413,ICAO-KRDU,1025.7,FM15,413,ICAO-KRDU,,,,,,,,,,,,,,,,,,,,,,,,,,,,SCT:04;,FM15,413,ICAO-KRDU,,,,,,,,,,,,,7620,:,FM15,413,ICAO-KRDU,,,,,,,,,,,,,,,,,,,,KRDU 152151Z 07006KT 10SM SCT250 28/14 A3029 RMK AO2 SLP254 T02780139,FM15,413,ICAO-KRDU
USW00013722,RALEIGH AP,2026-09-15T22:51:00,2026-09-15 18:51,2026,09,15,22,51,35.8922,-78.7819,120.4,25.6,FM15,413,ICAO-KRDU,14.4,FM15,413,ICAO-KRDU,,,,,1025.6,FM15,413,ICAO-KRDU,50,FM15,413,ICAO-KRDU,3.6,FM15,413,ICAO-KRDU,,,,,,,,,,,50,D,FM15,413,ICAO-KRDU,,,,,,,,,,,,,,,,,,,,,,,,,,,,,,16.09,FM15,413,ICAO-KRDU,1026.1,FM15,413,ICAO-KRDU,,,,,,,,,,,,,,,,,,,,,,,,,,,,SCT:04;,FM15,413,ICAO-KRDU,,,,,,,,,,,,,7620,:,FM15,413,ICAO-KRDU,,,,,,,,,,,,,,,,,,,,KRDU 152251Z 05007KT 10SM SCT250 26/14 A3030 RMK AO2 SLP256 T02560144,FM15,413,ICAO-KRDU
USW00013722,RALEIGH AP,2026-09-15T23:51:00,2026-09-15 19:51,2026,09,15,23,51,35.8922,-78.7819,120.4,23.9,FM15,413,ICAO-KRDU,15.0,FM15,413,ICAO-KRDU,1010.7,FM94_1,412,WMO-72306,1025.9,FM15,413,ICAO-KRDU,30,FM15,413,ICAO-KRDU,1.5,FM15,413,ICAO-KRDU,,,,,0.0,,,FM94_1,412,WMO-72306,57,D,FM15,413,ICAO-KRDU,18.4,D,FM94_1,412,WMO-72306,,,,,,,,,,,,,,,,,,,,,,,,,14.48,FM15,413,ICAO-KRDU,1026.4,FM15,413,ICAO-KRDU,0.3,3,FM15,413,ICAO-KRDU,04;;,FM94_1,412,WMO-72306,5000,FM94_1,412,WMO-72306,,,,,,,,,,5000,:,FM94_1,412,WMO-72306,SCT:04;,FM15,413,ICAO-KRDU,,,,,,,,,,,,,7620,:,FM15,413,ICAO-KRDU,,,,,,,,,,,,,,,,,,,,KRDU 152351Z 03003KT 9SM SCT250 24/15 A3031 RMK AO2 SLP259 T02390150 10283 20233 53003,FM15,413,ICAO-KRDU
USW00013722,RALEIGH AP,2026-09-16T00:51:00,2026-09-15 20:51,2026,09,16,00,51,35.8922,-78.7819,120.4,22.8,FM15,413,ICAO-KRDU,15.6,FM15,413,ICAO-KRDU,,,,,1026.5,FM15,413,ICAO-KRDU,90,FM15,413,ICAO-KRDU,2.1,FM15,413,ICAO-KRDU,,,,,,,,,,,64,D,FM15,413,ICAO-KRDU,,,,,,,,,,,,,,,,,,,,,,,,,,,,,,16.09,FM15,413,ICAO-KRDU,1026.8,FM15,413,ICAO-KRDU,,,,,,,,,,,,,,,,,,,,,,,,,,,,CLR:00;,FM15,413,ICAO-KRDU,,,,,,,,,,,,,,,,,,,,,,,,,,,,,,,,,,,,,KRDU 160051Z 09004KT 10SM CLR 23/16 A3032 RMK AO2 SLP265 T02280156,FM15,413,ICAO-KRDU
USW00013722,RALEIGH AP,2026-09-16T01:51:00,2026-09-15 21:51,2026,09,16,01,51,35.8922,-78.7819,120.4,21.7,FM15,413,ICAO-KRDU,15.6,FM15,413,ICAO-KRDU,,,,,1026.8,FM15,413,ICAO-KRDU,0,FM15,413,ICAO-KRDU,0.0,FM15,413,ICAO-KRDU,,,,,,,,,,,68,D,FM15,413,ICAO-KRDU,,,,,,,,,,,,,,,,,,,,,,,,,,,,,,16.09,FM15,413,ICAO-KRDU,1027.1,FM15,413,ICAO-KRDU,,,,,,,,,,,,,,,,,,,,,,,,,,,,CLR:00;,FM15,413,ICAO-KRDU,,,,,,,,,,,,,,,,,,,,,,,,,,,,,,,,,,,,,KRDU 160151Z 00000KT 10SM CLR 22/16 A3033 RMK AO2 SLP268 T02170156,FM15,413,ICAO-KRDU
USW00013722,RALEIGH AP,2026-09-16T02:51:00,2026-09-15 22:51,2026,09,16,02,51,35.8922,-78.7819,120.4,20.6,FM15,413,ICAO-KRDU,16.1,FM15,413,ICAO-KRDU,1011.7,FM94_1,412,WMO-72306,1026.9,FM15,413,ICAO-KRDU,0,FM15,413,ICAO-KRDU,0.0,FM15,413,ICAO-KRDU,,,,,,,,,,,75,D,FM15,413,ICAO-KRDU,17.9,D,FM94_1,412,WMO-72306,,,,,,,,,,,,,,,,,,,,,,,,,16.09,FM15,413,ICAO-KRDU,1027.4,FM15,413,ICAO-KRDU,1.0,1,FM15,413,ICAO-KRDU,00;;,FM94_1,412,WMO-72306,,,,,,,,,,,,,,,,,,,CLR:00;,FM15,413,ICAO-KRDU,,,,,,,,,,,,,,,,,,,,,,,,,,,,,,,,,,,,,KRDU 160251Z 00000KT 10SM CLR 21/16 A3034 RMK AO2 SLP269 T02060161 51010,FM15,413,ICAO-KRDU
USW00013722,RALEIGH AP,2026-09-16T03:51:00,2026-09-15 23:51,2026,09,16,03,51,35.8922,-78.7819,120.4,20.0,FM15,413,ICAO-KRDU,16.1,FM15,413,ICAO-KRDU,,,,,1026.8,FM15,413,ICAO-KRDU,0,FM15,413,ICAO-KRDU,0.0,FM15,413,ICAO-KRDU,,,,,,,,,,,78,D,FM15,413,ICAO-KRDU,,,,,,,,,,,,,,,,,,,,,,,,,,,,,,16.09,FM15,413,ICAO-KRDU,1027.1,FM15,413,ICAO-KRDU,,,,,,,,,,,,,,,,,,,,,,,,,,,,CLR:00;,FM15,413,ICAO-KRDU,,,,,,,,,,,,,,,,,,,,,,,,,,,,,,,,,,,,,KRDU 160351Z 00000KT 10SM CLR 20/16 A3033 RMK AO2 SLP268 T02000161,FM15,413,ICAO-KRDU
USW00013722,RALEIGH AP,2026-09-16T04:51:00,2026-09-16 00:51,2026,09,16,04,51,35.8922,-78.7819,120.4,20.0,FM15,413,ICAO-KRDU,15.6,FM15,413,ICAO-KRDU,,,,,1026.9,FM15,413,ICAO-KRDU,100,FM15,413,ICAO-KRDU,2.6,FM15,413,ICAO-KRDU,,,,,,,,,,,76,D,FM15,413,ICAO-KRDU,,,,,,,,,,,,,,,,,,,,,,,,,,,,,,16.09,FM15,413,ICAO-KRDU,1027.4,FM15,413,ICAO-KRDU,,,,,,,,,,,,,,,,,,,,,,,,,,,,CLR:00;,FM15,413,ICAO-KRDU,,,,,,,,,,,,,,,,,,,,,,,,,,,,,,,,,,,,,KRDU 160451Z 10005KT 10SM CLR 20/16 A3034 RMK AO2 SLP269 T02000156 402830172,FM15,413,ICAO-KRDU
USW00013722,RALEIGH AP,2026-09-16T05:51:00,2026-09-16 01:51,2026,09,16,05,51,35.8922,-78.7819,120.4,19.4,FM15,413,ICAO-KRDU,15.6,FM15,413,ICAO-KRDU,1011.4,FM94_1,412,WMO-72306,1026.5,FM15,413,ICAO-KRDU,120,FM15,413,ICAO-KRDU,2.6,FM15,413,ICAO-KRDU,,,,,0.0,,,FM94_1,412,WMO-72306,79,D,FM15,413,ICAO-KRDU,17.1,D,FM94_1,412,WMO-72306,,,,,,,,,,,,,,,,,,,,,,,,,16.09,FM15,413,ICAO-KRDU,1027.1,FM15,413,ICAO-KRDU,0.4,8,FM15,413,ICAO-KRDU,00;;,FM94_1,412,WMO-72306,,,,,,,,,,CLR:00,FM94_1,412,WMO-72306,,,,,,CLR:00;,FM15,413,ICAO-KRDU,,,,,,,,,,,,,,,,,,,,,,,,,,,,,,,,,,,,,KRDU 160551Z 12005KT 10SM CLR 19/16 A3033 RMK AO2 SLP265 T01940156 10239 20194 58004,FM15,413,ICAO-KRDU
USW00013722,RALEIGH AP,2026-09-16T06:51:00,2026-09-16 02:51,2026,09,16,06,51,35.8922,-78.7819,120.4,18.9,FM15,413,ICAO-KRDU,15.6,FM15,413,ICAO-KRDU,,,,,1026.5,FM15,413,ICAO-KRDU,0,FM15,413,ICAO-KRDU,0.0,FM15,413,ICAO-KRDU,,,,,,,,,,,81,D,FM15,413,ICAO-KRDU,,,,,,,,,,,,,,,,,,,,,,,,,,,,,,16.09,FM15,413,ICAO-KRDU,1027.1,FM15,413,ICAO-KRDU,,,,,,,,,,,,,,,,,,,,,,,,,,,,CLR:00;,FM15,413,ICAO-KRDU,,,,,,,,,,,,,,,,,,,,,,,,,,,,,,,,,,,,,KRDU 160651Z 00000KT 10SM CLR 19/16 A3033 RMK AO2 SLP265 T01890156,FM15,413,ICAO-KRDU
USW00013722,RALEIGH AP,2026-09-16T07:51:00,2026-09-16 03:51,2026,09,16,07,51,35.8922,-78.7819,120.4,17.8,FM15,413,ICAO-KRDU,15.6,FM15,413,ICAO-KRDU,,,,,1026.2,FM15,413,ICAO-KRDU,0,FM15,413,ICAO-KRDU,0.0,FM15,413,ICAO-KRDU,,,,,,,,,,,87,D,FM15,413,ICAO-KRDU,,,,,,,,,,,,,,,,,,,,,,,,,,,,,,16.09,FM15,413,ICAO-KRDU,1026.8,FM15,413,ICAO-KRDU,,,,,,,,,,,,,,,,,,,,,,,,,,,,CLR:00;,FM15,413,ICAO-KRDU,,,,,,,,,,,,,,,,,,,,,,,,,,,,,,,,,,,,,KRDU 160751Z 00000KT 10SM CLR 18/16 A3032 RMK AO2 SLP262 T01780156,FM15,413,ICAO-KRDU
USW00013722,RALEIGH AP,2026-09-16T08:51:00,2026-09-16 04:51,2026,09,16,08,51,35.8922,-78.7819,120.4,17.2,FM15,413,ICAO-KRDU,15.6,FM15,413,ICAO-KRDU,1011.4,FM94_1,412,WMO-72306,1026.6,FM15,413,ICAO-KRDU,0,FM15,413,ICAO-KRDU,0.0,FM15,413,ICAO-KRDU,,,,,,,,,,,90,D,FM15,413,ICAO-KRDU,16.2,D,FM94_1,412,WMO-72306,,,,,,,,,,,,,,,,,,,,,,,,,16.09,FM15,413,ICAO-KRDU,1027.1,FM15,413,ICAO-KRDU,0.1,3,FM15,413,ICAO-KRDU,00;;,FM94_1,412,WMO-72306,,,,,,,,,,,,,,,,,,,CLR:00;,FM15,413,ICAO-KRDU,,,,,,,,,,,,,,,,,,,,,,,,,,,,,,,,,,,,,KRDU 160851Z 00000KT 10SM CLR 17/16 A3033 RMK AO2 SLP266 T01720156 53001,FM15,413,ICAO-KRDU
USW00013722,RALEIGH AP,2026-09-16T09:51:00,2026-09-16 05:51,2026,09,16,09,51,35.8922,-78.7819,120.4,16.1,FM15,413,ICAO-KRDU,15.6,FM15,413,ICAO-KRDU,,,,,1027.1,FM15,413,ICAO-KRDU,0,FM15,413,ICAO-KRDU,0.0,FM15,413,ICAO-KRDU,,,,,,,,,,,97,D,FM15,413,ICAO-KRDU,,,,,,,,,,,,,,,,,,,,,,,,,,,,,,16.09,FM15,413,ICAO-KRDU,1027.4,FM15,413,ICAO-KRDU,,,,,,,,,,,,,,,,,,,,,,,,,,,,CLR:00;,FM15,413,ICAO-KRDU,,,,,,,,,,,,,,,,,,,,,,,,,,,,,,,,,,,,,KRDU 160951Z 00000KT 10SM CLR 16/16 A3034 RMK AO2 SLP271 T01610156,FM15,413,ICAO-KRDU
USW00013722,RALEIGH AP,2026-09-16T10:51:00,2026-09-16 06:51,2026,09,16,10,51,35.8922,-78.7819,120.4,16.1,FM15,413,ICAO-KRDU,15.0,FM15,413,ICAO-KRDU,,,,,1027.8,FM15,413,ICAO-KRDU,0,FM15,413,ICAO-KRDU,0.0,FM15,413,ICAO-KRDU,,,,,,,,,,,93,D,FM15,413,ICAO-KRDU,,,,,,,,,,,,,,,,,,,,,,,,,,,,,,16.09,FM15,413,ICAO-KRDU,1028.1,FM15,413,ICAO-KRDU,,,,,,,,,,,,,,,,,,,,,,,,,,,,FEW:02;,FM15,413,ICAO-KRDU,,,,,,,,,,,,,7620,:,FM15,413,ICAO-KRDU,,,,,,,,,,,,,,,,,,,,KRDU 161051Z 00000KT 10SM FEW250 16/15 A3036 RMK AO2 SLP278 T01610150,FM15,413,ICAO-KRDU
USW00013722,RALEIGH AP,2026-09-16T11:51:00,2026-09-16 07:51,2026,09,16,11,51,35.8922,-78.7819,120.4,17.2,FM15,413,ICAO-KRDU,16.1,FM15,413,ICAO-KRDU,1013.0,FM94_1,412,WMO-72306,1028.5,FM15,413,ICAO-KRDU,0,FM15,413,ICAO-KRDU,0.0,FM15,413,ICAO-KRDU,,,,,0.0,,,FM94_1,412,WMO-72306,93,D,FM15,413,ICAO-KRDU,16.6,D,FM94_1,412,WMO-72306,,,,,,,,,,,,,,,,,,,,,,,,,16.09,FM15,413,ICAO-KRDU,1028.8,FM15,413,ICAO-KRDU,1.8,3,FM15,413,ICAO-KRDU,02;;,FM94_1,412,WMO-72306,5000,FM94_1,412,WMO-72306,,,,,,,,,,5000,:,FM94_1,412,WMO-72306,FEW:02;,FM15,413,ICAO-KRDU,,,,,,,,,,,,,7620,:,FM15,413,ICAO-KRDU,,,,,,,,,,,,,,,,,,,,KRDU 161151Z 00000KT 10SM FEW250 17/16 A3038 RMK AO2 SLP285 T01720161 10194 20156 53018,FM15,413,ICAO-KRDU
USW00013722,RALEIGH AP,2026-09-16T12:51:00,2026-09-16 08:51,2026,09,16,12,51,35.8922,-78.7819,120.4,20.6,FM15,413,ICAO-KRDU,16.7,FM15,413,ICAO-KRDU,,,,,1028.9,FM15,413,ICAO-KRDU,0,FM15,413,ICAO-KRDU,0.0,FM15,413,ICAO-KRDU,,,,,,,,,,,78,D,FM15,413,ICAO-KRDU,,,,,,,,,,,,,,,,,,,,,,,,,,,,,,16.09,FM15,413,ICAO-KRDU,1029.5,FM15,413,ICAO-KRDU,,,,,,,,,,,,,,7620,M;,FM15,413,ICAO-KRDU,,,,,,,,,,FEW:02;,FM15,413,ICAO-KRDU,BKN:07;,FM15,413,ICAO-KRDU,,,,,,,,,1372,:,FM15,413,ICAO-KRDU,7620,:,FM15,413,ICAO-KRDU,,,,,,,,,,,,,,,KRDU 161251Z 00000KT 10SM FEW045 BKN250 21/17 A3040 RMK AO2 SLP289 T02060167,FM15,413,ICAO-KRDU
USW00013722,RALEIGH AP,2026-09-16T13:51:00,2026-09-16 09:51,2026,09,16,13,51,35.8922,-78.7819,120.4,22.8,FM15,413,ICAO-KRDU,16.1,FM15,413,ICAO-KRDU,,,,,1029.1,FM15,413,ICAO-KRDU,0,FM15,413,ICAO-KRDU,0.0,FM15,413,ICAO-KRDU,,,,,,,,,,,66,D,FM15,413,ICAO-KRDU,,,,,,,,,,,,,,,,,,,,,,,,,,,,,,16.09,FM15,413,ICAO-KRDU,1029.5,FM15,413,ICAO-KRDU,,,,,,,,,,,,,,,,,,,,,,,,,,,,FEW:02;,FM15,413,ICAO-KRDU,SCT:04;,FM15,413,ICAO-KRDU,,,,,,,,,1372,:,FM15,413,ICAO-KRDU,7620,:,FM15,413,ICAO-KRDU,,,,,,,,,,,,,,,KRDU 161351Z 00000KT 10SM FEW045 SCT250 23/16 A3040 RMK AO2 SLP291 T02280161,FM15,413,ICAO-KRDU
USW00013722,RALEIGH AP,2026-09-16T14:51:00,2026-09-16 10:51,2026,09,16,14,51,35.8922,-78.7819,120.4,25.6,FM15,413,ICAO-KRDU,16.1,FM15,413,ICAO-KRDU,,,,,1029.2,FM15,413,ICAO-KRDU,200,FM15,413,ICAO-KRDU,1.5,FM15,413,ICAO-KRDU,,,,,,,,,,,56,D,FM15,413,ICAO-KRDU,,,,,,,,,,,,,,,,,,,,,,,,,,,,,,16.09,FM15,413,ICAO-KRDU,1029.8,FM15,413,ICAO-KRDU,0.8,1,FM15,413,ICAO-KRDU,,,,,,,,,,,,,,,,,,,,,,,FEW:02;,FM15,413,ICAO-KRDU,,,,,,,,,,,,,7620,:,FM15,413,ICAO-KRDU,,,,,,,,,,,,,,,,,,,,KRDU 161451Z 20003KT 10SM FEW250 26/16 A3041 RMK AO2 SLP292 T02560161 51008,FM15,413,ICAO-KRDU
USW00013722,RALEIGH AP,2026-09-16T15:51:00,2026-09-16 11:51,2026,09,16,15,51,35.8922,-78.7819,120.4,26.7,FM15,413,ICAO-KRDU,16.1,FM15,413,ICAO-KRDU,,,,,1028.9,FM15,413,ICAO-KRDU,,,,,1.5,FM15,413,ICAO-KRDU,,,,,,,,,,,52,D,FM15,413,ICAO-KRDU,,,,,,,,,,,,,,,,,,,,,,,,,,,,,,16.09,FM15,413,ICAO-KRDU,1029.5,FM15,413,ICAO-KRDU,,,,,,,,,,,,,,,,,,,,,,,,,,,,FEW:02;,FM15,413,ICAO-KRDU,FEW:02;,FM15,413,ICAO-KRDU,,,,,,,,,1280,:,FM15,413,ICAO-KRDU,7620,:,FM15,413,ICAO-KRDU,,,,,,,,,,,,,,,KRDU 161551Z VRB03KT 10SM FEW042 FEW250 27/16 A3040 RMK AO2 SLP289 T02670161,FM15,413,ICAO-KRDU
USW00013722,RALEIGH AP,2026-09-16T16:51:00,2026-09-16 12:51,2026,09,16,16,51,35.8922,-78.7819,120.4,27.8,FM15,413,ICAO-KRDU,16.7,FM15,413,ICAO-KRDU,,,,,1028.4,FM15,413,ICAO-KRDU,80,FM15,413,ICAO-KRDU,2.6,FM15,413,ICAO-KRDU,,,,,,,,,,,51,D,FM15,413,ICAO-KRDU,,,,,,,,,,,,,,,,,,,,,,,,,,,,,,16.09,FM15,413,ICAO-KRDU,1028.8,FM15,413,ICAO-KRDU,,,,,,,,,,,,,,,,,,,,,,,,,,,,FEW:02;,FM15,413,ICAO-KRDU,FEW:02;,FM15,413,ICAO-KRDU,,,,,,,,,1372,:,FM15,413,ICAO-KRDU,7620,:,FM15,413,ICAO-KRDU,,,,,,,,,,,,,,,KRDU 161651Z 08005KT 10SM FEW045 FEW250 28/17 A3038 RMK AO2 SLP284 T02780167,FM15,413,ICAO-KRDU
USW00013722,RALEIGH AP,2026-09-16T17:51:00,2026-09-16 13:51,2026,09,16,17,51,35.8922,-78.7819,120.4,28.3,FM15,413,ICAO-KRDU,16.7,FM15,413,ICAO-KRDU,1012.7,FM94_1,412,WMO-72306,1027.8,FM15,413,ICAO-KRDU,160,FM15,413,ICAO-KRDU,2.1,FM15,413,ICAO-KRDU,,,,,0.0,,,FM94_1,412,WMO-72306,49,D,FM15,413,ICAO-KRDU,20.8,D,FM94_1,412,WMO-72306,,,,,,,,,,,,,,,,,,,,,,,,,16.09,FM15,413,ICAO-KRDU,1028.4,FM15,413,ICAO-KRDU,1.4,8,FM15,413,ICAO-KRDU,02;;,FM94_1,412,WMO-72306,1000,FM94_1,412,WMO-72306,,,,,,,,,,1000,:,FM94_1,412,WMO-72306,FEW:02;,FM15,413,ICAO-KRDU,FEW:02;,FM15,413,ICAO-KRDU,,,,,,,,,1463,:,FM15,413,ICAO-KRDU,7620,:,FM15,413,ICAO-KRDU,,,,,,,,,,,,,,,KRDU 161751Z 16004KT 10SM FEW048 FEW250 28/17 A3037 RMK AO2 SLP278 T02830167 10289 20172 58014,FM15,413,ICAO-KRDU
USW00013722,RALEIGH AP,2026-09-16T18:51:00,2026-09-16 14:51,2026,09,16,18,51,35.8922,-78.7819,120.4,28.9,FM15,413,ICAO-KRDU,16.1,FM15,413,ICAO-KRDU,,,,,1027.2,FM15,413,ICAO-KRDU,120,FM15,413,ICAO-KRDU,2.1,FM15,413,ICAO-KRDU,,,,,,,,,,,46,D,FM15,413,ICAO-KRDU,,,,,,,,,,,,,,,,,,,,,,,,,,,,,,16.09,FM15,413,ICAO-KRDU,1027.8,FM15,413,ICAO-KRDU,,,,,,,,,,,,,,,,,,,,,,,,,,,,FEW:02;,FM15,413,ICAO-KRDU,FEW:02;,FM15,413,ICAO-KRDU,,,,,,,,,1524,:,FM15,413,ICAO-KRDU,7620,:,FM15,413,ICAO-KRDU,,,,,,,,,,,,,,,KRDU 161851Z 12004KT 10SM FEW050 FEW250 29/16 A3035 RMK AO2 SLP272 T02890161,FM15,413,ICAO-KRDU
USW00013722,RALEIGH AP,2026-09-16T19:51:00,2026-09-16 15:51,2026,09,16,19,51,35.8922,-78.7819,120.4,30.0,FM15,413,ICAO-KRDU,15.6,FM15,413,ICAO-KRDU,,,,,1026.5,FM15,413,ICAO-KRDU,110,FM15,413,ICAO-KRDU,3.1,FM15,413,ICAO-KRDU,,,,,,,,,,,42,D,FM15,413,ICAO-KRDU,,,,,,,,,,,,,,,,,,,,,,,,,,,,,,16.09,FM15,413,ICAO-KRDU,1027.1,FM15,413,ICAO-KRDU,,,,,,,,,,,,,,,,,,,,,,,,,,,,FEW:02;,FM15,413,ICAO-KRDU,FEW:02;,FM15,413,ICAO-KRDU,,,,,,,,,1524,:,FM15,413,ICAO-KRDU,7620,:,FM15,413,ICAO-KRDU,,,,,,,,,,,,,,,KRDU 161951Z 11006KT 10SM FEW050 FEW250 30/16 A3033 RMK AO2 SLP265 T03000156,FM15,413,ICAO-KRDU
USW00013722,RALEIGH AP,2026-09-16T20:51:00,2026-09-16 16:51,2026,09,16,20,51,35.8922,-78.7819,120.4,30.0,FM15,413,ICAO-KRDU,15.6,FM15,413,ICAO-KRDU,1011.0,FM94_1,412,WMO-72306,1026.2,FM15,413,ICAO-KRDU,80,FM15,413,ICAO-KRDU,3.1,FM15,413,ICAO-KRDU,,,,,,,,,,,42,D,FM15,413,ICAO-KRDU,20.8,D,FM94_1,412,WMO-72306,,,,,,,,,,,,,,,,,,,,,,,,,16.09,FM15,413,ICAO-KRDU,1026.8,FM15,413,ICAO-KRDU,1.6,6,FM15,413,ICAO-KRDU,02;;,FM94_1,412,WMO-72306,,,,,,,,,,,,,,,,,,,FEW:02;,FM15,413,ICAO-KRDU,FEW:02;,FM15,413,ICAO-KRDU,,,,,,,,,1524,:,FM15,413,ICAO-KRDU,7620,:,FM15,413,ICAO-KRDU,,,,,,,,,,,,,,,KRDU 162051Z 08006KT 10SM FEW050 FEW250 30/16 A3032 RMK AO2 SLP262 T03000156 56016,FM15,413,ICAO-KRDU
USW00013722,RALEIGH AP,2026-09-16T21:51:00,2026-09-16 17:51,2026,09,16,21,51,35.8922,-78.7819,120.4,29.4,FM15,413,ICAO-KRDU,15.6,FM15,413,ICAO-KRDU,,,,,1026.0,FM15,413,ICAO-KRDU,110,FM15,413,ICAO-KRDU,2.1,FM15,413,ICAO-KRDU,,,,,,,,,,,43,D,FM15,413,ICAO-KRDU,,,,,,,,,,,,,,,,,,,,,,,,,,,,,,16.09,FM15,413,ICAO-KRDU,1026.4,FM15,413,ICAO-KRDU,,,,,,,,,,,,,,,,,,,,,,,,,,,,FEW:02;,FM15,413,ICAO-KRDU,,,,,,,,,,,,,7620,:,FM15,413,ICAO-KRDU,,,,,,,,,,,,,,,,,,,,KRDU 162151Z 11004KT 10SM FEW250 29/16 A3031 RMK AO2 SLP260 T02940156,FM15,413,ICAO-KRDU
USW00013722,RALEIGH AP,2026-09-16T22:51:00,2026-09-16 18:51,2026,09,16,22,51,35.8922,-78.7819,120.4,28.3,FM15,413,ICAO-KRDU,15.0,FM15,413,ICAO-KRDU,,,,,1026.1,FM15,413,ICAO-KRDU,80,FM15,413,ICAO-KRDU,2.6,FM15,413,ICAO-KRDU,,,,,,,,,,,44,D,FM15,413,ICAO-KRDU,,,,,,,,,,,,,,,,,,,,,,,,,,,,,,16.09,FM15,413,ICAO-KRDU,1026.4,FM15,413,ICAO-KRDU,,,,,,,,,,,,,,,,,,,,,,,,,,,,FEW:02;,FM15,413,ICAO-KRDU,,,,,,,,,,,,,7620,:,FM15,413,ICAO-KRDU,,,,,,,,,,,,,,,,,,,,KRDU 162251Z 08005KT 10SM FEW250 28/15 A3031 RMK AO2 SLP261 T02830150,FM15,413,ICAO-KRDU
USW00013722,RALEIGH AP,2026-09-16T23:51:00,2026-09-16 19:51,2026,09,16,23,51,35.8922,-78.7819,120.4,25.6,FM15,413,ICAO-KRDU,17.2,FM15,413,ICAO-KRDU,,,,,1026.1,FM15,413,ICAO-KRDU,120,FM15,413,ICAO-KRDU,1.5,FM15,413,ICAO-KRDU,,,,,,,,,,,60,D,FM15,413,ICAO-KRDU,,,,,,,,,,,,,,,,,,,,,,,,,,,,,,16.09,FM15,413,ICAO-KRDU,1026.4,FM15,413,ICAO-KRDU,0.2,6,FM15,413,ICAO-KRDU,,,,,,,,,,,,,,,,,,,,,,,FEW:02;,FM15,413,ICAO-KRDU,,,,,,,,,,,,,7620,:,FM15,413,ICAO-KRDU,,,,,,,,,,,,,,,,,,,,KRDU 162351Z 12003KT 10SM FEW250 26/17 A3031 RMK AO2 SLP261 T02560172 10300 20256 56002,FM15,413,ICAO-KRDU
USW00013722,RALEIGH AP,2026-09-17T00:51:00,2026-09-16 20:51,2026,09,17,00,51,35.8922,-78.7819,120.4,24.4,FM15,413,ICAO-KRDU,16.7,FM15,413,ICAO-KRDU,,,,,1026.7,FM15,413,ICAO-KRDU,140,FM15,413,ICAO-KRDU,1.5,FM15,413,ICAO-KRDU,,,,,,,,,,,62,D,FM15,413,ICAO-KRDU,,,,,,,,,,,,,,,,,,,,,,,,,,,,,,16.09,FM15,413,ICAO-KRDU,1027.1,FM15,413,ICAO-KRDU,,,,,,,,,,,,,,,,,,,,,,,,,,,,CLR:00;,FM15,413,ICAO-KRDU,,,,,,,,,,,,,,,,,,,,,,,,,,,,,,,,,,,,,KRDU 170051Z 14003KT 10SM CLR 24/17 A3033 RMK AO2 SLP267 T02440167,FM15,413,ICAO-KRDU
USW00013722,RALEIGH AP,2026-09-17T01:51:00,2026-09-16 21:51,2026,09,17,01,51,35.8922,-78.7819,120.4,22.2,FM15,413,ICAO-KRDU,16.7,FM15,413,ICAO-KRDU,,,,,1026.8,FM15,413,ICAO-KRDU,0,FM15,413,ICAO-KRDU,0.0,FM15,413,ICAO-KRDU,,,,,,,,,,,71,D,FM15,413,ICAO-KRDU,,,,,,,,,,,,,,,,,,,,,,,,,,,,,,16.09,FM15,413,ICAO-KRDU,1027.4,FM15,413,ICAO-KRDU,,,,,,,,,,,,,,,,,,,,,,,,,,,,CLR:00;,FM15,413,ICAO-KRDU,,,,,,,,,,,,,,,,,,,,,,,,,,,,,,,,,,,,,KRDU 170151Z 00000KT 10SM CLR 22/17 A3034 RMK AO2 SLP268 T02220167,FM15,413,ICAO-KRDU
USW00013722,RALEIGH AP,2026-09-17T02:51:00,2026-09-16 22:51,2026,09,17,02,51,35.8922,-78.7819,120.4,21.7,FM15,413,ICAO-KRDU,17.2,FM15,413,ICAO-KRDU,,,,,1026.7,FM15,413,ICAO-KRDU,0,FM15,413,ICAO-KRDU,0.0,FM15,413,ICAO-KRDU,,,,,,,,,,,76,D,FM15,413,ICAO-KRDU,,,,,,,,,,,,,,,,,,,,,,,,,,,,,,16.09,FM15,413,ICAO-KRDU,1027.1,FM15,413,ICAO-KRDU,0.8,0,FM15,413,ICAO-KRDU,,,,,,,,,,,,,,,,,,,,,,,CLR:00;,FM15,413,ICAO-KRDU,,,,,,,,,,,,,,,,,,,,,,,,,,,,,,,,,,,,,KRDU 170251Z 00000KT 10SM CLR 22/17 A3033 RMK AO2 SLP267 T02170172 50008,FM15,413,ICAO-KRDU
USW00013722,RALEIGH AP,2026-09-17T03:51:00,2026-09-16 23:51,2026,09,17,03,51,35.8922,-78.7819,120.4,21.1,FM15,413,ICAO-KRDU,17.2,FM15,413,ICAO-KRDU,,,,,1026.6,FM15,413,ICAO-KRDU,0,FM15,413,ICAO-KRDU,0.0,FM15,413,ICAO-KRDU,,,,,,,,,,,78,D,FM15,413,ICAO-KRDU,,,,,,,,,,,,,,,,,,,,,,,,,,,,,,16.09,FM15,413,ICAO-KRDU,1027.1,FM15,413,ICAO-KRDU,,,,,,,,,,,,,,,,,,,,,,,,,,,,CLR:00;,FM15,413,ICAO-KRDU,,,,,,,,,,,,,,,,,,,,,,,,,,,,,,,,,,,,,KRDU 170351Z 00000KT 10SM CLR 21/17 A3033 RMK AO2 SLP266 T02110172,FM15,413,ICAO-KRDU
