model,run_time_utc,used,file,published_utc,hours_after_init,published_before_assumed
gfs,2026-04-02 12:00:00,True,gfs.20260402/12/atmos/gfs.t12z.pgrb2.0p25.f354,2026-04-02 17:07:12,5.12,True
gfs,2026-04-03 12:00:00,True,gfs.20260403/12/atmos/gfs.t12z.pgrb2.0p25.f354,2026-04-03 17:05:31,5.09,True
gfs,2026-04-04 12:00:00,True,gfs.20260404/12/atmos/gfs.t12z.pgrb2.0p25.f354,2026-04-04 17:05:52,5.1,True
gfs,2026-04-05 12:00:00,True,gfs.20260405/12/atmos/gfs.t12z.pgrb2.0p25.f354,2026-04-05 17:09:25,5.16,True
gfs,2026-04-06 12:00:00,True,gfs.20260406/12/atmos/gfs.t12z.pgrb2.0p25.f354,2026-04-06 17:15:08,5.25,True
gfs,2026-04-07 12:00:00,True,gfs.20260407/12/atmos/gfs.t12z.pgrb2.0p25.f354,2026-04-07 17:05:50,5.1,True
gfs,2026-04-08 12:00:00,True,gfs.20260408/12/atmos/gfs.t12z.pgrb2.0p25.f354,2026-04-08 17:07:12,5.12,True
gfs,2026-04-09 12:00:00,True,gfs.20260409/12/atmos/gfs.t12z.pgrb2.0p25.f354,2026-04-09 17:10:59,5.18,True
gfs,2026-04-10 12:00:00,True,gfs.20260410/12/atmos/gfs.t12z.pgrb2.0p25.f354,2026-04-10 17:25:16,5.42,True
gfs,2026-04-11 12:00:00,True,gfs.20260411/12/atmos/gfs.t12z.pgrb2.0p25.f354,2026-04-11 17:06:14,5.1,True
gfs,2026-04-12 12:00:00,True,gfs.20260412/12/atmos/gfs.t12z.pgrb2.0p25.f354,2026-04-12 17:08:10,5.14,True
gfs,2026-04-13 12:00:00,True,gfs.20260413/12/atmos/gfs.t12z.pgrb2.0p25.f354,2026-04-13 17:08:39,5.14,True
gfs,2026-04-14 12:00:00,True,gfs.20260414/12/atmos/gfs.t12z.pgrb2.0p25.f354,2026-04-14 17:06:00,5.1,True
gfs,2026-04-15 12:00:00,True,gfs.20260415/12/atmos/gfs.t12z.pgrb2.0p25.f354,2026-04-15 17:06:16,5.1,True
gfs,2026-04-16 12:00:00,True,gfs.20260416/12/atmos/gfs.t12z.pgrb2.0p25.f354,2026-04-16 17:06:42,5.11,True
gfs,2026-04-17 12:00:00,True,gfs.20260417/12/atmos/gfs.t12z.pgrb2.0p25.f354,2026-04-17 17:05:51,5.1,True
gfs,2026-04-18 12:00:00,True,gfs.20260418/12/atmos/gfs.t12z.pgrb2.0p25.f354,2026-04-18 17:08:22,5.14,True
gfs,2026-04-19 12:00:00,True,gfs.20260419/12/atmos/gfs.t12z.pgrb2.0p25.f354,2026-04-19 17:07:05,5.12,True
gfs,2026-04-20 12:00:00,True,gfs.20260420/12/atmos/gfs.t12z.pgrb2.0p25.f354,2026-04-20 17:04:57,5.08,True
gfs,2026-04-21 12:00:00,True,gfs.20260421/12/atmos/gfs.t12z.pgrb2.0p25.f354,2026-04-21 17:18:47,5.31,True
gfs,2026-04-22 12:00:00,True,gfs.20260422/12/atmos/gfs.t12z.pgrb2.0p25.f354,2026-04-22 17:06:47,5.11,True
gfs,2026-04-23 12:00:00,True,gfs.20260423/12/atmos/gfs.t12z.pgrb2.0p25.f354,2026-04-23 17:04:24,5.07,True
gfs,2026-04-24 12:00:00,True,gfs.20260424/12/atmos/gfs.t12z.pgrb2.0p25.f354,2026-04-24 17:05:02,5.08,True
gfs,2026-04-25 12:00:00,True,gfs.20260425/12/atmos/gfs.t12z.pgrb2.0p25.f354,2026-04-25 17:02:29,5.04,True
gfs,2026-04-26 12:00:00,True,gfs.20260426/12/atmos/gfs.t12z.pgrb2.0p25.f354,2026-04-26 17:17:09,5.29,True
gfs,2026-04-27 12:00:00,True,gfs.20260427/12/atmos/gfs.t12z.pgrb2.0p25.f354,2026-04-27 17:03:27,5.06,True
gfs,2026-04-28 12:00:00,True,gfs.20260428/12/atmos/gfs.t12z.pgrb2.0p25.f354,2026-04-28 17:03:44,5.06,True
gfs,2026-04-29 12:00:00,True,gfs.20260429/12/atmos/gfs.t12z.pgrb2.0p25.f354,2026-04-29 17:14:18,5.24,True
gfs,2026-04-30 12:00:00,True,gfs.20260430/12/atmos/gfs.t12z.pgrb2.0p25.f354,2026-04-30 17:04:08,5.07,True
gfs,2026-05-01 12:00:00,True,gfs.20260501/12/atmos/gfs.t12z.pgrb2.0p25.f354,2026-05-01 17:03:21,5.06,True
gfs,2026-05-02 12:00:00,True,gfs.20260502/12/atmos/gfs.t12z.pgrb2.0p25.f354,2026-05-02 17:03:51,5.06,True
gfs,2026-05-03 12:00:00,True,gfs.20260503/12/atmos/gfs.t12z.pgrb2.0p25.f354,2026-05-03 17:05:43,5.1,True
gfs,2026-05-04 12:00:00,True,gfs.20260504/12/atmos/gfs.t12z.pgrb2.0p25.f354,2026-05-04 17:18:36,5.31,True
gfs,2026-05-05 12:00:00,True,gfs.20260505/12/atmos/gfs.t12z.pgrb2.0p25.f354,2026-05-05 17:18:36,5.31,True
gfs,2026-05-06 12:00:00,True,gfs.20260506/12/atmos/gfs.t12z.pgrb2.0p25.f354,2026-05-06 17:04:13,5.07,True
gfs,2026-05-07 12:00:00,True,gfs.20260507/12/atmos/gfs.t12z.pgrb2.0p25.f354,2026-05-07 17:05:06,5.08,True
gfs,2026-05-08 12:00:00,True,gfs.20260508/12/atmos/gfs.t12z.pgrb2.0p25.f354,2026-05-08 17:05:42,5.1,True
gfs,2026-05-09 12:00:00,True,gfs.20260509/12/atmos/gfs.t12z.pgrb2.0p25.f354,2026-05-09 17:05:01,5.08,True
gfs,2026-05-10 12:00:00,True,gfs.20260510/12/atmos/gfs.t12z.pgrb2.0p25.f354,2026-05-10 17:06:04,5.1,True
gfs,2026-05-11 12:00:00,True,gfs.20260511/12/atmos/gfs.t12z.pgrb2.0p25.f354,2026-05-11 17:05:43,5.1,True
gfs,2026-05-12 12:00:00,True,gfs.20260512/12/atmos/gfs.t12z.pgrb2.0p25.f354,2026-05-12 17:04:16,5.07,True
gfs,2026-05-13 12:00:00,True,gfs.20260513/12/atmos/gfs.t12z.pgrb2.0p25.f354,2026-05-13 17:06:21,5.11,True
gfs,2026-05-14 12:00:00,True,gfs.20260514/12/atmos/gfs.t12z.pgrb2.0p25.f354,2026-05-14 17:03:54,5.07,True
gfs,2026-05-15 12:00:00,True,gfs.20260515/12/atmos/gfs.t12z.pgrb2.0p25.f354,2026-05-15 17:03:55,5.07,True
gfs,2026-05-16 12:00:00,True,gfs.20260516/12/atmos/gfs.t12z.pgrb2.0p25.f354,2026-05-16 17:04:43,5.08,True
gfs,2026-05-17 12:00:00,True,gfs.20260517/12/atmos/gfs.t12z.pgrb2.0p25.f354,2026-05-17 17:03:57,5.07,True
gfs,2026-05-18 12:00:00,True,gfs.20260518/12/atmos/gfs.t12z.pgrb2.0p25.f354,2026-05-18 17:19:00,5.32,True
gfs,2026-05-19 12:00:00,True,gfs.20260519/12/atmos/gfs.t12z.pgrb2.0p25.f354,2026-05-19 17:04:24,5.07,True
gfs,2026-05-20 12:00:00,True,gfs.20260520/12/atmos/gfs.t12z.pgrb2.0p25.f354,2026-05-20 17:04:35,5.08,True
gfs,2026-05-21 12:00:00,True,gfs.20260521/12/atmos/gfs.t12z.pgrb2.0p25.f354,2026-05-21 17:05:39,5.09,True
gfs,2026-05-22 12:00:00,True,gfs.20260522/12/atmos/gfs.t12z.pgrb2.0p25.f354,2026-05-22 17:06:15,5.1,True
gfs,2026-05-23 12:00:00,True,gfs.20260523/12/atmos/gfs.t12z.pgrb2.0p25.f354,2026-05-23 17:04:00,5.07,True
gfs,2026-05-24 12:00:00,True,gfs.20260524/12/atmos/gfs.t12z.pgrb2.0p25.f354,2026-05-24 17:04:10,5.07,True
gfs,2026-05-25 12:00:00,True,gfs.20260525/12/atmos/gfs.t12z.pgrb2.0p25.f354,2026-05-25 17:03:55,5.07,True
gfs,2026-05-26 12:00:00,True,gfs.20260526/12/atmos/gfs.t12z.pgrb2.0p25.f354,2026-05-26 17:06:00,5.1,True
gfs,2026-05-27 12:00:00,True,gfs.20260527/12/atmos/gfs.t12z.pgrb2.0p25.f354,2026-05-27 17:05:36,5.09,True
gfs,2026-05-28 12:00:00,True,gfs.20260528/12/atmos/gfs.t12z.pgrb2.0p25.f354,2026-05-28 17:06:38,5.11,True
gfs,2026-05-29 12:00:00,True,gfs.20260529/12/atmos/gfs.t12z.pgrb2.0p25.f354,2026-05-29 17:05:37,5.09,True
gfs,2026-05-30 12:00:00,True,gfs.20260530/12/atmos/gfs.t12z.pgrb2.0p25.f354,2026-05-30 17:07:19,5.12,True
gfs,2026-05-31 12:00:00,True,gfs.20260531/12/atmos/gfs.t12z.pgrb2.0p25.f354,2026-05-31 17:05:19,5.09,True
gfs,2026-06-01 12:00:00,True,gfs.20260601/12/atmos/gfs.t12z.pgrb2.0p25.f354,2026-06-01 17:06:02,5.1,True
gfs,2026-06-02 12:00:00,True,gfs.20260602/12/atmos/gfs.t12z.pgrb2.0p25.f354,2026-06-02 17:20:18,5.34,True
gfs,2026-06-03 12:00:00,True,gfs.20260603/12/atmos/gfs.t12z.pgrb2.0p25.f354,2026-06-03 17:06:13,5.1,True
gfs,2026-06-04 12:00:00,True,gfs.20260604/12/atmos/gfs.t12z.pgrb2.0p25.f354,2026-06-04 17:06:35,5.11,True
gfs,2026-06-05 12:00:00,True,gfs.20260605/12/atmos/gfs.t12z.pgrb2.0p25.f354,2026-06-05 17:05:22,5.09,True
gfs,2026-06-06 12:00:00,True,gfs.20260606/12/atmos/gfs.t12z.pgrb2.0p25.f354,2026-06-06 17:06:50,5.11,True
gfs,2026-06-07 12:00:00,True,gfs.20260607/12/atmos/gfs.t12z.pgrb2.0p25.f354,2026-06-07 17:07:23,5.12,True
gfs,2026-06-08 12:00:00,True,gfs.20260608/12/atmos/gfs.t12z.pgrb2.0p25.f354,2026-06-08 17:06:54,5.12,True
gfs,2026-06-09 12:00:00,True,gfs.20260609/12/atmos/gfs.t12z.pgrb2.0p25.f354,2026-06-09 17:06:23,5.11,True
gfs,2026-06-10 12:00:00,True,gfs.20260610/12/atmos/gfs.t12z.pgrb2.0p25.f354,2026-06-10 17:06:08,5.1,True
gfs,2026-06-11 12:00:00,True,gfs.20260611/12/atmos/gfs.t12z.pgrb2.0p25.f354,2026-06-11 17:04:02,5.07,True
gfs,2026-06-12 12:00:00,True,gfs.20260612/12/atmos/gfs.t12z.pgrb2.0p25.f354,2026-06-12 17:04:50,5.08,True
gfs,2026-06-13 12:00:00,True,gfs.20260613/12/atmos/gfs.t12z.pgrb2.0p25.f354,2026-06-13 17:06:03,5.1,True
gfs,2026-06-14 12:00:00,True,gfs.20260614/12/atmos/gfs.t12z.pgrb2.0p25.f354,2026-06-14 17:05:50,5.1,True
gfs,2026-06-15 12:00:00,True,gfs.20260615/12/atmos/gfs.t12z.pgrb2.0p25.f354,2026-06-15 17:04:13,5.07,True
gfs,2026-06-16 12:00:00,True,gfs.20260616/12/atmos/gfs.t12z.pgrb2.0p25.f354,2026-06-16 17:07:58,5.13,True
gfs,2026-06-17 12:00:00,True,gfs.20260617/12/atmos/gfs.t12z.pgrb2.0p25.f354,2026-06-17 17:07:15,5.12,True
gfs,2026-06-18 12:00:00,True,gfs.20260618/12/atmos/gfs.t12z.pgrb2.0p25.f354,2026-06-18 17:05:38,5.09,True
gfs,2026-06-19 12:00:00,True,gfs.20260619/12/atmos/gfs.t12z.pgrb2.0p25.f354,2026-06-19 17:07:51,5.13,True
gfs,2026-06-20 12:00:00,True,gfs.20260620/12/atmos/gfs.t12z.pgrb2.0p25.f354,2026-06-20 17:06:41,5.11,True
gfs,2026-06-21 12:00:00,True,gfs.20260621/12/atmos/gfs.t12z.pgrb2.0p25.f354,2026-06-21 17:06:44,5.11,True
gfs,2026-06-22 12:00:00,True,gfs.20260622/12/atmos/gfs.t12z.pgrb2.0p25.f354,2026-06-22 17:06:35,5.11,True
gfs,2026-06-23 12:00:00,True,gfs.20260623/12/atmos/gfs.t12z.pgrb2.0p25.f354,2026-06-23 17:07:54,5.13,True
gfs,2026-06-24 12:00:00,True,gfs.20260624/12/atmos/gfs.t12z.pgrb2.0p25.f354,2026-06-24 17:07:54,5.13,True
gfs,2026-06-25 12:00:00,True,gfs.20260625/12/atmos/gfs.t12z.pgrb2.0p25.f354,2026-06-25 17:07:15,5.12,True
gfs,2026-06-26 12:00:00,True,gfs.20260626/12/atmos/gfs.t12z.pgrb2.0p25.f354,2026-06-26 17:06:18,5.11,True
gfs,2026-06-27 12:00:00,True,gfs.20260627/12/atmos/gfs.t12z.pgrb2.0p25.f354,2026-06-27 17:07:35,5.13,True
gfs,2026-06-28 12:00:00,True,gfs.20260628/12/atmos/gfs.t12z.pgrb2.0p25.f354,2026-06-28 17:04:38,5.08,True
gfs,2026-06-29 12:00:00,True,gfs.20260629/12/atmos/gfs.t12z.pgrb2.0p25.f354,2026-06-29 17:04:19,5.07,True
gfs,2026-06-30 12:00:00,True,gfs.20260630/12/atmos/gfs.t12z.pgrb2.0p25.f354,2026-06-30 17:04:24,5.07,True
gfs,2026-07-01 12:00:00,True,gfs.20260701/12/atmos/gfs.t12z.pgrb2.0p25.f354,2026-07-01 17:22:45,5.38,True
gfs,2026-07-02 12:00:00,True,gfs.20260702/12/atmos/gfs.t12z.pgrb2.0p25.f354,2026-07-02 17:08:11,5.14,True
gfs,2026-07-03 12:00:00,True,gfs.20260703/12/atmos/gfs.t12z.pgrb2.0p25.f354,2026-07-03 17:07:34,5.13,True
gfs,2026-07-04 12:00:00,True,gfs.20260704/12/atmos/gfs.t12z.pgrb2.0p25.f354,2026-07-04 17:07:45,5.13,True
gfs,2026-07-05 12:00:00,True,gfs.20260705/12/atmos/gfs.t12z.pgrb2.0p25.f354,2026-07-05 17:07:24,5.12,True
gfs,2026-07-06 12:00:00,True,gfs.20260706/12/atmos/gfs.t12z.pgrb2.0p25.f354,2026-07-06 17:07:16,5.12,True
gfs,2026-07-07 12:00:00,True,gfs.20260707/12/atmos/gfs.t12z.pgrb2.0p25.f354,2026-07-07 17:07:04,5.12,True
gfs,2026-07-08 12:00:00,True,gfs.20260708/12/atmos/gfs.t12z.pgrb2.0p25.f354,2026-07-08 17:09:14,5.15,True
gfs,2026-07-09 12:00:00,True,gfs.20260709/12/atmos/gfs.t12z.pgrb2.0p25.f354,2026-07-09 17:07:34,5.13,True
gfs,2026-07-10 12:00:00,True,gfs.20260710/12/atmos/gfs.t12z.pgrb2.0p25.f354,2026-07-10 17:06:56,5.12,True
gfs,2026-07-11 12:00:00,True,gfs.20260711/12/atmos/gfs.t12z.pgrb2.0p25.f354,2026-07-11 17:05:37,5.09,True
gfs,2026-07-12 12:00:00,True,gfs.20260712/12/atmos/gfs.t12z.pgrb2.0p25.f354,2026-07-12 17:07:04,5.12,True
gfs,2026-07-13 12:00:00,True,gfs.20260713/12/atmos/gfs.t12z.pgrb2.0p25.f354,2026-07-13 17:06:37,5.11,True
gfs,2026-07-14 12:00:00,True,gfs.20260714/12/atmos/gfs.t12z.pgrb2.0p25.f354,2026-07-14 17:07:33,5.13,True
gfs,2026-07-15 12:00:00,True,gfs.20260715/12/atmos/gfs.t12z.pgrb2.0p25.f354,2026-07-15 17:04:55,5.08,True
gfs,2026-07-16 12:00:00,True,gfs.20260716/12/atmos/gfs.t12z.pgrb2.0p25.f354,2026-07-16 17:05:16,5.09,True
gfs,2026-07-17 12:00:00,True,gfs.20260717/12/atmos/gfs.t12z.pgrb2.0p25.f354,2026-07-17 17:06:00,5.1,True
gfs,2026-07-18 12:00:00,True,gfs.20260718/12/atmos/gfs.t12z.pgrb2.0p25.f354,2026-07-18 17:07:22,5.12,True
gfs,2026-07-19 12:00:00,True,gfs.20260719/12/atmos/gfs.t12z.pgrb2.0p25.f354,2026-07-19 17:07:10,5.12,True
gfs,2026-07-20 12:00:00,True,gfs.20260720/12/atmos/gfs.t12z.pgrb2.0p25.f354,2026-07-20 17:08:43,5.15,True
gfs,2026-07-21 12:00:00,True,gfs.20260721/12/atmos/gfs.t12z.pgrb2.0p25.f354,2026-07-21 17:10:42,5.18,True
gfs,2026-07-22 12:00:00,True,gfs.20260722/12/atmos/gfs.t12z.pgrb2.0p25.f354,2026-07-22 17:10:45,5.18,True
gfs,2026-07-23 12:00:00,True,gfs.20260723/12/atmos/gfs.t12z.pgrb2.0p25.f354,2026-07-23 17:12:50,5.21,True
gfs,2026-07-24 12:00:00,True,gfs.20260724/12/atmos/gfs.t12z.pgrb2.0p25.f354,2026-07-24 17:10:08,5.17,True
gfs,2026-07-25 12:00:00,True,gfs.20260725/12/atmos/gfs.t12z.pgrb2.0p25.f354,2026-07-25 17:10:26,5.17,True
gfs,2026-07-26 12:00:00,True,gfs.20260726/12/atmos/gfs.t12z.pgrb2.0p25.f354,2026-07-26 17:11:59,5.2,True
gfs,2026-07-27 12:00:00,True,gfs.20260727/12/atmos/gfs.t12z.pgrb2.0p25.f354,2026-07-27 17:08:15,5.14,True
gfs,2026-07-28 12:00:00,True,gfs.20260728/12/atmos/gfs.t12z.pgrb2.0p25.f354,2026-07-28 17:09:52,5.16,True
gfs,2026-07-29 12:00:00,True,gfs.20260729/12/atmos/gfs.t12z.pgrb2.0p25.f354,2026-07-29 17:10:23,5.17,True
gfs,2026-07-30 12:00:00,True,gfs.20260730/12/atmos/gfs.t12z.pgrb2.0p25.f354,2026-07-30 17:14:54,5.25,True
gfs,2026-07-31 12:00:00,True,gfs.20260731/12/atmos/gfs.t12z.pgrb2.0p25.f354,2026-07-31 17:13:38,5.23,True
gfs,2026-08-01 12:00:00,True,gfs.20260801/12/atmos/gfs.t12z.pgrb2.0p25.f354,2026-08-01 17:23:03,5.38,True
gfs,2026-08-02 12:00:00,True,gfs.20260802/12/atmos/gfs.t12z.pgrb2.0p25.f354,2026-08-02 17:08:42,5.14,True
gfs,2026-08-03 12:00:00,True,gfs.20260803/12/atmos/gfs.t12z.pgrb2.0p25.f354,2026-08-03 17:08:41,5.14,True
gfs,2026-08-04 12:00:00,True,gfs.20260804/12/atmos/gfs.t12z.pgrb2.0p25.f354,2026-08-04 17:20:54,5.35,True
gfs,2026-08-05 12:00:00,True,gfs.20260805/12/atmos/gfs.t12z.pgrb2.0p25.f354,2026-08-05 17:09:51,5.16,True
gfs,2026-08-06 12:00:00,True,gfs.20260806/12/atmos/gfs.t12z.pgrb2.0p25.f354,2026-08-06 17:07:46,5.13,True
gfs,2026-08-07 12:00:00,True,gfs.20260807/12/atmos/gfs.t12z.pgrb2.0p25.f354,2026-08-07 17:08:55,5.15,True
gfs,2026-08-08 12:00:00,True,gfs.20260808/12/atmos/gfs.t12z.pgrb2.0p25.f354,2026-08-08 17:07:33,5.13,True
gfs,2026-08-09 12:00:00,True,gfs.20260809/12/atmos/gfs.t12z.pgrb2.0p25.f354,2026-08-09 17:11:12,5.19,True
gfs,2026-08-10 12:00:00,True,gfs.20260810/12/atmos/gfs.t12z.pgrb2.0p25.f354,2026-08-10 17:09:40,5.16,True
gfs,2026-08-11 12:00:00,True,gfs.20260811/12/atmos/gfs.t12z.pgrb2.0p25.f354,2026-08-11 17:09:43,5.16,True
gfs,2026-08-12 12:00:00,True,gfs.20260812/12/atmos/gfs.t12z.pgrb2.0p25.f354,2026-08-12 17:09:22,5.16,True
gfs,2026-08-13 12:00:00,True,gfs.20260813/12/atmos/gfs.t12z.pgrb2.0p25.f354,2026-08-13 17:10:12,5.17,True
gfs,2026-08-14 12:00:00,True,gfs.20260814/12/atmos/gfs.t12z.pgrb2.0p25.f354,2026-08-14 17:09:11,5.15,True
gfs,2026-08-15 12:00:00,True,gfs.20260815/12/atmos/gfs.t12z.pgrb2.0p25.f354,2026-08-15 17:26:04,5.43,True
gfs,2026-08-16 12:00:00,True,gfs.20260816/12/atmos/gfs.t12z.pgrb2.0p25.f354,2026-08-16 17:07:32,5.13,True
gfs,2026-08-17 12:00:00,True,gfs.20260817/12/atmos/gfs.t12z.pgrb2.0p25.f354,2026-08-17 17:08:50,5.15,True
gfs,2026-08-18 12:00:00,True,gfs.20260818/12/atmos/gfs.t12z.pgrb2.0p25.f354,2026-08-18 17:08:28,5.14,True
gfs,2026-08-19 12:00:00,True,gfs.20260819/12/atmos/gfs.t12z.pgrb2.0p25.f354,2026-08-19 17:09:33,5.16,True
gfs,2026-08-20 12:00:00,True,gfs.20260820/12/atmos/gfs.t12z.pgrb2.0p25.f354,2026-08-20 17:09:27,5.16,True
gfs,2026-08-21 12:00:00,True,gfs.20260821/12/atmos/gfs.t12z.pgrb2.0p25.f354,2026-08-21 17:10:37,5.18,True
gfs,2026-08-22 12:00:00,True,gfs.20260822/12/atmos/gfs.t12z.pgrb2.0p25.f354,2026-08-22 17:29:07,5.49,True
gfs,2026-08-23 12:00:00,True,gfs.20260823/12/atmos/gfs.t12z.pgrb2.0p25.f354,2026-08-23 17:12:14,5.2,True
gfs,2026-08-24 12:00:00,True,gfs.20260824/12/atmos/gfs.t12z.pgrb2.0p25.f354,2026-08-24 17:12:31,5.21,True
gfs,2026-08-25 12:00:00,True,gfs.20260825/12/atmos/gfs.t12z.pgrb2.0p25.f354,2026-08-25 17:12:12,5.2,True
gfs,2026-08-26 12:00:00,True,gfs.20260826/12/atmos/gfs.t12z.pgrb2.0p25.f354,2026-08-26 17:10:54,5.18,True
gfs,2026-08-27 12:00:00,True,gfs.20260827/12/atmos/gfs.t12z.pgrb2.0p25.f354,2026-08-27 17:35:20,5.59,True
gfs,2026-08-28 12:00:00,True,gfs.20260828/12/atmos/gfs.t12z.pgrb2.0p25.f354,2026-08-28 17:13:32,5.23,True
gfs,2026-08-29 12:00:00,True,gfs.20260829/12/atmos/gfs.t12z.pgrb2.0p25.f354,2026-08-29 17:15:03,5.25,True
gfs,2026-08-30 12:00:00,True,gfs.20260830/12/atmos/gfs.t12z.pgrb2.0p25.f354,2026-08-30 17:14:02,5.23,True
gfs,2026-08-31 12:00:00,True,gfs.20260831/12/atmos/gfs.t12z.pgrb2.0p25.f354,2026-08-31 17:13:22,5.22,True
gfs,2026-09-01 12:00:00,True,gfs.20260901/12/atmos/gfs.t12z.pgrb2.0p25.f354,2026-09-01 17:16:27,5.27,True
gfs,2026-09-02 12:00:00,True,gfs.20260902/12/atmos/gfs.t12z.pgrb2.0p25.f354,2026-09-02 17:07:47,5.13,True
gfs,2026-09-03 12:00:00,True,gfs.20260903/12/atmos/gfs.t12z.pgrb2.0p25.f354,2026-09-03 17:08:45,5.15,True
gfs,2026-09-04 12:00:00,True,gfs.20260904/12/atmos/gfs.t12z.pgrb2.0p25.f354,2026-09-04 17:07:42,5.13,True
gfs,2026-09-05 12:00:00,True,gfs.20260905/12/atmos/gfs.t12z.pgrb2.0p25.f354,2026-09-05 17:11:02,5.18,True
gfs,2026-09-06 12:00:00,True,gfs.20260906/12/atmos/gfs.t12z.pgrb2.0p25.f354,2026-09-06 17:11:46,5.2,True
gfs,2026-09-07 12:00:00,True,gfs.20260907/12/atmos/gfs.t12z.pgrb2.0p25.f354,2026-09-07 17:10:26,5.17,True
gfs,2026-09-08 12:00:00,True,gfs.20260908/12/atmos/gfs.t12z.pgrb2.0p25.f354,2026-09-08 17:09:32,5.16,True
gfs,2026-09-09 12:00:00,True,gfs.20260909/12/atmos/gfs.t12z.pgrb2.0p25.f354,2026-09-09 17:07:43,5.13,True
gfs,2026-09-10 12:00:00,True,gfs.20260910/12/atmos/gfs.t12z.pgrb2.0p25.f354,2026-09-10 17:11:56,5.2,True
gfs,2026-09-11 12:00:00,True,gfs.20260911/12/atmos/gfs.t12z.pgrb2.0p25.f354,2026-09-11 17:09:27,5.16,True
gfs,2026-09-12 12:00:00,True,gfs.20260912/12/atmos/gfs.t12z.pgrb2.0p25.f354,2026-09-12 17:08:09,5.14,True
gfs,2026-09-13 12:00:00,True,gfs.20260913/12/atmos/gfs.t12z.pgrb2.0p25.f354,2026-09-13 17:09:01,5.15,True
gfs,2026-09-15 12:00:00,True,gfs.20260915/12/atmos/gfs.t12z.pgrb2.0p25.f354,2026-09-15 17:07:32,5.13,True
gfs,2026-09-16 12:00:00,True,gfs.20260916/12/atmos/gfs.t12z.pgrb2.0p25.f354,2026-09-16 17:09:31,5.16,True
ecmwf,2024-03-14 12:00:00,True,20240314/12z/ifs/0p25/oper/20240314120000-240h-oper-fc.grib2,2024-03-14 19:55:55,7.93,True
ecmwf,2024-03-15 12:00:00,True,20240315/12z/ifs/0p25/oper/20240315120000-240h-oper-fc.grib2,2024-03-15 19:55:56,7.93,True
ecmwf,2024-03-16 12:00:00,True,20240316/12z/ifs/0p25/oper/20240316120000-240h-oper-fc.grib2,2024-03-16 19:55:56,7.93,True
ecmwf,2024-03-17 12:00:00,True,20240317/12z/ifs/0p25/oper/20240317120000-240h-oper-fc.grib2,2024-03-17 19:55:56,7.93,True
ecmwf,2024-03-18 12:00:00,True,20240318/12z/ifs/0p25/oper/20240318120000-240h-oper-fc.grib2,2024-03-18 19:55:56,7.93,True
ecmwf,2024-03-19 12:00:00,True,20240319/12z/ifs/0p25/oper/20240319120000-240h-oper-fc.grib2,2024-03-19 19:55:56,7.93,True
ecmwf,2024-03-20 12:00:00,True,20240320/12z/ifs/0p25/oper/20240320120000-240h-oper-fc.grib2,2024-03-20 19:55:55,7.93,True
ecmwf,2024-03-21 12:00:00,True,20240321/12z/ifs/0p25/oper/20240321120000-240h-oper-fc.grib2,2024-03-21 19:55:56,7.93,True
ecmwf,2024-03-22 12:00:00,True,20240322/12z/ifs/0p25/oper/20240322120000-240h-oper-fc.grib2,2024-03-22 19:55:57,7.93,True
ecmwf,2024-03-23 12:00:00,True,20240323/12z/ifs/0p25/oper/20240323120000-240h-oper-fc.grib2,2024-03-23 19:55:56,7.93,True
ecmwf,2024-03-24 12:00:00,True,20240324/12z/ifs/0p25/oper/20240324120000-240h-oper-fc.grib2,2024-03-24 19:55:55,7.93,True
ecmwf,2024-03-25 12:00:00,True,20240325/12z/ifs/0p25/oper/20240325120000-240h-oper-fc.grib2,2024-03-25 19:55:57,7.93,True
ecmwf,2024-03-26 12:00:00,True,20240326/12z/ifs/0p25/oper/20240326120000-240h-oper-fc.grib2,2024-03-26 19:55:56,7.93,True
ecmwf,2024-03-27 12:00:00,True,20240327/12z/ifs/0p25/oper/20240327120000-240h-oper-fc.grib2,2024-03-27 19:55:55,7.93,True
ecmwf,2024-03-28 12:00:00,True,20240328/12z/ifs/0p25/oper/20240328120000-240h-oper-fc.grib2,2024-03-28 19:55:57,7.93,True
ecmwf,2024-03-29 12:00:00,True,20240329/12z/ifs/0p25/oper/20240329120000-240h-oper-fc.grib2,2024-03-29 19:55:56,7.93,True
ecmwf,2024-03-30 12:00:00,True,20240330/12z/ifs/0p25/oper/20240330120000-240h-oper-fc.grib2,2024-03-30 19:55:57,7.93,True
ecmwf,2024-03-31 12:00:00,True,20240331/12z/ifs/0p25/oper/20240331120000-240h-oper-fc.grib2,2024-03-31 19:55:54,7.93,True
ecmwf,2024-04-01 12:00:00,True,20240401/12z/ifs/0p25/oper/20240401120000-240h-oper-fc.grib2,2024-04-01 19:55:57,7.93,True
ecmwf,2024-04-02 12:00:00,True,20240402/12z/ifs/0p25/oper/20240402120000-240h-oper-fc.grib2,2024-04-02 19:55:56,7.93,True
ecmwf,2024-04-03 12:00:00,True,20240403/12z/ifs/0p25/oper/20240403120000-240h-oper-fc.grib2,2024-04-03 19:55:55,7.93,True
ecmwf,2024-04-04 12:00:00,True,20240404/12z/ifs/0p25/oper/20240404120000-240h-oper-fc.grib2,2024-04-04 19:55:54,7.93,True
ecmwf,2024-04-05 12:00:00,True,20240405/12z/ifs/0p25/oper/20240405120000-240h-oper-fc.grib2,2024-04-05 19:55:56,7.93,True
ecmwf,2024-04-06 12:00:00,True,20240406/12z/ifs/0p25/oper/20240406120000-240h-oper-fc.grib2,2024-04-06 19:55:56,7.93,True
ecmwf,2024-04-07 12:00:00,True,20240407/12z/ifs/0p25/oper/20240407120000-240h-oper-fc.grib2,2024-04-07 19:55:56,7.93,True
ecmwf,2024-04-08 12:00:00,True,20240408/12z/ifs/0p25/oper/20240408120000-240h-oper-fc.grib2,2024-04-08 19:55:56,7.93,True
ecmwf,2024-04-09 12:00:00,True,20240409/12z/ifs/0p25/oper/20240409120000-240h-oper-fc.grib2,2024-04-09 19:55:56,7.93,True
ecmwf,2024-04-10 12:00:00,True,20240410/12z/ifs/0p25/oper/20240410120000-240h-oper-fc.grib2,2024-04-10 19:55:56,7.93,True
ecmwf,2024-04-11 12:00:00,True,20240411/12z/ifs/0p25/oper/20240411120000-240h-oper-fc.grib2,2024-04-11 19:55:56,7.93,True
ecmwf,2024-04-12 12:00:00,True,20240412/12z/ifs/0p25/oper/20240412120000-240h-oper-fc.grib2,2024-04-12 19:55:55,7.93,True
ecmwf,2024-04-13 12:00:00,True,20240413/12z/ifs/0p25/oper/20240413120000-240h-oper-fc.grib2,2024-04-13 19:55:55,7.93,True
ecmwf,2024-04-14 12:00:00,True,20240414/12z/ifs/0p25/oper/20240414120000-240h-oper-fc.grib2,2024-04-14 19:55:57,7.93,True
ecmwf,2024-04-15 12:00:00,True,20240415/12z/ifs/0p25/oper/20240415120000-240h-oper-fc.grib2,2024-04-15 19:55:59,7.93,True
ecmwf,2024-04-16 12:00:00,True,20240416/12z/ifs/0p25/oper/20240416120000-240h-oper-fc.grib2,2024-04-16 19:55:55,7.93,True
ecmwf,2024-04-17 12:00:00,True,20240417/12z/ifs/0p25/oper/20240417120000-240h-oper-fc.grib2,2024-04-17 19:55:54,7.93,True
ecmwf,2024-04-18 12:00:00,True,20240418/12z/ifs/0p25/oper/20240418120000-240h-oper-fc.grib2,2024-04-18 19:55:57,7.93,True
ecmwf,2024-04-19 12:00:00,True,20240419/12z/ifs/0p25/oper/20240419120000-240h-oper-fc.grib2,2024-04-19 19:55:56,7.93,True
ecmwf,2024-04-20 12:00:00,True,20240420/12z/ifs/0p25/oper/20240420120000-240h-oper-fc.grib2,2024-04-20 19:55:56,7.93,True
ecmwf,2024-04-21 12:00:00,True,20240421/12z/ifs/0p25/oper/20240421120000-240h-oper-fc.grib2,2024-04-21 19:55:54,7.93,True
ecmwf,2024-04-22 12:00:00,True,20240422/12z/ifs/0p25/oper/20240422120000-240h-oper-fc.grib2,2024-04-22 19:55:56,7.93,True
ecmwf,2024-04-23 12:00:00,True,20240423/12z/ifs/0p25/oper/20240423120000-240h-oper-fc.grib2,2024-04-23 19:55:57,7.93,True
ecmwf,2024-04-24 12:00:00,True,20240424/12z/ifs/0p25/oper/20240424120000-240h-oper-fc.grib2,2024-04-24 19:55:57,7.93,True
ecmwf,2024-04-25 12:00:00,True,20240425/12z/ifs/0p25/oper/20240425120000-240h-oper-fc.grib2,2024-04-25 19:55:56,7.93,True
ecmwf,2024-04-26 12:00:00,True,20240426/12z/ifs/0p25/oper/20240426120000-240h-oper-fc.grib2,2024-04-26 19:55:56,7.93,True
ecmwf,2024-04-27 12:00:00,True,20240427/12z/ifs/0p25/oper/20240427120000-240h-oper-fc.grib2,2024-04-27 19:55:54,7.93,True
ecmwf,2024-04-28 12:00:00,True,20240428/12z/ifs/0p25/oper/20240428120000-240h-oper-fc.grib2,2024-04-28 19:55:55,7.93,True
ecmwf,2024-04-29 12:00:00,True,20240429/12z/ifs/0p25/oper/20240429120000-240h-oper-fc.grib2,2024-04-29 19:55:55,7.93,True
ecmwf,2024-04-30 12:00:00,True,20240430/12z/ifs/0p25/oper/20240430120000-240h-oper-fc.grib2,2024-04-30 19:55:56,7.93,True
ecmwf,2024-05-01 12:00:00,True,20240501/12z/ifs/0p25/oper/20240501120000-240h-oper-fc.grib2,2024-05-01 19:55:56,7.93,True
ecmwf,2024-05-02 12:00:00,True,20240502/12z/ifs/0p25/oper/20240502120000-240h-oper-fc.grib2,2024-05-02 19:55:53,7.93,True
ecmwf,2024-05-03 12:00:00,True,20240503/12z/ifs/0p25/oper/20240503120000-240h-oper-fc.grib2,2024-05-03 19:55:57,7.93,True
ecmwf,2024-05-04 12:00:00,True,20240504/12z/ifs/0p25/oper/20240504120000-240h-oper-fc.grib2,2024-05-04 19:55:54,7.93,True
ecmwf,2024-05-05 12:00:00,True,20240505/12z/ifs/0p25/oper/20240505120000-240h-oper-fc.grib2,2024-05-05 19:55:56,7.93,True
ecmwf,2024-05-06 12:00:00,True,20240506/12z/ifs/0p25/oper/20240506120000-240h-oper-fc.grib2,2024-05-06 19:55:55,7.93,True
ecmwf,2024-05-07 12:00:00,True,20240507/12z/ifs/0p25/oper/20240507120000-240h-oper-fc.grib2,2024-05-07 19:55:54,7.93,True
ecmwf,2024-05-08 12:00:00,True,20240508/12z/ifs/0p25/oper/20240508120000-240h-oper-fc.grib2,2024-05-08 19:55:54,7.93,True
ecmwf,2024-05-09 12:00:00,True,20240509/12z/ifs/0p25/oper/20240509120000-240h-oper-fc.grib2,2024-05-09 19:55:55,7.93,True
ecmwf,2024-05-10 12:00:00,True,20240510/12z/ifs/0p25/oper/20240510120000-240h-oper-fc.grib2,2024-05-10 19:55:55,7.93,True
ecmwf,2024-05-11 12:00:00,True,20240511/12z/ifs/0p25/oper/20240511120000-240h-oper-fc.grib2,2024-05-11 19:55:55,7.93,True
ecmwf,2024-05-12 12:00:00,True,20240512/12z/ifs/0p25/oper/20240512120000-240h-oper-fc.grib2,2024-05-12 19:55:53,7.93,True
ecmwf,2024-05-13 12:00:00,True,20240513/12z/ifs/0p25/oper/20240513120000-240h-oper-fc.grib2,2024-05-13 19:55:54,7.93,True
ecmwf,2024-05-14 12:00:00,True,20240514/12z/ifs/0p25/oper/20240514120000-240h-oper-fc.grib2,2024-05-14 19:55:57,7.93,True
ecmwf,2024-05-15 12:00:00,True,20240515/12z/ifs/0p25/oper/20240515120000-240h-oper-fc.grib2,2024-05-15 19:55:55,7.93,True
ecmwf,2024-05-16 12:00:00,True,20240516/12z/ifs/0p25/oper/20240516120000-240h-oper-fc.grib2,2024-05-16 19:55:55,7.93,True
ecmwf,2024-05-17 12:00:00,True,20240517/12z/ifs/0p25/oper/20240517120000-240h-oper-fc.grib2,2024-05-17 19:55:55,7.93,True
ecmwf,2024-05-18 12:00:00,True,20240518/12z/ifs/0p25/oper/20240518120000-240h-oper-fc.grib2,2024-05-18 19:55:55,7.93,True
ecmwf,2024-05-19 12:00:00,True,20240519/12z/ifs/0p25/oper/20240519120000-240h-oper-fc.grib2,2024-05-19 19:55:55,7.93,True
ecmwf,2024-05-20 12:00:00,True,20240520/12z/ifs/0p25/oper/20240520120000-240h-oper-fc.grib2,2024-05-20 19:56:18,7.94,True
ecmwf,2024-05-21 12:00:00,True,20240521/12z/ifs/0p25/oper/20240521120000-240h-oper-fc.grib2,2024-05-21 19:55:54,7.93,True
ecmwf,2024-05-22 12:00:00,True,20240522/12z/ifs/0p25/oper/20240522120000-240h-oper-fc.grib2,2024-05-22 19:55:56,7.93,True
ecmwf,2024-05-23 12:00:00,True,20240523/12z/ifs/0p25/oper/20240523120000-240h-oper-fc.grib2,2024-05-23 19:55:55,7.93,True
ecmwf,2024-05-24 12:00:00,True,20240524/12z/ifs/0p25/oper/20240524120000-240h-oper-fc.grib2,2024-05-24 19:55:57,7.93,True
ecmwf,2024-05-25 12:00:00,True,20240525/12z/ifs/0p25/oper/20240525120000-240h-oper-fc.grib2,2024-05-25 19:55:53,7.93,True
ecmwf,2024-05-26 12:00:00,True,20240526/12z/ifs/0p25/oper/20240526120000-240h-oper-fc.grib2,2024-05-26 19:55:55,7.93,True
ecmwf,2024-05-27 12:00:00,True,20240527/12z/ifs/0p25/oper/20240527120000-240h-oper-fc.grib2,2024-05-27 19:55:57,7.93,True
ecmwf,2024-05-28 12:00:00,True,20240528/12z/ifs/0p25/oper/20240528120000-240h-oper-fc.grib2,2024-05-28 19:55:54,7.93,True
ecmwf,2024-05-29 12:00:00,True,20240529/12z/ifs/0p25/oper/20240529120000-240h-oper-fc.grib2,2024-05-29 19:55:57,7.93,True
ecmwf,2024-05-30 12:00:00,True,20240530/12z/ifs/0p25/oper/20240530120000-240h-oper-fc.grib2,2024-05-30 19:55:57,7.93,True
ecmwf,2024-05-31 12:00:00,True,20240531/12z/ifs/0p25/oper/20240531120000-240h-oper-fc.grib2,2024-05-31 19:55:55,7.93,True
ecmwf,2024-06-01 12:00:00,True,20240601/12z/ifs/0p25/oper/20240601120000-240h-oper-fc.grib2,2024-06-01 19:55:55,7.93,True
ecmwf,2024-06-02 12:00:00,True,20240602/12z/ifs/0p25/oper/20240602120000-240h-oper-fc.grib2,2024-06-02 19:55:55,7.93,True
ecmwf,2024-06-03 12:00:00,True,20240603/12z/ifs/0p25/oper/20240603120000-240h-oper-fc.grib2,2024-06-03 19:55:57,7.93,True
ecmwf,2024-06-04 12:00:00,True,20240604/12z/ifs/0p25/oper/20240604120000-240h-oper-fc.grib2,2024-06-04 19:55:55,7.93,True
ecmwf,2024-06-05 12:00:00,True,20240605/12z/ifs/0p25/oper/20240605120000-240h-oper-fc.grib2,2024-06-05 19:55:57,7.93,True
ecmwf,2024-06-06 12:00:00,True,20240606/12z/ifs/0p25/oper/20240606120000-240h-oper-fc.grib2,2024-06-06 19:55:57,7.93,True
ecmwf,2024-06-07 12:00:00,True,20240607/12z/ifs/0p25/oper/20240607120000-240h-oper-fc.grib2,2024-06-07 19:55:55,7.93,True
ecmwf,2024-06-08 12:00:00,True,20240608/12z/ifs/0p25/oper/20240608120000-240h-oper-fc.grib2,2024-06-08 19:55:58,7.93,True
ecmwf,2024-06-09 12:00:00,True,20240609/12z/ifs/0p25/oper/20240609120000-240h-oper-fc.grib2,2024-06-09 19:55:55,7.93,True
ecmwf,2024-06-10 12:00:00,True,20240610/12z/ifs/0p25/oper/20240610120000-240h-oper-fc.grib2,2024-06-10 19:55:56,7.93,True
ecmwf,2024-06-11 12:00:00,True,20240611/12z/ifs/0p25/oper/20240611120000-240h-oper-fc.grib2,2024-06-11 19:55:59,7.93,True
ecmwf,2024-06-12 12:00:00,True,20240612/12z/ifs/0p25/oper/20240612120000-240h-oper-fc.grib2,2024-06-12 19:55:57,7.93,True
ecmwf,2024-06-13 12:00:00,True,20240613/12z/ifs/0p25/oper/20240613120000-240h-oper-fc.grib2,2024-06-13 19:55:55,7.93,True
ecmwf,2024-06-14 12:00:00,True,20240614/12z/ifs/0p25/oper/20240614120000-240h-oper-fc.grib2,2024-06-14 19:55:58,7.93,True
ecmwf,2024-06-15 12:00:00,True,20240615/12z/ifs/0p25/oper/20240615120000-240h-oper-fc.grib2,2024-06-15 19:55:56,7.93,True
ecmwf,2024-06-16 12:00:00,True,20240616/12z/ifs/0p25/oper/20240616120000-240h-oper-fc.grib2,2024-06-16 19:55:55,7.93,True
ecmwf,2024-06-17 12:00:00,True,20240617/12z/ifs/0p25/oper/20240617120000-240h-oper-fc.grib2,2024-06-17 19:55:55,7.93,True
ecmwf,2024-06-18 12:00:00,True,20240618/12z/ifs/0p25/oper/20240618120000-240h-oper-fc.grib2,2024-06-18 19:55:57,7.93,True
ecmwf,2024-06-19 12:00:00,True,20240619/12z/ifs/0p25/oper/20240619120000-240h-oper-fc.grib2,2024-06-19 19:55:55,7.93,True
ecmwf,2024-06-20 12:00:00,True,20240620/12z/ifs/0p25/oper/20240620120000-240h-oper-fc.grib2,2024-06-20 19:55:56,7.93,True
ecmwf,2024-06-21 12:00:00,True,20240621/12z/ifs/0p25/oper/20240621120000-240h-oper-fc.grib2,2024-06-21 19:55:56,7.93,True
ecmwf,2024-06-22 12:00:00,True,20240622/12z/ifs/0p25/oper/20240622120000-240h-oper-fc.grib2,2024-06-22 19:55:55,7.93,True
ecmwf,2024-06-23 12:00:00,True,20240623/12z/ifs/0p25/oper/20240623120000-240h-oper-fc.grib2,2024-06-23 19:55:57,7.93,True
ecmwf,2024-06-24 12:00:00,True,20240624/12z/ifs/0p25/oper/20240624120000-240h-oper-fc.grib2,2024-06-24 19:55:57,7.93,True
ecmwf,2024-06-25 12:00:00,True,20240625/12z/ifs/0p25/oper/20240625120000-240h-oper-fc.grib2,2024-06-25 19:55:57,7.93,True
ecmwf,2024-06-26 12:00:00,True,20240626/12z/ifs/0p25/oper/20240626120000-240h-oper-fc.grib2,2024-06-26 19:55:56,7.93,True
ecmwf,2024-06-27 12:00:00,True,20240627/12z/ifs/0p25/oper/20240627120000-240h-oper-fc.grib2,2024-06-27 19:55:55,7.93,True
ecmwf,2024-06-28 12:00:00,True,20240628/12z/ifs/0p25/oper/20240628120000-240h-oper-fc.grib2,2024-06-28 19:55:59,7.93,True
ecmwf,2024-06-29 12:00:00,True,20240629/12z/ifs/0p25/oper/20240629120000-240h-oper-fc.grib2,2024-06-29 19:55:55,7.93,True
ecmwf,2024-06-30 12:00:00,True,20240630/12z/ifs/0p25/oper/20240630120000-240h-oper-fc.grib2,2024-06-30 19:55:55,7.93,True
ecmwf,2024-07-01 12:00:00,True,20240701/12z/ifs/0p25/oper/20240701120000-240h-oper-fc.grib2,2024-07-01 19:55:58,7.93,True
ecmwf,2024-07-02 12:00:00,True,20240702/12z/ifs/0p25/oper/20240702120000-240h-oper-fc.grib2,2024-07-02 19:55:55,7.93,True
ecmwf,2024-07-03 12:00:00,True,20240703/12z/ifs/0p25/oper/20240703120000-240h-oper-fc.grib2,2024-07-03 19:55:56,7.93,True
ecmwf,2024-07-04 12:00:00,True,20240704/12z/ifs/0p25/oper/20240704120000-240h-oper-fc.grib2,2024-07-04 19:55:57,7.93,True
ecmwf,2024-07-05 12:00:00,True,20240705/12z/ifs/0p25/oper/20240705120000-240h-oper-fc.grib2,2024-07-05 19:55:56,7.93,True
ecmwf,2024-07-06 12:00:00,True,20240706/12z/ifs/0p25/oper/20240706120000-240h-oper-fc.grib2,2024-07-06 20:14:30,8.24,True
ecmwf,2024-07-07 12:00:00,True,20240707/12z/ifs/0p25/oper/20240707120000-240h-oper-fc.grib2,2024-07-07 19:55:55,7.93,True
ecmwf,2024-07-08 12:00:00,True,20240708/12z/ifs/0p25/oper/20240708120000-240h-oper-fc.grib2,2024-07-08 19:55:57,7.93,True
ecmwf,2024-07-09 12:00:00,True,20240709/12z/ifs/0p25/oper/20240709120000-240h-oper-fc.grib2,2024-07-09 19:55:56,7.93,True
ecmwf,2024-07-10 12:00:00,True,20240710/12z/ifs/0p25/oper/20240710120000-240h-oper-fc.grib2,2024-07-10 19:55:57,7.93,True
ecmwf,2024-07-11 12:00:00,True,20240711/12z/ifs/0p25/oper/20240711120000-240h-oper-fc.grib2,2024-07-11 19:55:56,7.93,True
ecmwf,2024-07-12 12:00:00,True,20240712/12z/ifs/0p25/oper/20240712120000-240h-oper-fc.grib2,2024-07-12 19:55:56,7.93,True
ecmwf,2024-07-13 12:00:00,True,20240713/12z/ifs/0p25/oper/20240713120000-240h-oper-fc.grib2,2024-07-13 19:55:55,7.93,True
ecmwf,2024-07-14 12:00:00,True,20240714/12z/ifs/0p25/oper/20240714120000-240h-oper-fc.grib2,2024-07-14 19:55:56,7.93,True
ecmwf,2024-07-15 12:00:00,True,20240715/12z/ifs/0p25/oper/20240715120000-240h-oper-fc.grib2,2024-07-15 19:55:55,7.93,True
ecmwf,2024-07-16 12:00:00,True,20240716/12z/ifs/0p25/oper/20240716120000-240h-oper-fc.grib2,2024-07-16 19:55:57,7.93,True
ecmwf,2024-07-17 12:00:00,True,20240717/12z/ifs/0p25/oper/20240717120000-240h-oper-fc.grib2,2024-07-17 19:55:55,7.93,True
ecmwf,2024-07-18 12:00:00,True,20240718/12z/ifs/0p25/oper/20240718120000-240h-oper-fc.grib2,2024-07-18 19:55:56,7.93,True
ecmwf,2024-07-19 12:00:00,True,20240719/12z/ifs/0p25/oper/20240719120000-240h-oper-fc.grib2,2024-07-19 19:55:58,7.93,True
ecmwf,2024-07-20 12:00:00,True,20240720/12z/ifs/0p25/oper/20240720120000-240h-oper-fc.grib2,2024-07-20 19:55:55,7.93,True
ecmwf,2024-07-21 12:00:00,True,20240721/12z/ifs/0p25/oper/20240721120000-240h-oper-fc.grib2,2024-07-21 19:55:56,7.93,True
ecmwf,2024-07-22 12:00:00,True,20240722/12z/ifs/0p25/oper/20240722120000-240h-oper-fc.grib2,2024-07-22 19:55:57,7.93,True
ecmwf,2024-07-23 12:00:00,True,20240723/12z/ifs/0p25/oper/20240723120000-240h-oper-fc.grib2,2024-07-23 19:55:57,7.93,True
ecmwf,2024-07-24 12:00:00,True,20240724/12z/ifs/0p25/oper/20240724120000-240h-oper-fc.grib2,2024-07-24 19:55:57,7.93,True
ecmwf,2024-07-25 12:00:00,True,20240725/12z/ifs/0p25/oper/20240725120000-240h-oper-fc.grib2,2024-07-25 19:56:01,7.93,True
ecmwf,2024-07-26 12:00:00,True,20240726/12z/ifs/0p25/oper/20240726120000-240h-oper-fc.grib2,2024-07-26 19:55:59,7.93,True
ecmwf,2024-07-27 12:00:00,True,20240727/12z/ifs/0p25/oper/20240727120000-240h-oper-fc.grib2,2024-07-27 19:55:57,7.93,True
ecmwf,2024-07-28 12:00:00,True,20240728/12z/ifs/0p25/oper/20240728120000-240h-oper-fc.grib2,2024-07-28 19:55:56,7.93,True
ecmwf,2024-07-29 12:00:00,True,20240729/12z/ifs/0p25/oper/20240729120000-240h-oper-fc.grib2,2024-07-29 19:55:58,7.93,True
ecmwf,2024-07-30 12:00:00,True,20240730/12z/ifs/0p25/oper/20240730120000-240h-oper-fc.grib2,2024-07-30 19:55:54,7.93,True
ecmwf,2024-07-31 12:00:00,True,20240731/12z/ifs/0p25/oper/20240731120000-240h-oper-fc.grib2,2024-07-31 19:55:57,7.93,True
ecmwf,2024-08-01 12:00:00,True,20240801/12z/ifs/0p25/oper/20240801120000-240h-oper-fc.grib2,2024-08-01 19:55:59,7.93,True
ecmwf,2024-08-02 12:00:00,True,20240802/12z/ifs/0p25/oper/20240802120000-240h-oper-fc.grib2,2024-08-02 19:55:57,7.93,True
ecmwf,2024-08-03 12:00:00,True,20240803/12z/ifs/0p25/oper/20240803120000-240h-oper-fc.grib2,2024-08-03 19:55:59,7.93,True
ecmwf,2024-08-04 12:00:00,True,20240804/12z/ifs/0p25/oper/20240804120000-240h-oper-fc.grib2,2024-08-04 19:55:56,7.93,True
ecmwf,2024-08-05 12:00:00,True,20240805/12z/ifs/0p25/oper/20240805120000-240h-oper-fc.grib2,2024-08-05 19:55:57,7.93,True
ecmwf,2024-08-06 12:00:00,True,20240806/12z/ifs/0p25/oper/20240806120000-240h-oper-fc.grib2,2024-08-06 19:55:58,7.93,True
ecmwf,2024-08-07 12:00:00,True,20240807/12z/ifs/0p25/oper/20240807120000-240h-oper-fc.grib2,2024-08-07 19:55:56,7.93,True
ecmwf,2024-08-08 12:00:00,True,20240808/12z/ifs/0p25/oper/20240808120000-240h-oper-fc.grib2,2024-08-08 19:55:56,7.93,True
ecmwf,2024-08-09 12:00:00,True,20240809/12z/ifs/0p25/oper/20240809120000-240h-oper-fc.grib2,2024-08-09 19:55:58,7.93,True
ecmwf,2024-08-10 12:00:00,True,20240810/12z/ifs/0p25/oper/20240810120000-240h-oper-fc.grib2,2024-08-10 19:55:57,7.93,True
ecmwf,2024-08-11 12:00:00,True,20240811/12z/ifs/0p25/oper/20240811120000-240h-oper-fc.grib2,2024-08-11 19:55:58,7.93,True
ecmwf,2024-08-12 12:00:00,True,20240812/12z/ifs/0p25/oper/20240812120000-240h-oper-fc.grib2,2024-08-12 19:55:58,7.93,True
ecmwf,2024-08-13 12:00:00,True,20240813/12z/ifs/0p25/oper/20240813120000-240h-oper-fc.grib2,2024-08-13 19:55:57,7.93,True
ecmwf,2024-08-14 12:00:00,True,20240814/12z/ifs/0p25/oper/20240814120000-240h-oper-fc.grib2,2024-08-14 19:55:57,7.93,True
ecmwf,2024-08-15 12:00:00,True,20240815/12z/ifs/0p25/oper/20240815120000-240h-oper-fc.grib2,2024-08-15 19:55:57,7.93,True
ecmwf,2024-08-16 12:00:00,True,20240816/12z/ifs/0p25/oper/20240816120000-240h-oper-fc.grib2,2024-08-16 19:55:58,7.93,True
ecmwf,2024-08-17 12:00:00,True,20240817/12z/ifs/0p25/oper/20240817120000-240h-oper-fc.grib2,2024-08-17 19:55:58,7.93,True
ecmwf,2024-08-18 12:00:00,True,20240818/12z/ifs/0p25/oper/20240818120000-240h-oper-fc.grib2,2024-08-18 19:55:58,7.93,True
ecmwf,2024-08-19 12:00:00,True,20240819/12z/ifs/0p25/oper/20240819120000-240h-oper-fc.grib2,2024-08-19 19:55:58,7.93,True
ecmwf,2024-08-20 12:00:00,True,20240820/12z/ifs/0p25/oper/20240820120000-240h-oper-fc.grib2,2024-08-20 19:55:55,7.93,True
ecmwf,2024-08-21 12:00:00,True,20240821/12z/ifs/0p25/oper/20240821120000-240h-oper-fc.grib2,2024-08-21 19:55:57,7.93,True
ecmwf,2024-08-22 12:00:00,True,20240822/12z/ifs/0p25/oper/20240822120000-240h-oper-fc.grib2,2024-08-22 19:55:58,7.93,True
ecmwf,2024-08-23 12:00:00,True,20240823/12z/ifs/0p25/oper/20240823120000-240h-oper-fc.grib2,2024-08-23 19:55:58,7.93,True
ecmwf,2024-08-24 12:00:00,True,20240824/12z/ifs/0p25/oper/20240824120000-240h-oper-fc.grib2,2024-08-24 19:55:58,7.93,True
ecmwf,2024-08-25 12:00:00,True,20240825/12z/ifs/0p25/oper/20240825120000-240h-oper-fc.grib2,2024-08-25 19:55:57,7.93,True
ecmwf,2024-08-26 12:00:00,True,20240826/12z/ifs/0p25/oper/20240826120000-240h-oper-fc.grib2,2024-08-26 19:55:56,7.93,True
ecmwf,2024-08-27 12:00:00,True,20240827/12z/ifs/0p25/oper/20240827120000-240h-oper-fc.grib2,2024-08-27 19:55:57,7.93,True
ecmwf,2024-08-28 12:00:00,True,20240828/12z/ifs/0p25/oper/20240828120000-240h-oper-fc.grib2,2024-08-28 19:55:57,7.93,True
ecmwf,2024-08-29 12:00:00,True,20240829/12z/ifs/0p25/oper/20240829120000-240h-oper-fc.grib2,2024-08-29 19:55:58,7.93,True
ecmwf,2024-08-30 12:00:00,True,20240830/12z/ifs/0p25/oper/20240830120000-240h-oper-fc.grib2,2024-08-30 19:55:58,7.93,True
ecmwf,2024-08-31 12:00:00,True,20240831/12z/ifs/0p25/oper/20240831120000-240h-oper-fc.grib2,2024-08-31 19:55:58,7.93,True
ecmwf,2024-09-01 12:00:00,True,20240901/12z/ifs/0p25/oper/20240901120000-240h-oper-fc.grib2,2024-09-01 19:55:57,7.93,True
ecmwf,2024-09-02 12:00:00,True,20240902/12z/ifs/0p25/oper/20240902120000-240h-oper-fc.grib2,2024-09-02 19:55:56,7.93,True
ecmwf,2024-09-03 12:00:00,True,20240903/12z/ifs/0p25/oper/20240903120000-240h-oper-fc.grib2,2024-09-03 19:55:58,7.93,True
ecmwf,2024-09-04 12:00:00,True,20240904/12z/ifs/0p25/oper/20240904120000-240h-oper-fc.grib2,2024-09-04 19:55:58,7.93,True
ecmwf,2024-09-05 12:00:00,True,20240905/12z/ifs/0p25/oper/20240905120000-240h-oper-fc.grib2,2024-09-05 19:55:58,7.93,True
ecmwf,2024-09-06 12:00:00,True,20240906/12z/ifs/0p25/oper/20240906120000-240h-oper-fc.grib2,2024-09-06 19:55:58,7.93,True
ecmwf,2024-09-07 12:00:00,True,20240907/12z/ifs/0p25/oper/20240907120000-240h-oper-fc.grib2,2024-09-07 19:55:58,7.93,True
ecmwf,2024-09-08 12:00:00,True,20240908/12z/ifs/0p25/oper/20240908120000-240h-oper-fc.grib2,2024-09-08 19:55:57,7.93,True
ecmwf,2024-09-09 12:00:00,True,20240909/12z/ifs/0p25/oper/20240909120000-240h-oper-fc.grib2,2024-09-09 19:55:57,7.93,True
ecmwf,2024-09-10 12:00:00,True,20240910/12z/ifs/0p25/oper/20240910120000-240h-oper-fc.grib2,2024-09-10 19:55:57,7.93,True
ecmwf,2024-09-11 12:00:00,True,20240911/12z/ifs/0p25/oper/20240911120000-240h-oper-fc.grib2,2024-09-11 19:55:56,7.93,True
ecmwf,2024-09-12 12:00:00,True,20240912/12z/ifs/0p25/oper/20240912120000-240h-oper-fc.grib2,2024-09-12 19:55:58,7.93,True
ecmwf,2024-09-13 12:00:00,True,20240913/12z/ifs/0p25/oper/20240913120000-240h-oper-fc.grib2,2024-09-13 19:55:56,7.93,True
ecmwf,2024-09-14 12:00:00,True,20240914/12z/ifs/0p25/oper/20240914120000-240h-oper-fc.grib2,2024-09-14 19:55:57,7.93,True
ecmwf,2024-09-15 12:00:00,True,20240915/12z/ifs/0p25/oper/20240915120000-240h-oper-fc.grib2,2024-09-15 19:55:57,7.93,True
ecmwf,2024-09-16 12:00:00,True,20240916/12z/ifs/0p25/oper/20240916120000-240h-oper-fc.grib2,2024-09-16 19:56:01,7.93,True
ecmwf,2024-09-17 12:00:00,False,20240917/12z/ifs/0p25/oper/20240917120000-240h-oper-fc.grib2,2024-09-19 01:20:05,37.33,False
ecmwf,2024-09-18 12:00:00,True,20240918/12z/ifs/0p25/oper/20240918120000-240h-oper-fc.grib2,2024-09-19 02:47:11,14.79,True
ecmwf,2024-09-19 12:00:00,True,20240919/12z/ifs/0p25/oper/20240919120000-240h-oper-fc.grib2,2024-09-19 19:55:58,7.93,True
ecmwf,2024-09-20 12:00:00,True,20240920/12z/ifs/0p25/oper/20240920120000-240h-oper-fc.grib2,2024-09-20 19:55:57,7.93,True
ecmwf,2024-09-21 12:00:00,True,20240921/12z/ifs/0p25/oper/20240921120000-240h-oper-fc.grib2,2024-09-21 19:55:59,7.93,True
ecmwf,2024-09-22 12:00:00,True,20240922/12z/ifs/0p25/oper/20240922120000-240h-oper-fc.grib2,2024-09-22 19:55:59,7.93,True
ecmwf,2024-09-23 12:00:00,True,20240923/12z/ifs/0p25/oper/20240923120000-240h-oper-fc.grib2,2024-09-23 19:55:59,7.93,True
ecmwf,2024-09-24 12:00:00,True,20240924/12z/ifs/0p25/oper/20240924120000-240h-oper-fc.grib2,2024-09-24 19:55:58,7.93,True
ecmwf,2024-09-25 12:00:00,True,20240925/12z/ifs/0p25/oper/20240925120000-240h-oper-fc.grib2,2024-09-25 19:55:58,7.93,True
ecmwf,2024-09-26 12:00:00,True,20240926/12z/ifs/0p25/oper/20240926120000-240h-oper-fc.grib2,2024-09-26 19:55:57,7.93,True
ecmwf,2024-09-27 12:00:00,True,20240927/12z/ifs/0p25/oper/20240927120000-240h-oper-fc.grib2,2024-09-27 19:55:59,7.93,True
ecmwf,2024-09-28 12:00:00,True,20240928/12z/ifs/0p25/oper/20240928120000-240h-oper-fc.grib2,2024-09-28 19:55:56,7.93,True
ecmwf,2024-09-29 12:00:00,True,20240929/12z/ifs/0p25/oper/20240929120000-240h-oper-fc.grib2,2024-09-29 19:55:58,7.93,True
ecmwf,2024-09-30 12:00:00,True,20240930/12z/ifs/0p25/oper/20240930120000-240h-oper-fc.grib2,2024-09-30 19:55:56,7.93,True
ecmwf,2024-10-01 12:00:00,True,20241001/12z/ifs/0p25/oper/20241001120000-240h-oper-fc.grib2,2024-10-01 19:55:57,7.93,True
ecmwf,2024-10-02 12:00:00,True,20241002/12z/ifs/0p25/oper/20241002120000-240h-oper-fc.grib2,2024-10-02 19:55:57,7.93,True
ecmwf,2024-10-03 12:00:00,True,20241003/12z/ifs/0p25/oper/20241003120000-240h-oper-fc.grib2,2024-10-03 19:55:56,7.93,True
ecmwf,2024-10-04 12:00:00,True,20241004/12z/ifs/0p25/oper/20241004120000-240h-oper-fc.grib2,2024-10-04 19:55:59,7.93,True
ecmwf,2024-10-05 12:00:00,True,20241005/12z/ifs/0p25/oper/20241005120000-240h-oper-fc.grib2,2024-10-05 19:55:57,7.93,True
ecmwf,2024-10-06 12:00:00,True,20241006/12z/ifs/0p25/oper/20241006120000-240h-oper-fc.grib2,2024-10-06 19:55:59,7.93,True
ecmwf,2024-10-07 12:00:00,True,20241007/12z/ifs/0p25/oper/20241007120000-240h-oper-fc.grib2,2024-10-07 19:55:57,7.93,True
ecmwf,2024-10-08 12:00:00,True,20241008/12z/ifs/0p25/oper/20241008120000-240h-oper-fc.grib2,2024-10-08 19:55:59,7.93,True
ecmwf,2024-10-09 12:00:00,True,20241009/12z/ifs/0p25/oper/20241009120000-240h-oper-fc.grib2,2024-10-09 19:55:58,7.93,True
ecmwf,2024-10-10 12:00:00,True,20241010/12z/ifs/0p25/oper/20241010120000-240h-oper-fc.grib2,2024-10-10 19:55:59,7.93,True
ecmwf,2024-10-11 12:00:00,True,20241011/12z/ifs/0p25/oper/20241011120000-240h-oper-fc.grib2,2024-10-11 19:55:59,7.93,True
ecmwf,2024-10-12 12:00:00,True,20241012/12z/ifs/0p25/oper/20241012120000-240h-oper-fc.grib2,2024-10-12 19:55:56,7.93,True
ecmwf,2024-10-13 12:00:00,True,20241013/12z/ifs/0p25/oper/20241013120000-240h-oper-fc.grib2,2024-10-13 19:55:58,7.93,True
ecmwf,2024-10-14 12:00:00,True,20241014/12z/ifs/0p25/oper/20241014120000-240h-oper-fc.grib2,2024-10-14 19:55:59,7.93,True
ecmwf,2024-10-15 12:00:00,True,20241015/12z/ifs/0p25/oper/20241015120000-240h-oper-fc.grib2,2024-10-15 19:55:57,7.93,True
ecmwf,2024-10-16 12:00:00,True,20241016/12z/ifs/0p25/oper/20241016120000-240h-oper-fc.grib2,2024-10-16 19:55:58,7.93,True
ecmwf,2024-10-17 12:00:00,True,20241017/12z/ifs/0p25/oper/20241017120000-240h-oper-fc.grib2,2024-10-17 19:55:57,7.93,True
ecmwf,2024-10-18 12:00:00,True,20241018/12z/ifs/0p25/oper/20241018120000-240h-oper-fc.grib2,2024-10-18 19:55:57,7.93,True
ecmwf,2024-10-19 12:00:00,True,20241019/12z/ifs/0p25/oper/20241019120000-240h-oper-fc.grib2,2024-10-19 19:55:59,7.93,True
ecmwf,2024-10-20 12:00:00,True,20241020/12z/ifs/0p25/oper/20241020120000-240h-oper-fc.grib2,2024-10-20 19:55:57,7.93,True
ecmwf,2024-10-21 12:00:00,True,20241021/12z/ifs/0p25/oper/20241021120000-240h-oper-fc.grib2,2024-10-21 19:55:58,7.93,True
ecmwf,2024-10-22 12:00:00,True,20241022/12z/ifs/0p25/oper/20241022120000-240h-oper-fc.grib2,2024-10-22 19:55:57,7.93,True
ecmwf,2024-10-23 12:00:00,True,20241023/12z/ifs/0p25/oper/20241023120000-240h-oper-fc.grib2,2024-10-23 19:55:47,7.93,True
ecmwf,2024-10-24 12:00:00,True,20241024/12z/ifs/0p25/oper/20241024120000-240h-oper-fc.grib2,2024-10-24 19:55:47,7.93,True
ecmwf,2024-10-25 12:00:00,True,20241025/12z/ifs/0p25/oper/20241025120000-240h-oper-fc.grib2,2024-10-25 19:55:50,7.93,True
ecmwf,2024-10-26 12:00:00,True,20241026/12z/ifs/0p25/oper/20241026120000-240h-oper-fc.grib2,2024-10-26 19:55:49,7.93,True
ecmwf,2024-10-27 12:00:00,True,20241027/12z/ifs/0p25/oper/20241027120000-240h-oper-fc.grib2,2024-10-27 19:55:47,7.93,True
ecmwf,2024-10-28 12:00:00,True,20241028/12z/ifs/0p25/oper/20241028120000-240h-oper-fc.grib2,2024-10-28 19:55:47,7.93,True
ecmwf,2024-10-29 12:00:00,True,20241029/12z/ifs/0p25/oper/20241029120000-240h-oper-fc.grib2,2024-10-29 19:55:46,7.93,True
ecmwf,2024-10-30 12:00:00,True,20241030/12z/ifs/0p25/oper/20241030120000-240h-oper-fc.grib2,2024-10-30 19:55:50,7.93,True
ecmwf,2024-10-31 12:00:00,True,20241031/12z/ifs/0p25/oper/20241031120000-240h-oper-fc.grib2,2024-10-31 19:55:48,7.93,True
ecmwf,2024-11-01 12:00:00,True,20241101/12z/ifs/0p25/oper/20241101120000-240h-oper-fc.grib2,2024-11-01 19:55:47,7.93,True
ecmwf,2024-11-02 12:00:00,True,20241102/12z/ifs/0p25/oper/20241102120000-240h-oper-fc.grib2,2024-11-02 19:55:46,7.93,True
ecmwf,2024-11-03 12:00:00,True,20241103/12z/ifs/0p25/oper/20241103120000-240h-oper-fc.grib2,2024-11-03 19:55:46,7.93,True
ecmwf,2024-11-04 12:00:00,True,20241104/12z/ifs/0p25/oper/20241104120000-240h-oper-fc.grib2,2024-11-04 19:55:46,7.93,True
ecmwf,2024-11-05 12:00:00,True,20241105/12z/ifs/0p25/oper/20241105120000-240h-oper-fc.grib2,2024-11-05 19:55:47,7.93,True
ecmwf,2024-11-06 12:00:00,True,20241106/12z/ifs/0p25/oper/20241106120000-240h-oper-fc.grib2,2024-11-06 19:56:00,7.93,True
ecmwf,2024-11-07 12:00:00,True,20241107/12z/ifs/0p25/oper/20241107120000-240h-oper-fc.grib2,2024-11-07 19:55:47,7.93,True
ecmwf,2024-11-08 12:00:00,True,20241108/12z/ifs/0p25/oper/20241108120000-240h-oper-fc.grib2,2024-11-08 19:55:46,7.93,True
ecmwf,2024-11-09 12:00:00,True,20241109/12z/ifs/0p25/oper/20241109120000-240h-oper-fc.grib2,2024-11-09 19:55:47,7.93,True
ecmwf,2024-11-10 12:00:00,True,20241110/12z/ifs/0p25/oper/20241110120000-240h-oper-fc.grib2,2024-11-10 19:55:45,7.93,True
ecmwf,2024-11-11 12:00:00,True,20241111/12z/ifs/0p25/oper/20241111120000-240h-oper-fc.grib2,2024-11-11 19:55:47,7.93,True
ecmwf,2024-11-12 12:00:00,True,20241112/12z/ifs/0p25/oper/20241112120000-360h-oper-fc.grib2,2024-11-12 19:55:54,7.93,True
ecmwf,2024-11-13 12:00:00,True,20241113/12z/ifs/0p25/oper/20241113120000-360h-oper-fc.grib2,2024-11-13 19:55:57,7.93,True
ecmwf,2024-11-14 12:00:00,True,20241114/12z/ifs/0p25/oper/20241114120000-360h-oper-fc.grib2,2024-11-14 19:55:58,7.93,True
ecmwf,2024-11-15 12:00:00,True,20241115/12z/ifs/0p25/oper/20241115120000-360h-oper-fc.grib2,2024-11-15 19:55:57,7.93,True
ecmwf,2024-11-16 12:00:00,True,20241116/12z/ifs/0p25/oper/20241116120000-360h-oper-fc.grib2,2024-11-16 19:55:58,7.93,True
ecmwf,2024-11-17 12:00:00,True,20241117/12z/ifs/0p25/oper/20241117120000-360h-oper-fc.grib2,2024-11-17 19:55:56,7.93,True
ecmwf,2024-11-18 12:00:00,True,20241118/12z/ifs/0p25/oper/20241118120000-360h-oper-fc.grib2,2024-11-18 19:55:59,7.93,True
ecmwf,2024-11-19 12:00:00,True,20241119/12z/ifs/0p25/oper/20241119120000-360h-oper-fc.grib2,2024-11-19 19:55:58,7.93,True
ecmwf,2024-11-20 12:00:00,True,20241120/12z/ifs/0p25/oper/20241120120000-360h-oper-fc.grib2,2024-11-20 19:55:56,7.93,True
ecmwf,2024-11-21 12:00:00,True,20241121/12z/ifs/0p25/oper/20241121120000-360h-oper-fc.grib2,2024-11-21 19:55:57,7.93,True
ecmwf,2024-11-22 12:00:00,True,20241122/12z/ifs/0p25/oper/20241122120000-360h-oper-fc.grib2,2024-11-22 19:55:59,7.93,True
ecmwf,2024-11-23 12:00:00,True,20241123/12z/ifs/0p25/oper/20241123120000-360h-oper-fc.grib2,2024-11-23 19:55:56,7.93,True
ecmwf,2024-11-24 12:00:00,True,20241124/12z/ifs/0p25/oper/20241124120000-360h-oper-fc.grib2,2024-11-24 19:55:59,7.93,True
ecmwf,2024-11-25 12:00:00,True,20241125/12z/ifs/0p25/oper/20241125120000-360h-oper-fc.grib2,2024-11-25 19:55:57,7.93,True
ecmwf,2024-11-26 12:00:00,True,20241126/12z/ifs/0p25/oper/20241126120000-360h-oper-fc.grib2,2024-11-26 19:55:58,7.93,True
ecmwf,2024-11-27 12:00:00,True,20241127/12z/ifs/0p25/oper/20241127120000-360h-oper-fc.grib2,2024-11-27 19:56:00,7.93,True
ecmwf,2024-11-28 12:00:00,True,20241128/12z/ifs/0p25/oper/20241128120000-360h-oper-fc.grib2,2024-11-28 19:56:02,7.93,True
ecmwf,2024-11-29 12:00:00,True,20241129/12z/ifs/0p25/oper/20241129120000-360h-oper-fc.grib2,2024-11-29 19:55:58,7.93,True
ecmwf,2024-11-30 12:00:00,True,20241130/12z/ifs/0p25/oper/20241130120000-360h-oper-fc.grib2,2024-11-30 19:55:59,7.93,True
ecmwf,2024-12-01 12:00:00,True,20241201/12z/ifs/0p25/oper/20241201120000-360h-oper-fc.grib2,2024-12-01 19:55:59,7.93,True
ecmwf,2024-12-02 12:00:00,True,20241202/12z/ifs/0p25/oper/20241202120000-360h-oper-fc.grib2,2024-12-02 19:55:59,7.93,True
ecmwf,2024-12-03 12:00:00,True,20241203/12z/ifs/0p25/oper/20241203120000-360h-oper-fc.grib2,2024-12-03 19:55:58,7.93,True
ecmwf,2024-12-04 12:00:00,True,20241204/12z/ifs/0p25/oper/20241204120000-360h-oper-fc.grib2,2024-12-04 19:55:58,7.93,True
ecmwf,2024-12-05 12:00:00,True,20241205/12z/ifs/0p25/oper/20241205120000-360h-oper-fc.grib2,2024-12-05 19:55:57,7.93,True
ecmwf,2024-12-06 12:00:00,True,20241206/12z/ifs/0p25/oper/20241206120000-360h-oper-fc.grib2,2024-12-06 19:56:00,7.93,True
ecmwf,2024-12-07 12:00:00,True,20241207/12z/ifs/0p25/oper/20241207120000-360h-oper-fc.grib2,2024-12-07 19:56:01,7.93,True
ecmwf,2024-12-08 12:00:00,True,20241208/12z/ifs/0p25/oper/20241208120000-360h-oper-fc.grib2,2024-12-08 19:55:59,7.93,True
ecmwf,2024-12-09 12:00:00,True,20241209/12z/ifs/0p25/oper/20241209120000-360h-oper-fc.grib2,2024-12-09 19:55:58,7.93,True
ecmwf,2024-12-10 12:00:00,True,20241210/12z/ifs/0p25/oper/20241210120000-360h-oper-fc.grib2,2024-12-10 19:55:58,7.93,True
ecmwf,2024-12-11 12:00:00,True,20241211/12z/ifs/0p25/oper/20241211120000-360h-oper-fc.grib2,2024-12-11 19:56:00,7.93,True
ecmwf,2024-12-12 12:00:00,True,20241212/12z/ifs/0p25/oper/20241212120000-360h-oper-fc.grib2,2024-12-12 19:56:00,7.93,True
ecmwf,2024-12-13 12:00:00,True,20241213/12z/ifs/0p25/oper/20241213120000-360h-oper-fc.grib2,2024-12-13 19:55:56,7.93,True
ecmwf,2024-12-14 12:00:00,True,20241214/12z/ifs/0p25/oper/20241214120000-360h-oper-fc.grib2,2024-12-14 19:55:57,7.93,True
ecmwf,2024-12-15 12:00:00,True,20241215/12z/ifs/0p25/oper/20241215120000-360h-oper-fc.grib2,2024-12-15 19:55:55,7.93,True
ecmwf,2024-12-16 12:00:00,True,20241216/12z/ifs/0p25/oper/20241216120000-360h-oper-fc.grib2,2024-12-16 19:55:58,7.93,True
ecmwf,2024-12-17 12:00:00,True,20241217/12z/ifs/0p25/oper/20241217120000-360h-oper-fc.grib2,2024-12-17 19:55:59,7.93,True
ecmwf,2024-12-18 12:00:00,True,20241218/12z/ifs/0p25/oper/20241218120000-360h-oper-fc.grib2,2024-12-18 19:55:59,7.93,True
ecmwf,2024-12-19 12:00:00,True,20241219/12z/ifs/0p25/oper/20241219120000-360h-oper-fc.grib2,2024-12-19 19:55:58,7.93,True
ecmwf,2024-12-20 12:00:00,True,20241220/12z/ifs/0p25/oper/20241220120000-360h-oper-fc.grib2,2024-12-20 20:34:57,8.58,True
ecmwf,2024-12-21 12:00:00,True,20241221/12z/ifs/0p25/oper/20241221120000-360h-oper-fc.grib2,2024-12-21 20:35:02,8.58,True
ecmwf,2024-12-22 12:00:00,True,20241222/12z/ifs/0p25/oper/20241222120000-360h-oper-fc.grib2,2024-12-22 20:35:00,8.58,True
ecmwf,2024-12-23 12:00:00,True,20241223/12z/ifs/0p25/oper/20241223120000-360h-oper-fc.grib2,2024-12-23 20:34:59,8.58,True
ecmwf,2024-12-24 12:00:00,True,20241224/12z/ifs/0p25/oper/20241224120000-360h-oper-fc.grib2,2024-12-24 20:34:59,8.58,True
ecmwf,2024-12-25 12:00:00,True,20241225/12z/ifs/0p25/oper/20241225120000-360h-oper-fc.grib2,2024-12-25 20:35:00,8.58,True
ecmwf,2024-12-26 12:00:00,True,20241226/12z/ifs/0p25/oper/20241226120000-360h-oper-fc.grib2,2024-12-26 20:34:57,8.58,True
ecmwf,2024-12-27 12:00:00,True,20241227/12z/ifs/0p25/oper/20241227120000-360h-oper-fc.grib2,2024-12-27 20:34:59,8.58,True
ecmwf,2024-12-28 12:00:00,True,20241228/12z/ifs/0p25/oper/20241228120000-360h-oper-fc.grib2,2024-12-28 20:34:58,8.58,True
ecmwf,2024-12-29 12:00:00,True,20241229/12z/ifs/0p25/oper/20241229120000-360h-oper-fc.grib2,2024-12-29 20:34:59,8.58,True
ecmwf,2024-12-30 12:00:00,True,20241230/12z/ifs/0p25/oper/20241230120000-360h-oper-fc.grib2,2024-12-30 20:35:02,8.58,True
ecmwf,2024-12-31 12:00:00,True,20241231/12z/ifs/0p25/oper/20241231120000-360h-oper-fc.grib2,2024-12-31 20:34:58,8.58,True
ecmwf,2025-01-01 12:00:00,True,20250101/12z/ifs/0p25/oper/20250101120000-360h-oper-fc.grib2,2025-01-01 20:35:00,8.58,True
ecmwf,2025-01-02 12:00:00,True,20250102/12z/ifs/0p25/oper/20250102120000-360h-oper-fc.grib2,2025-01-02 20:35:00,8.58,True
ecmwf,2025-01-03 12:00:00,True,20250103/12z/ifs/0p25/oper/20250103120000-360h-oper-fc.grib2,2025-01-03 20:34:59,8.58,True
ecmwf,2025-01-04 12:00:00,True,20250104/12z/ifs/0p25/oper/20250104120000-360h-oper-fc.grib2,2025-01-04 20:34:59,8.58,True
ecmwf,2025-01-05 12:00:00,True,20250105/12z/ifs/0p25/oper/20250105120000-360h-oper-fc.grib2,2025-01-05 20:34:59,8.58,True
ecmwf,2025-01-06 12:00:00,True,20250106/12z/ifs/0p25/oper/20250106120000-360h-oper-fc.grib2,2025-01-06 20:34:57,8.58,True
ecmwf,2025-01-07 12:00:00,True,20250107/12z/ifs/0p25/oper/20250107120000-360h-oper-fc.grib2,2025-01-07 20:35:04,8.58,True
ecmwf,2025-01-08 12:00:00,True,20250108/12z/ifs/0p25/oper/20250108120000-360h-oper-fc.grib2,2025-01-08 20:34:58,8.58,True
ecmwf,2025-01-09 12:00:00,True,20250109/12z/ifs/0p25/oper/20250109120000-360h-oper-fc.grib2,2025-01-09 20:34:59,8.58,True
ecmwf,2025-01-10 12:00:00,True,20250110/12z/ifs/0p25/oper/20250110120000-360h-oper-fc.grib2,2025-01-10 20:34:56,8.58,True
ecmwf,2025-01-11 12:00:00,True,20250111/12z/ifs/0p25/oper/20250111120000-360h-oper-fc.grib2,2025-01-11 20:34:57,8.58,True
ecmwf,2025-01-12 12:00:00,True,20250112/12z/ifs/0p25/oper/20250112120000-360h-oper-fc.grib2,2025-01-12 20:34:58,8.58,True
ecmwf,2025-01-13 12:00:00,True,20250113/12z/ifs/0p25/oper/20250113120000-360h-oper-fc.grib2,2025-01-13 20:34:58,8.58,True
ecmwf,2025-01-14 12:00:00,True,20250114/12z/ifs/0p25/oper/20250114120000-360h-oper-fc.grib2,2025-01-14 20:35:01,8.58,True
ecmwf,2025-01-15 12:00:00,True,20250115/12z/ifs/0p25/oper/20250115120000-360h-oper-fc.grib2,2025-01-15 20:35:02,8.58,True
ecmwf,2025-01-16 12:00:00,True,20250116/12z/ifs/0p25/oper/20250116120000-360h-oper-fc.grib2,2025-01-16 20:35:02,8.58,True
ecmwf,2025-01-17 12:00:00,True,20250117/12z/ifs/0p25/oper/20250117120000-360h-oper-fc.grib2,2025-01-17 20:34:57,8.58,True
ecmwf,2025-01-18 12:00:00,True,20250118/12z/ifs/0p25/oper/20250118120000-360h-oper-fc.grib2,2025-01-18 20:35:00,8.58,True
ecmwf,2025-01-19 12:00:00,True,20250119/12z/ifs/0p25/oper/20250119120000-360h-oper-fc.grib2,2025-01-19 20:35:01,8.58,True
ecmwf,2025-01-20 12:00:00,True,20250120/12z/ifs/0p25/oper/20250120120000-360h-oper-fc.grib2,2025-01-20 20:35:01,8.58,True
ecmwf,2025-01-21 12:00:00,True,20250121/12z/ifs/0p25/oper/20250121120000-360h-oper-fc.grib2,2025-01-21 20:35:03,8.58,True
ecmwf,2025-01-22 12:00:00,True,20250122/12z/ifs/0p25/oper/20250122120000-360h-oper-fc.grib2,2025-01-22 20:35:01,8.58,True
ecmwf,2025-01-23 12:00:00,True,20250123/12z/ifs/0p25/oper/20250123120000-360h-oper-fc.grib2,2025-01-23 20:35:02,8.58,True
ecmwf,2025-01-24 12:00:00,True,20250124/12z/ifs/0p25/oper/20250124120000-360h-oper-fc.grib2,2025-01-24 20:35:02,8.58,True
ecmwf,2025-01-25 12:00:00,True,20250125/12z/ifs/0p25/oper/20250125120000-360h-oper-fc.grib2,2025-01-25 20:35:00,8.58,True
ecmwf,2025-01-26 12:00:00,True,20250126/12z/ifs/0p25/oper/20250126120000-360h-oper-fc.grib2,2025-01-26 20:35:00,8.58,True
ecmwf,2025-01-27 12:00:00,True,20250127/12z/ifs/0p25/oper/20250127120000-360h-oper-fc.grib2,2025-01-27 20:35:01,8.58,True
ecmwf,2025-01-28 12:00:00,True,20250128/12z/ifs/0p25/oper/20250128120000-360h-oper-fc.grib2,2025-01-28 20:35:02,8.58,True
ecmwf,2025-01-29 12:00:00,True,20250129/12z/ifs/0p25/oper/20250129120000-360h-oper-fc.grib2,2025-01-29 20:35:02,8.58,True
ecmwf,2025-01-30 12:00:00,True,20250130/12z/ifs/0p25/oper/20250130120000-360h-oper-fc.grib2,2025-01-30 20:35:02,8.58,True
ecmwf,2025-01-31 12:00:00,True,20250131/12z/ifs/0p25/oper/20250131120000-360h-oper-fc.grib2,2025-01-31 20:35:01,8.58,True
ecmwf,2025-02-01 12:00:00,True,20250201/12z/ifs/0p25/oper/20250201120000-360h-oper-fc.grib2,2025-02-01 20:35:02,8.58,True
ecmwf,2025-02-02 12:00:00,True,20250202/12z/ifs/0p25/oper/20250202120000-360h-oper-fc.grib2,2025-02-02 20:35:01,8.58,True
ecmwf,2025-02-03 12:00:00,True,20250203/12z/ifs/0p25/oper/20250203120000-360h-oper-fc.grib2,2025-02-03 20:35:03,8.58,True
ecmwf,2025-02-04 12:00:00,True,20250204/12z/ifs/0p25/oper/20250204120000-360h-oper-fc.grib2,2025-02-04 20:35:01,8.58,True
ecmwf,2025-02-05 12:00:00,True,20250205/12z/ifs/0p25/oper/20250205120000-360h-oper-fc.grib2,2025-02-05 20:35:05,8.58,True
ecmwf,2025-02-06 12:00:00,True,20250206/12z/ifs/0p25/oper/20250206120000-360h-oper-fc.grib2,2025-02-06 20:35:02,8.58,True
ecmwf,2025-02-07 12:00:00,True,20250207/12z/ifs/0p25/oper/20250207120000-360h-oper-fc.grib2,2025-02-07 20:35:02,8.58,True
ecmwf,2025-02-08 12:00:00,True,20250208/12z/ifs/0p25/oper/20250208120000-360h-oper-fc.grib2,2025-02-08 20:35:00,8.58,True
ecmwf,2025-02-09 12:00:00,True,20250209/12z/ifs/0p25/oper/20250209120000-360h-oper-fc.grib2,2025-02-09 20:35:01,8.58,True
ecmwf,2025-02-10 12:00:00,True,20250210/12z/ifs/0p25/oper/20250210120000-360h-oper-fc.grib2,2025-02-10 20:35:08,8.59,True
ecmwf,2025-02-11 12:00:00,True,20250211/12z/ifs/0p25/oper/20250211120000-360h-oper-fc.grib2,2025-02-11 20:35:00,8.58,True
ecmwf,2025-02-12 12:00:00,True,20250212/12z/ifs/0p25/oper/20250212120000-360h-oper-fc.grib2,2025-02-12 22:28:37,10.48,True
ecmwf,2025-02-13 12:00:00,True,20250213/12z/ifs/0p25/oper/20250213120000-360h-oper-fc.grib2,2025-02-13 20:35:01,8.58,True
ecmwf,2025-02-14 12:00:00,True,20250214/12z/ifs/0p25/oper/20250214120000-360h-oper-fc.grib2,2025-02-14 20:35:02,8.58,True
ecmwf,2025-02-15 12:00:00,True,20250215/12z/ifs/0p25/oper/20250215120000-360h-oper-fc.grib2,2025-02-15 20:35:01,8.58,True
ecmwf,2025-02-16 12:00:00,True,20250216/12z/ifs/0p25/oper/20250216120000-360h-oper-fc.grib2,2025-02-16 20:35:00,8.58,True
ecmwf,2025-02-17 12:00:00,True,20250217/12z/ifs/0p25/oper/20250217120000-360h-oper-fc.grib2,2025-02-17 20:34:59,8.58,True
ecmwf,2025-02-18 12:00:00,True,20250218/12z/ifs/0p25/oper/20250218120000-360h-oper-fc.grib2,2025-02-18 20:35:03,8.58,True
ecmwf,2025-02-19 12:00:00,True,20250219/12z/ifs/0p25/oper/20250219120000-360h-oper-fc.grib2,2025-02-19 20:35:02,8.58,True
ecmwf,2025-02-20 12:00:00,True,20250220/12z/ifs/0p25/oper/20250220120000-360h-oper-fc.grib2,2025-02-20 20:35:00,8.58,True
ecmwf,2025-02-21 12:00:00,True,20250221/12z/ifs/0p25/oper/20250221120000-360h-oper-fc.grib2,2025-02-21 20:35:01,8.58,True
ecmwf,2025-02-22 12:00:00,True,20250222/12z/ifs/0p25/oper/20250222120000-360h-oper-fc.grib2,2025-02-22 20:35:02,8.58,True
ecmwf,2025-02-23 12:00:00,True,20250223/12z/ifs/0p25/oper/20250223120000-360h-oper-fc.grib2,2025-02-23 20:35:03,8.58,True
ecmwf,2025-02-24 12:00:00,False,20250224/12z/ifs/0p25/oper/20250224120000-360h-oper-fc.grib2,2025-02-25 11:55:45,23.93,False
ecmwf,2025-02-25 12:00:00,True,20250225/12z/ifs/0p25/oper/20250225120000-360h-oper-fc.grib2,2025-02-25 20:34:39,8.58,True
ecmwf,2025-02-26 12:00:00,True,20250226/12z/ifs/0p25/oper/20250226120000-360h-oper-fc.grib2,2025-02-26 20:34:40,8.58,True
ecmwf,2025-02-27 12:00:00,True,20250227/12z/ifs/0p25/oper/20250227120000-360h-oper-fc.grib2,2025-02-27 20:34:40,8.58,True
ecmwf,2025-02-28 12:00:00,True,20250228/12z/ifs/0p25/oper/20250228120000-360h-oper-fc.grib2,2025-02-28 20:34:42,8.58,True
ecmwf,2025-03-01 12:00:00,True,20250301/12z/ifs/0p25/oper/20250301120000-360h-oper-fc.grib2,2025-03-01 20:34:41,8.58,True
ecmwf,2025-03-02 12:00:00,True,20250302/12z/ifs/0p25/oper/20250302120000-360h-oper-fc.grib2,2025-03-02 20:34:41,8.58,True
ecmwf,2025-03-03 12:00:00,True,20250303/12z/ifs/0p25/oper/20250303120000-360h-oper-fc.grib2,2025-03-03 20:34:42,8.58,True
ecmwf,2025-03-04 12:00:00,True,20250304/12z/ifs/0p25/oper/20250304120000-360h-oper-fc.grib2,2025-03-04 20:34:42,8.58,True
ecmwf,2025-03-05 12:00:00,True,20250305/12z/ifs/0p25/oper/20250305120000-360h-oper-fc.grib2,2025-03-05 20:34:43,8.58,True
ecmwf,2025-03-06 12:00:00,True,20250306/12z/ifs/0p25/oper/20250306120000-360h-oper-fc.grib2,2025-03-06 20:34:40,8.58,True
ecmwf,2025-03-07 12:00:00,True,20250307/12z/ifs/0p25/oper/20250307120000-360h-oper-fc.grib2,2025-03-07 20:34:42,8.58,True
ecmwf,2025-03-08 12:00:00,True,20250308/12z/ifs/0p25/oper/20250308120000-360h-oper-fc.grib2,2025-03-08 20:34:42,8.58,True
ecmwf,2025-03-09 12:00:00,True,20250309/12z/ifs/0p25/oper/20250309120000-360h-oper-fc.grib2,2025-03-09 20:34:42,8.58,True
ecmwf,2025-03-10 12:00:00,True,20250310/12z/ifs/0p25/oper/20250310120000-360h-oper-fc.grib2,2025-03-10 20:34:42,8.58,True
ecmwf,2025-03-11 12:00:00,True,20250311/12z/ifs/0p25/oper/20250311120000-360h-oper-fc.grib2,2025-03-11 20:34:41,8.58,True
ecmwf,2025-03-12 12:00:00,True,20250312/12z/ifs/0p25/oper/20250312120000-360h-oper-fc.grib2,2025-03-12 20:34:42,8.58,True
ecmwf,2025-03-13 12:00:00,True,20250313/12z/ifs/0p25/oper/20250313120000-360h-oper-fc.grib2,2025-03-13 20:34:43,8.58,True
ecmwf,2025-03-14 12:00:00,True,20250314/12z/ifs/0p25/oper/20250314120000-360h-oper-fc.grib2,2025-03-14 20:34:44,8.58,True
ecmwf,2025-03-15 12:00:00,True,20250315/12z/ifs/0p25/oper/20250315120000-360h-oper-fc.grib2,2025-03-15 20:34:42,8.58,True
ecmwf,2025-03-16 12:00:00,True,20250316/12z/ifs/0p25/oper/20250316120000-360h-oper-fc.grib2,2025-03-16 20:34:42,8.58,True
ecmwf,2025-03-17 12:00:00,True,20250317/12z/ifs/0p25/oper/20250317120000-360h-oper-fc.grib2,2025-03-17 20:34:48,8.58,True
ecmwf,2025-03-18 12:00:00,True,20250318/12z/ifs/0p25/oper/20250318120000-360h-oper-fc.grib2,2025-03-18 20:34:42,8.58,True
ecmwf,2025-03-19 12:00:00,True,20250319/12z/ifs/0p25/oper/20250319120000-360h-oper-fc.grib2,2025-03-19 20:34:43,8.58,True
ecmwf,2025-03-20 12:00:00,True,20250320/12z/ifs/0p25/oper/20250320120000-360h-oper-fc.grib2,2025-03-20 20:34:44,8.58,True
ecmwf,2025-03-21 12:00:00,True,20250321/12z/ifs/0p25/oper/20250321120000-360h-oper-fc.grib2,2025-03-21 20:34:43,8.58,True
ecmwf,2025-03-22 12:00:00,True,20250322/12z/ifs/0p25/oper/20250322120000-360h-oper-fc.grib2,2025-03-22 20:34:43,8.58,True
ecmwf,2025-03-23 12:00:00,True,20250323/12z/ifs/0p25/oper/20250323120000-360h-oper-fc.grib2,2025-03-23 20:34:42,8.58,True
ecmwf,2025-03-24 12:00:00,True,20250324/12z/ifs/0p25/oper/20250324120000-360h-oper-fc.grib2,2025-03-24 20:34:43,8.58,True
ecmwf,2025-03-25 12:00:00,True,20250325/12z/ifs/0p25/oper/20250325120000-360h-oper-fc.grib2,2025-03-25 20:34:43,8.58,True
ecmwf,2025-03-26 12:00:00,True,20250326/12z/ifs/0p25/oper/20250326120000-360h-oper-fc.grib2,2025-03-26 20:34:42,8.58,True
ecmwf,2025-03-27 12:00:00,True,20250327/12z/ifs/0p25/oper/20250327120000-360h-oper-fc.grib2,2025-03-27 20:34:41,8.58,True
ecmwf,2025-03-28 12:00:00,True,20250328/12z/ifs/0p25/oper/20250328120000-360h-oper-fc.grib2,2025-03-28 20:34:42,8.58,True
ecmwf,2025-03-29 12:00:00,True,20250329/12z/ifs/0p25/oper/20250329120000-360h-oper-fc.grib2,2025-03-29 20:34:41,8.58,True
ecmwf,2025-03-30 12:00:00,True,20250330/12z/ifs/0p25/oper/20250330120000-360h-oper-fc.grib2,2025-03-30 20:34:42,8.58,True
ecmwf,2025-03-31 12:00:00,True,20250331/12z/ifs/0p25/oper/20250331120000-360h-oper-fc.grib2,2025-03-31 20:34:40,8.58,True
ecmwf,2025-04-01 12:00:00,True,20250401/12z/ifs/0p25/oper/20250401120000-360h-oper-fc.grib2,2025-04-01 20:34:41,8.58,True
ecmwf,2025-04-02 12:00:00,True,20250402/12z/ifs/0p25/oper/20250402120000-360h-oper-fc.grib2,2025-04-02 20:34:42,8.58,True
ecmwf,2025-04-03 12:00:00,True,20250403/12z/ifs/0p25/oper/20250403120000-360h-oper-fc.grib2,2025-04-03 20:34:42,8.58,True
ecmwf,2025-04-04 12:00:00,True,20250404/12z/ifs/0p25/oper/20250404120000-360h-oper-fc.grib2,2025-04-04 20:34:43,8.58,True
ecmwf,2025-04-05 12:00:00,True,20250405/12z/ifs/0p25/oper/20250405120000-360h-oper-fc.grib2,2025-04-05 20:34:43,8.58,True
ecmwf,2025-04-06 12:00:00,True,20250406/12z/ifs/0p25/oper/20250406120000-360h-oper-fc.grib2,2025-04-06 20:34:42,8.58,True
ecmwf,2025-04-07 12:00:00,True,20250407/12z/ifs/0p25/oper/20250407120000-360h-oper-fc.grib2,2025-04-07 20:34:43,8.58,True
ecmwf,2025-04-08 12:00:00,True,20250408/12z/ifs/0p25/oper/20250408120000-360h-oper-fc.grib2,2025-04-08 20:34:42,8.58,True
ecmwf,2025-04-09 12:00:00,True,20250409/12z/ifs/0p25/oper/20250409120000-360h-oper-fc.grib2,2025-04-09 20:34:44,8.58,True
ecmwf,2025-04-10 12:00:00,True,20250410/12z/ifs/0p25/oper/20250410120000-360h-oper-fc.grib2,2025-04-10 20:34:44,8.58,True
ecmwf,2025-04-11 12:00:00,True,20250411/12z/ifs/0p25/oper/20250411120000-360h-oper-fc.grib2,2025-04-11 20:34:42,8.58,True
ecmwf,2025-04-12 12:00:00,True,20250412/12z/ifs/0p25/oper/20250412120000-360h-oper-fc.grib2,2025-04-12 20:34:42,8.58,True
ecmwf,2025-04-13 12:00:00,True,20250413/12z/ifs/0p25/oper/20250413120000-360h-oper-fc.grib2,2025-04-13 20:34:41,8.58,True
ecmwf,2025-04-14 12:00:00,True,20250414/12z/ifs/0p25/oper/20250414120000-360h-oper-fc.grib2,2025-04-14 20:34:40,8.58,True
ecmwf,2025-04-15 12:00:00,True,20250415/12z/ifs/0p25/oper/20250415120000-360h-oper-fc.grib2,2025-04-15 20:34:42,8.58,True
ecmwf,2025-04-16 12:00:00,True,20250416/12z/ifs/0p25/oper/20250416120000-360h-oper-fc.grib2,2025-04-16 20:34:43,8.58,True
ecmwf,2025-04-17 12:00:00,True,20250417/12z/ifs/0p25/oper/20250417120000-360h-oper-fc.grib2,2025-04-17 20:34:43,8.58,True
ecmwf,2025-04-18 12:00:00,True,20250418/12z/ifs/0p25/oper/20250418120000-360h-oper-fc.grib2,2025-04-18 20:34:42,8.58,True
ecmwf,2025-04-19 12:00:00,True,20250419/12z/ifs/0p25/oper/20250419120000-360h-oper-fc.grib2,2025-04-19 20:34:41,8.58,True
ecmwf,2025-04-20 12:00:00,True,20250420/12z/ifs/0p25/oper/20250420120000-360h-oper-fc.grib2,2025-04-20 20:34:42,8.58,True
ecmwf,2025-04-21 12:00:00,True,20250421/12z/ifs/0p25/oper/20250421120000-360h-oper-fc.grib2,2025-04-21 20:34:41,8.58,True
ecmwf,2025-04-22 12:00:00,True,20250422/12z/ifs/0p25/oper/20250422120000-360h-oper-fc.grib2,2025-04-22 20:34:41,8.58,True
ecmwf,2025-04-23 12:00:00,True,20250423/12z/ifs/0p25/oper/20250423120000-360h-oper-fc.grib2,2025-04-23 20:34:43,8.58,True
ecmwf,2025-04-24 12:00:00,True,20250424/12z/ifs/0p25/oper/20250424120000-360h-oper-fc.grib2,2025-04-24 20:34:42,8.58,True
ecmwf,2025-04-25 12:00:00,True,20250425/12z/ifs/0p25/oper/20250425120000-360h-oper-fc.grib2,2025-04-25 20:34:44,8.58,True
ecmwf,2025-04-26 12:00:00,True,20250426/12z/ifs/0p25/oper/20250426120000-360h-oper-fc.grib2,2025-04-26 20:34:44,8.58,True
ecmwf,2025-04-27 12:00:00,True,20250427/12z/ifs/0p25/oper/20250427120000-360h-oper-fc.grib2,2025-04-27 20:34:42,8.58,True
ecmwf,2025-04-28 12:00:00,True,20250428/12z/ifs/0p25/oper/20250428120000-360h-oper-fc.grib2,2025-04-28 20:34:41,8.58,True
ecmwf,2025-04-29 12:00:00,True,20250429/12z/ifs/0p25/oper/20250429120000-360h-oper-fc.grib2,2025-04-29 20:34:43,8.58,True
ecmwf,2025-04-30 12:00:00,True,20250430/12z/ifs/0p25/oper/20250430120000-360h-oper-fc.grib2,2025-04-30 20:34:42,8.58,True
ecmwf,2025-05-01 12:00:00,True,20250501/12z/ifs/0p25/oper/20250501120000-360h-oper-fc.grib2,2025-05-01 20:34:43,8.58,True
ecmwf,2025-05-02 12:00:00,True,20250502/12z/ifs/0p25/oper/20250502120000-360h-oper-fc.grib2,2025-05-02 20:34:42,8.58,True
ecmwf,2025-05-03 12:00:00,True,20250503/12z/ifs/0p25/oper/20250503120000-360h-oper-fc.grib2,2025-05-03 20:34:43,8.58,True
ecmwf,2025-05-04 12:00:00,True,20250504/12z/ifs/0p25/oper/20250504120000-360h-oper-fc.grib2,2025-05-04 20:34:43,8.58,True
ecmwf,2025-05-05 12:00:00,True,20250505/12z/ifs/0p25/oper/20250505120000-360h-oper-fc.grib2,2025-05-05 20:34:42,8.58,True
ecmwf,2025-05-06 12:00:00,True,20250506/12z/ifs/0p25/oper/20250506120000-360h-oper-fc.grib2,2025-05-06 20:34:42,8.58,True
ecmwf,2025-05-07 12:00:00,True,20250507/12z/ifs/0p25/oper/20250507120000-360h-oper-fc.grib2,2025-05-07 20:34:42,8.58,True
ecmwf,2025-05-08 12:00:00,True,20250508/12z/ifs/0p25/oper/20250508120000-360h-oper-fc.grib2,2025-05-08 20:34:41,8.58,True
ecmwf,2025-05-09 12:00:00,True,20250509/12z/ifs/0p25/oper/20250509120000-360h-oper-fc.grib2,2025-05-09 20:34:41,8.58,True
ecmwf,2025-05-10 12:00:00,True,20250510/12z/ifs/0p25/oper/20250510120000-360h-oper-fc.grib2,2025-05-10 20:34:41,8.58,True
ecmwf,2025-05-11 12:00:00,True,20250511/12z/ifs/0p25/oper/20250511120000-360h-oper-fc.grib2,2025-05-11 20:34:43,8.58,True
ecmwf,2025-05-12 12:00:00,True,20250512/12z/ifs/0p25/oper/20250512120000-360h-oper-fc.grib2,2025-05-12 20:34:43,8.58,True
ecmwf,2025-05-13 12:00:00,True,20250513/12z/ifs/0p25/oper/20250513120000-360h-oper-fc.grib2,2025-05-13 20:34:41,8.58,True
ecmwf,2025-05-14 12:00:00,True,20250514/12z/ifs/0p25/oper/20250514120000-360h-oper-fc.grib2,2025-05-14 20:34:41,8.58,True
ecmwf,2025-05-15 12:00:00,True,20250515/12z/ifs/0p25/oper/20250515120000-360h-oper-fc.grib2,2025-05-15 20:34:40,8.58,True
ecmwf,2025-05-16 12:00:00,True,20250516/12z/ifs/0p25/oper/20250516120000-360h-oper-fc.grib2,2025-05-16 20:34:41,8.58,True
ecmwf,2025-05-17 12:00:00,True,20250517/12z/ifs/0p25/oper/20250517120000-360h-oper-fc.grib2,2025-05-17 20:34:42,8.58,True
ecmwf,2025-05-18 12:00:00,True,20250518/12z/ifs/0p25/oper/20250518120000-360h-oper-fc.grib2,2025-05-18 20:34:43,8.58,True
ecmwf,2025-05-19 12:00:00,True,20250519/12z/ifs/0p25/oper/20250519120000-360h-oper-fc.grib2,2025-05-19 20:34:43,8.58,True
ecmwf,2025-05-20 12:00:00,True,20250520/12z/ifs/0p25/oper/20250520120000-360h-oper-fc.grib2,2025-05-20 20:34:41,8.58,True
ecmwf,2025-05-21 12:00:00,True,20250521/12z/ifs/0p25/oper/20250521120000-360h-oper-fc.grib2,2025-05-21 20:34:44,8.58,True
ecmwf,2025-05-22 12:00:00,True,20250522/12z/ifs/0p25/oper/20250522120000-360h-oper-fc.grib2,2025-05-22 20:34:45,8.58,True
ecmwf,2025-05-23 12:00:00,True,20250523/12z/ifs/0p25/oper/20250523120000-360h-oper-fc.grib2,2025-05-23 20:34:43,8.58,True
ecmwf,2025-05-24 12:00:00,True,20250524/12z/ifs/0p25/oper/20250524120000-360h-oper-fc.grib2,2025-05-24 20:34:42,8.58,True
ecmwf,2025-05-25 12:00:00,True,20250525/12z/ifs/0p25/oper/20250525120000-360h-oper-fc.grib2,2025-05-25 20:34:43,8.58,True
ecmwf,2025-05-26 12:00:00,True,20250526/12z/ifs/0p25/oper/20250526120000-360h-oper-fc.grib2,2025-05-26 20:34:42,8.58,True
ecmwf,2025-05-27 12:00:00,True,20250527/12z/ifs/0p25/oper/20250527120000-360h-oper-fc.grib2,2025-05-27 20:34:43,8.58,True
ecmwf,2025-05-28 12:00:00,True,20250528/12z/ifs/0p25/oper/20250528120000-360h-oper-fc.grib2,2025-05-28 20:34:45,8.58,True
ecmwf,2025-05-29 12:00:00,True,20250529/12z/ifs/0p25/oper/20250529120000-360h-oper-fc.grib2,2025-05-29 20:34:44,8.58,True
ecmwf,2025-05-30 12:00:00,True,20250530/12z/ifs/0p25/oper/20250530120000-360h-oper-fc.grib2,2025-05-30 20:34:45,8.58,True
ecmwf,2025-05-31 12:00:00,True,20250531/12z/ifs/0p25/oper/20250531120000-360h-oper-fc.grib2,2025-05-31 20:34:42,8.58,True
ecmwf,2025-06-01 12:00:00,True,20250601/12z/ifs/0p25/oper/20250601120000-360h-oper-fc.grib2,2025-06-01 20:34:43,8.58,True
ecmwf,2025-06-02 12:00:00,True,20250602/12z/ifs/0p25/oper/20250602120000-360h-oper-fc.grib2,2025-06-02 20:34:42,8.58,True
ecmwf,2025-06-03 12:00:00,True,20250603/12z/ifs/0p25/oper/20250603120000-360h-oper-fc.grib2,2025-06-03 20:34:43,8.58,True
ecmwf,2025-06-04 12:00:00,True,20250604/12z/ifs/0p25/oper/20250604120000-360h-oper-fc.grib2,2025-06-04 20:34:44,8.58,True
ecmwf,2025-06-05 12:00:00,True,20250605/12z/ifs/0p25/oper/20250605120000-360h-oper-fc.grib2,2025-06-05 20:34:43,8.58,True
ecmwf,2025-06-06 12:00:00,True,20250606/12z/ifs/0p25/oper/20250606120000-360h-oper-fc.grib2,2025-06-06 20:34:42,8.58,True
ecmwf,2025-06-07 12:00:00,True,20250607/12z/ifs/0p25/oper/20250607120000-360h-oper-fc.grib2,2025-06-07 20:34:43,8.58,True
ecmwf,2025-06-08 12:00:00,True,20250608/12z/ifs/0p25/oper/20250608120000-360h-oper-fc.grib2,2025-06-08 20:34:43,8.58,True
ecmwf,2025-06-09 12:00:00,True,20250609/12z/ifs/0p25/oper/20250609120000-360h-oper-fc.grib2,2025-06-09 20:34:41,8.58,True
ecmwf,2025-06-10 12:00:00,True,20250610/12z/ifs/0p25/oper/20250610120000-360h-oper-fc.grib2,2025-06-10 20:34:42,8.58,True
ecmwf,2025-06-11 12:00:00,True,20250611/12z/ifs/0p25/oper/20250611120000-360h-oper-fc.grib2,2025-06-11 20:34:43,8.58,True
ecmwf,2025-06-12 12:00:00,True,20250612/12z/ifs/0p25/oper/20250612120000-360h-oper-fc.grib2,2025-06-12 20:34:43,8.58,True
ecmwf,2025-06-13 12:00:00,True,20250613/12z/ifs/0p25/oper/20250613120000-360h-oper-fc.grib2,2025-06-13 20:34:42,8.58,True
ecmwf,2025-06-14 12:00:00,True,20250614/12z/ifs/0p25/oper/20250614120000-360h-oper-fc.grib2,2025-06-14 20:34:42,8.58,True
ecmwf,2025-06-15 12:00:00,True,20250615/12z/ifs/0p25/oper/20250615120000-360h-oper-fc.grib2,2025-06-15 20:34:43,8.58,True
ecmwf,2025-06-16 12:00:00,True,20250616/12z/ifs/0p25/oper/20250616120000-360h-oper-fc.grib2,2025-06-16 20:34:42,8.58,True
ecmwf,2025-06-17 12:00:00,True,20250617/12z/ifs/0p25/oper/20250617120000-360h-oper-fc.grib2,2025-06-17 20:34:43,8.58,True
ecmwf,2025-06-18 12:00:00,True,20250618/12z/ifs/0p25/oper/20250618120000-360h-oper-fc.grib2,2025-06-18 20:34:42,8.58,True
ecmwf,2025-06-19 12:00:00,True,20250619/12z/ifs/0p25/oper/20250619120000-360h-oper-fc.grib2,2025-06-19 20:34:43,8.58,True
ecmwf,2025-06-20 12:00:00,True,20250620/12z/ifs/0p25/oper/20250620120000-360h-oper-fc.grib2,2025-06-20 20:34:42,8.58,True
ecmwf,2025-06-21 12:00:00,True,20250621/12z/ifs/0p25/oper/20250621120000-360h-oper-fc.grib2,2025-06-21 20:34:42,8.58,True
ecmwf,2025-06-22 12:00:00,True,20250622/12z/ifs/0p25/oper/20250622120000-360h-oper-fc.grib2,2025-06-22 20:34:43,8.58,True
ecmwf,2025-06-23 12:00:00,True,20250623/12z/ifs/0p25/oper/20250623120000-360h-oper-fc.grib2,2025-06-23 20:34:41,8.58,True
ecmwf,2025-06-24 12:00:00,True,20250624/12z/ifs/0p25/oper/20250624120000-360h-oper-fc.grib2,2025-06-24 20:34:43,8.58,True
ecmwf,2025-06-25 12:00:00,True,20250625/12z/ifs/0p25/oper/20250625120000-360h-oper-fc.grib2,2025-06-25 20:34:44,8.58,True
ecmwf,2025-06-26 12:00:00,True,20250626/12z/ifs/0p25/oper/20250626120000-360h-oper-fc.grib2,2025-06-26 20:34:41,8.58,True
ecmwf,2025-06-27 12:00:00,True,20250627/12z/ifs/0p25/oper/20250627120000-360h-oper-fc.grib2,2025-06-27 20:34:42,8.58,True
ecmwf,2025-06-28 12:00:00,True,20250628/12z/ifs/0p25/oper/20250628120000-360h-oper-fc.grib2,2025-06-28 20:34:42,8.58,True
ecmwf,2025-06-29 12:00:00,True,20250629/12z/ifs/0p25/oper/20250629120000-360h-oper-fc.grib2,2025-06-29 20:34:42,8.58,True
ecmwf,2025-06-30 12:00:00,True,20250630/12z/ifs/0p25/oper/20250630120000-360h-oper-fc.grib2,2025-06-30 20:34:42,8.58,True
ecmwf,2025-07-01 12:00:00,True,20250701/12z/ifs/0p25/oper/20250701120000-360h-oper-fc.grib2,2025-07-01 20:34:43,8.58,True
ecmwf,2025-07-02 12:00:00,True,20250702/12z/ifs/0p25/oper/20250702120000-360h-oper-fc.grib2,2025-07-02 20:34:42,8.58,True
ecmwf,2025-07-03 12:00:00,True,20250703/12z/ifs/0p25/oper/20250703120000-360h-oper-fc.grib2,2025-07-03 20:34:41,8.58,True
ecmwf,2025-07-04 12:00:00,True,20250704/12z/ifs/0p25/oper/20250704120000-360h-oper-fc.grib2,2025-07-04 20:34:42,8.58,True
ecmwf,2025-07-05 12:00:00,True,20250705/12z/ifs/0p25/oper/20250705120000-360h-oper-fc.grib2,2025-07-05 20:34:40,8.58,True
ecmwf,2025-07-06 12:00:00,True,20250706/12z/ifs/0p25/oper/20250706120000-360h-oper-fc.grib2,2025-07-06 20:34:40,8.58,True
ecmwf,2025-07-07 12:00:00,True,20250707/12z/ifs/0p25/oper/20250707120000-360h-oper-fc.grib2,2025-07-07 20:34:42,8.58,True
ecmwf,2025-07-08 12:00:00,True,20250708/12z/ifs/0p25/oper/20250708120000-360h-oper-fc.grib2,2025-07-08 20:34:41,8.58,True
ecmwf,2025-07-09 12:00:00,True,20250709/12z/ifs/0p25/oper/20250709120000-360h-oper-fc.grib2,2025-07-09 20:34:41,8.58,True
ecmwf,2025-07-10 12:00:00,True,20250710/12z/ifs/0p25/oper/20250710120000-360h-oper-fc.grib2,2025-07-10 20:34:41,8.58,True
ecmwf,2025-07-11 12:00:00,True,20250711/12z/ifs/0p25/oper/20250711120000-360h-oper-fc.grib2,2025-07-11 20:34:44,8.58,True
ecmwf,2025-07-12 12:00:00,True,20250712/12z/ifs/0p25/oper/20250712120000-360h-oper-fc.grib2,2025-07-12 20:34:43,8.58,True
ecmwf,2025-07-13 12:00:00,True,20250713/12z/ifs/0p25/oper/20250713120000-360h-oper-fc.grib2,2025-07-13 20:34:42,8.58,True
ecmwf,2025-07-14 12:00:00,True,20250714/12z/ifs/0p25/oper/20250714120000-360h-oper-fc.grib2,2025-07-14 20:34:41,8.58,True
ecmwf,2025-07-15 12:00:00,True,20250715/12z/ifs/0p25/oper/20250715120000-360h-oper-fc.grib2,2025-07-15 20:34:41,8.58,True
ecmwf,2025-07-16 12:00:00,True,20250716/12z/ifs/0p25/oper/20250716120000-360h-oper-fc.grib2,2025-07-16 20:34:40,8.58,True
ecmwf,2025-07-17 12:00:00,True,20250717/12z/ifs/0p25/oper/20250717120000-360h-oper-fc.grib2,2025-07-17 20:34:42,8.58,True
ecmwf,2025-07-18 12:00:00,True,20250718/12z/ifs/0p25/oper/20250718120000-360h-oper-fc.grib2,2025-07-18 20:34:41,8.58,True
ecmwf,2025-07-19 12:00:00,True,20250719/12z/ifs/0p25/oper/20250719120000-360h-oper-fc.grib2,2025-07-19 20:34:43,8.58,True
ecmwf,2025-07-20 12:00:00,True,20250720/12z/ifs/0p25/oper/20250720120000-360h-oper-fc.grib2,2025-07-20 20:34:41,8.58,True
ecmwf,2025-07-21 12:00:00,True,20250721/12z/ifs/0p25/oper/20250721120000-360h-oper-fc.grib2,2025-07-21 20:34:38,8.58,True
ecmwf,2025-07-22 12:00:00,True,20250722/12z/ifs/0p25/oper/20250722120000-360h-oper-fc.grib2,2025-07-22 20:34:39,8.58,True
ecmwf,2025-07-23 12:00:00,True,20250723/12z/ifs/0p25/oper/20250723120000-360h-oper-fc.grib2,2025-07-23 20:34:37,8.58,True
ecmwf,2025-07-24 12:00:00,True,20250724/12z/ifs/0p25/oper/20250724120000-360h-oper-fc.grib2,2025-07-24 20:34:38,8.58,True
ecmwf,2025-07-25 12:00:00,True,20250725/12z/ifs/0p25/oper/20250725120000-360h-oper-fc.grib2,2025-07-25 20:34:38,8.58,True
ecmwf,2025-07-26 12:00:00,True,20250726/12z/ifs/0p25/oper/20250726120000-360h-oper-fc.grib2,2025-07-26 20:34:39,8.58,True
ecmwf,2025-07-27 12:00:00,True,20250727/12z/ifs/0p25/oper/20250727120000-360h-oper-fc.grib2,2025-07-27 20:34:41,8.58,True
ecmwf,2025-07-28 12:00:00,True,20250728/12z/ifs/0p25/oper/20250728120000-360h-oper-fc.grib2,2025-07-28 20:34:37,8.58,True
ecmwf,2025-07-29 12:00:00,True,20250729/12z/ifs/0p25/oper/20250729120000-360h-oper-fc.grib2,2025-07-29 20:34:38,8.58,True
ecmwf,2025-07-30 12:00:00,True,20250730/12z/ifs/0p25/oper/20250730120000-360h-oper-fc.grib2,2025-07-30 20:34:39,8.58,True
ecmwf,2025-07-31 12:00:00,True,20250731/12z/ifs/0p25/oper/20250731120000-360h-oper-fc.grib2,2025-07-31 20:34:39,8.58,True
ecmwf,2025-08-01 12:00:00,True,20250801/12z/ifs/0p25/oper/20250801120000-360h-oper-fc.grib2,2025-08-01 20:34:37,8.58,True
ecmwf,2025-08-02 12:00:00,True,20250802/12z/ifs/0p25/oper/20250802120000-360h-oper-fc.grib2,2025-08-02 20:34:39,8.58,True
ecmwf,2025-08-03 12:00:00,True,20250803/12z/ifs/0p25/oper/20250803120000-360h-oper-fc.grib2,2025-08-03 20:34:38,8.58,True
ecmwf,2025-08-07 12:00:00,True,20250807/12z/ifs/0p25/oper/20250807120000-360h-oper-fc.grib2,2025-08-07 20:34:39,8.58,True
ecmwf,2025-08-09 12:00:00,True,20250809/12z/ifs/0p25/oper/20250809120000-360h-oper-fc.grib2,2025-08-09 20:34:40,8.58,True
ecmwf,2025-08-10 12:00:00,True,20250810/12z/ifs/0p25/oper/20250810120000-360h-oper-fc.grib2,2025-08-10 20:34:42,8.58,True
ecmwf,2025-08-11 12:00:00,True,20250811/12z/ifs/0p25/oper/20250811120000-360h-oper-fc.grib2,2025-08-11 20:34:38,8.58,True
ecmwf,2025-08-12 12:00:00,True,20250812/12z/ifs/0p25/oper/20250812120000-360h-oper-fc.grib2,2025-08-12 20:34:39,8.58,True
ecmwf,2025-08-13 12:00:00,True,20250813/12z/ifs/0p25/oper/20250813120000-360h-oper-fc.grib2,2025-08-13 20:34:38,8.58,True
ecmwf,2025-08-14 12:00:00,True,20250814/12z/ifs/0p25/oper/20250814120000-360h-oper-fc.grib2,2025-08-14 20:34:41,8.58,True
ecmwf,2025-08-15 12:00:00,True,20250815/12z/ifs/0p25/oper/20250815120000-360h-oper-fc.grib2,2025-08-15 20:34:38,8.58,True
ecmwf,2025-08-16 12:00:00,True,20250816/12z/ifs/0p25/oper/20250816120000-360h-oper-fc.grib2,2025-08-16 20:34:39,8.58,True
ecmwf,2025-08-17 12:00:00,True,20250817/12z/ifs/0p25/oper/20250817120000-360h-oper-fc.grib2,2025-08-17 20:34:42,8.58,True
ecmwf,2025-08-18 12:00:00,True,20250818/12z/ifs/0p25/oper/20250818120000-360h-oper-fc.grib2,2025-08-18 20:34:39,8.58,True
ecmwf,2025-08-19 12:00:00,True,20250819/12z/ifs/0p25/oper/20250819120000-360h-oper-fc.grib2,2025-08-19 20:34:42,8.58,True
ecmwf,2025-08-20 12:00:00,True,20250820/12z/ifs/0p25/oper/20250820120000-360h-oper-fc.grib2,2025-08-20 20:34:38,8.58,True
ecmwf,2025-08-21 12:00:00,True,20250821/12z/ifs/0p25/oper/20250821120000-360h-oper-fc.grib2,2025-08-21 20:34:38,8.58,True
ecmwf,2025-08-22 12:00:00,True,20250822/12z/ifs/0p25/oper/20250822120000-360h-oper-fc.grib2,2025-08-22 20:34:39,8.58,True
ecmwf,2025-08-23 12:00:00,True,20250823/12z/ifs/0p25/oper/20250823120000-360h-oper-fc.grib2,2025-08-23 20:34:38,8.58,True
ecmwf,2025-08-24 12:00:00,True,20250824/12z/ifs/0p25/oper/20250824120000-360h-oper-fc.grib2,2025-08-24 20:34:41,8.58,True
ecmwf,2025-08-25 12:00:00,True,20250825/12z/ifs/0p25/oper/20250825120000-360h-oper-fc.grib2,2025-08-25 20:34:40,8.58,True
ecmwf,2025-08-26 12:00:00,True,20250826/12z/ifs/0p25/oper/20250826120000-360h-oper-fc.grib2,2025-08-26 20:34:39,8.58,True
ecmwf,2025-08-27 12:00:00,True,20250827/12z/ifs/0p25/oper/20250827120000-360h-oper-fc.grib2,2025-08-27 20:34:40,8.58,True
ecmwf,2025-08-28 12:00:00,True,20250828/12z/ifs/0p25/oper/20250828120000-360h-oper-fc.grib2,2025-08-28 20:34:39,8.58,True
ecmwf,2025-08-29 12:00:00,True,20250829/12z/ifs/0p25/oper/20250829120000-360h-oper-fc.grib2,2025-08-29 20:34:37,8.58,True
ecmwf,2025-08-30 12:00:00,True,20250830/12z/ifs/0p25/oper/20250830120000-360h-oper-fc.grib2,2025-08-30 20:34:43,8.58,True
ecmwf,2025-08-31 12:00:00,True,20250831/12z/ifs/0p25/oper/20250831120000-360h-oper-fc.grib2,2025-08-31 20:34:39,8.58,True
ecmwf,2025-09-01 12:00:00,True,20250901/12z/ifs/0p25/oper/20250901120000-360h-oper-fc.grib2,2025-09-01 20:34:40,8.58,True
ecmwf,2025-09-02 12:00:00,True,20250902/12z/ifs/0p25/oper/20250902120000-360h-oper-fc.grib2,2025-09-02 20:34:40,8.58,True
ecmwf,2025-09-03 12:00:00,True,20250903/12z/ifs/0p25/oper/20250903120000-360h-oper-fc.grib2,2025-09-03 20:34:38,8.58,True
ecmwf,2025-09-04 12:00:00,True,20250904/12z/ifs/0p25/oper/20250904120000-360h-oper-fc.grib2,2025-09-04 20:34:39,8.58,True
ecmwf,2025-09-05 12:00:00,True,20250905/12z/ifs/0p25/oper/20250905120000-360h-oper-fc.grib2,2025-09-05 20:34:40,8.58,True
ecmwf,2025-09-06 12:00:00,True,20250906/12z/ifs/0p25/oper/20250906120000-360h-oper-fc.grib2,2025-09-06 20:34:37,8.58,True
ecmwf,2025-09-07 12:00:00,True,20250907/12z/ifs/0p25/oper/20250907120000-360h-oper-fc.grib2,2025-09-07 20:34:38,8.58,True
ecmwf,2025-09-08 12:00:00,True,20250908/12z/ifs/0p25/oper/20250908120000-360h-oper-fc.grib2,2025-09-08 20:34:38,8.58,True
ecmwf,2025-09-09 12:00:00,True,20250909/12z/ifs/0p25/oper/20250909120000-360h-oper-fc.grib2,2025-09-09 20:34:42,8.58,True
ecmwf,2025-09-10 12:00:00,True,20250910/12z/ifs/0p25/oper/20250910120000-360h-oper-fc.grib2,2025-09-10 20:34:39,8.58,True
ecmwf,2025-09-11 12:00:00,True,20250911/12z/ifs/0p25/oper/20250911120000-360h-oper-fc.grib2,2025-09-11 20:34:39,8.58,True
ecmwf,2025-09-12 12:00:00,True,20250912/12z/ifs/0p25/oper/20250912120000-360h-oper-fc.grib2,2025-09-12 20:34:40,8.58,True
ecmwf,2025-09-13 12:00:00,True,20250913/12z/ifs/0p25/oper/20250913120000-360h-oper-fc.grib2,2025-09-13 20:34:39,8.58,True
ecmwf,2025-09-14 12:00:00,True,20250914/12z/ifs/0p25/oper/20250914120000-360h-oper-fc.grib2,2025-09-14 20:34:39,8.58,True
ecmwf,2025-09-15 12:00:00,True,20250915/12z/ifs/0p25/oper/20250915120000-360h-oper-fc.grib2,2025-09-15 20:34:37,8.58,True
ecmwf,2025-09-16 12:00:00,True,20250916/12z/ifs/0p25/oper/20250916120000-360h-oper-fc.grib2,2025-09-16 20:34:39,8.58,True
ecmwf,2025-09-17 12:00:00,True,20250917/12z/ifs/0p25/oper/20250917120000-360h-oper-fc.grib2,2025-09-17 20:34:39,8.58,True
ecmwf,2025-09-18 12:00:00,True,20250918/12z/ifs/0p25/oper/20250918120000-360h-oper-fc.grib2,2025-09-18 20:34:38,8.58,True
ecmwf,2025-09-19 12:00:00,True,20250919/12z/ifs/0p25/oper/20250919120000-360h-oper-fc.grib2,2025-09-19 20:34:37,8.58,True
ecmwf,2025-09-20 12:00:00,True,20250920/12z/ifs/0p25/oper/20250920120000-360h-oper-fc.grib2,2025-09-20 20:34:39,8.58,True
ecmwf,2025-09-21 12:00:00,True,20250921/12z/ifs/0p25/oper/20250921120000-360h-oper-fc.grib2,2025-09-21 20:34:38,8.58,True
ecmwf,2025-09-22 12:00:00,True,20250922/12z/ifs/0p25/oper/20250922120000-360h-oper-fc.grib2,2025-09-22 20:34:38,8.58,True
ecmwf,2025-09-23 12:00:00,True,20250923/12z/ifs/0p25/oper/20250923120000-360h-oper-fc.grib2,2025-09-23 20:34:39,8.58,True
ecmwf,2025-09-24 12:00:00,True,20250924/12z/ifs/0p25/oper/20250924120000-360h-oper-fc.grib2,2025-09-24 20:34:39,8.58,True
ecmwf,2025-09-25 12:00:00,True,20250925/12z/ifs/0p25/oper/20250925120000-360h-oper-fc.grib2,2025-09-25 20:34:40,8.58,True
ecmwf,2025-09-26 12:00:00,True,20250926/12z/ifs/0p25/oper/20250926120000-360h-oper-fc.grib2,2025-09-26 20:34:38,8.58,True
ecmwf,2025-09-27 12:00:00,True,20250927/12z/ifs/0p25/oper/20250927120000-360h-oper-fc.grib2,2025-09-27 20:34:38,8.58,True
ecmwf,2025-09-28 12:00:00,True,20250928/12z/ifs/0p25/oper/20250928120000-360h-oper-fc.grib2,2025-09-28 20:34:38,8.58,True
ecmwf,2025-09-29 12:00:00,True,20250929/12z/ifs/0p25/oper/20250929120000-360h-oper-fc.grib2,2025-09-29 20:34:37,8.58,True
ecmwf,2025-09-30 12:00:00,True,20250930/12z/ifs/0p25/oper/20250930120000-360h-oper-fc.grib2,2025-09-30 20:34:40,8.58,True
ecmwf,2025-10-01 12:00:00,True,20251001/12z/ifs/0p25/oper/20251001120000-360h-oper-fc.grib2,2025-10-01 19:34:37,7.58,True
ecmwf,2025-10-02 12:00:00,True,20251002/12z/ifs/0p25/oper/20251002120000-360h-oper-fc.grib2,2025-10-02 19:34:37,7.58,True
ecmwf,2025-10-03 12:00:00,True,20251003/12z/ifs/0p25/oper/20251003120000-360h-oper-fc.grib2,2025-10-03 19:34:37,7.58,True
ecmwf,2025-10-04 12:00:00,True,20251004/12z/ifs/0p25/oper/20251004120000-360h-oper-fc.grib2,2025-10-04 19:34:37,7.58,True
ecmwf,2025-10-05 12:00:00,True,20251005/12z/ifs/0p25/oper/20251005120000-360h-oper-fc.grib2,2025-10-05 19:34:38,7.58,True
ecmwf,2025-10-06 12:00:00,True,20251006/12z/ifs/0p25/oper/20251006120000-360h-oper-fc.grib2,2025-10-06 19:34:38,7.58,True
ecmwf,2025-10-07 12:00:00,True,20251007/12z/ifs/0p25/oper/20251007120000-360h-oper-fc.grib2,2025-10-07 19:34:38,7.58,True
ecmwf,2025-10-08 12:00:00,True,20251008/12z/ifs/0p25/oper/20251008120000-360h-oper-fc.grib2,2025-10-08 19:34:37,7.58,True
ecmwf,2025-10-09 12:00:00,True,20251009/12z/ifs/0p25/oper/20251009120000-360h-oper-fc.grib2,2025-10-09 19:34:37,7.58,True
ecmwf,2025-10-10 12:00:00,True,20251010/12z/ifs/0p25/oper/20251010120000-360h-oper-fc.grib2,2025-10-10 19:34:39,7.58,True
ecmwf,2025-10-11 12:00:00,True,20251011/12z/ifs/0p25/oper/20251011120000-360h-oper-fc.grib2,2025-10-11 19:34:37,7.58,True
ecmwf,2025-10-12 12:00:00,True,20251012/12z/ifs/0p25/oper/20251012120000-360h-oper-fc.grib2,2025-10-12 19:34:36,7.58,True
ecmwf,2025-10-13 12:00:00,True,20251013/12z/ifs/0p25/oper/20251013120000-360h-oper-fc.grib2,2025-10-13 19:34:36,7.58,True
ecmwf,2025-10-14 12:00:00,True,20251014/12z/ifs/0p25/oper/20251014120000-360h-oper-fc.grib2,2025-10-14 19:34:38,7.58,True
ecmwf,2025-10-15 12:00:00,True,20251015/12z/ifs/0p25/oper/20251015120000-360h-oper-fc.grib2,2025-10-15 19:34:37,7.58,True
ecmwf,2025-10-16 12:00:00,True,20251016/12z/ifs/0p25/oper/20251016120000-360h-oper-fc.grib2,2025-10-16 19:34:34,7.58,True
ecmwf,2025-10-17 12:00:00,True,20251017/12z/ifs/0p25/oper/20251017120000-360h-oper-fc.grib2,2025-10-17 19:34:39,7.58,True
ecmwf,2025-10-18 12:00:00,True,20251018/12z/ifs/0p25/oper/20251018120000-360h-oper-fc.grib2,2025-10-18 19:34:39,7.58,True
ecmwf,2025-10-19 12:00:00,True,20251019/12z/ifs/0p25/oper/20251019120000-360h-oper-fc.grib2,2025-10-19 19:34:38,7.58,True
ecmwf,2025-10-20 12:00:00,True,20251020/12z/ifs/0p25/oper/20251020120000-360h-oper-fc.grib2,2025-10-20 19:34:38,7.58,True
ecmwf,2025-10-21 12:00:00,True,20251021/12z/ifs/0p25/oper/20251021120000-360h-oper-fc.grib2,2025-10-21 19:34:37,7.58,True
ecmwf,2025-10-22 12:00:00,True,20251022/12z/ifs/0p25/oper/20251022120000-360h-oper-fc.grib2,2025-10-22 19:34:39,7.58,True
ecmwf,2025-10-23 12:00:00,True,20251023/12z/ifs/0p25/oper/20251023120000-360h-oper-fc.grib2,2025-10-23 19:34:38,7.58,True
ecmwf,2025-10-24 12:00:00,True,20251024/12z/ifs/0p25/oper/20251024120000-360h-oper-fc.grib2,2025-10-24 19:34:36,7.58,True
ecmwf,2025-10-25 12:00:00,True,20251025/12z/ifs/0p25/oper/20251025120000-360h-oper-fc.grib2,2025-10-25 19:34:36,7.58,True
ecmwf,2025-10-26 12:00:00,True,20251026/12z/ifs/0p25/oper/20251026120000-360h-oper-fc.grib2,2025-10-26 19:34:37,7.58,True
ecmwf,2025-10-27 12:00:00,True,20251027/12z/ifs/0p25/oper/20251027120000-360h-oper-fc.grib2,2025-10-27 19:34:36,7.58,True
ecmwf,2025-10-28 12:00:00,True,20251028/12z/ifs/0p25/oper/20251028120000-360h-oper-fc.grib2,2025-10-28 19:34:37,7.58,True
ecmwf,2025-10-29 12:00:00,True,20251029/12z/ifs/0p25/oper/20251029120000-360h-oper-fc.grib2,2025-10-29 19:34:36,7.58,True
ecmwf,2025-10-30 12:00:00,True,20251030/12z/ifs/0p25/oper/20251030120000-360h-oper-fc.grib2,2025-10-30 19:34:37,7.58,True
ecmwf,2025-10-31 12:00:00,True,20251031/12z/ifs/0p25/oper/20251031120000-360h-oper-fc.grib2,2025-10-31 19:34:39,7.58,True
ecmwf,2025-11-01 12:00:00,True,20251101/12z/ifs/0p25/oper/20251101120000-360h-oper-fc.grib2,2025-11-01 19:34:37,7.58,True
ecmwf,2025-11-02 12:00:00,True,20251102/12z/ifs/0p25/oper/20251102120000-360h-oper-fc.grib2,2025-11-02 19:34:38,7.58,True
ecmwf,2025-11-03 12:00:00,True,20251103/12z/ifs/0p25/oper/20251103120000-360h-oper-fc.grib2,2025-11-03 19:34:38,7.58,True
ecmwf,2025-11-04 12:00:00,True,20251104/12z/ifs/0p25/oper/20251104120000-360h-oper-fc.grib2,2025-11-04 19:34:38,7.58,True
ecmwf,2025-11-05 12:00:00,True,20251105/12z/ifs/0p25/oper/20251105120000-360h-oper-fc.grib2,2025-11-05 19:34:35,7.58,True
ecmwf,2025-11-06 12:00:00,True,20251106/12z/ifs/0p25/oper/20251106120000-360h-oper-fc.grib2,2025-11-06 19:34:37,7.58,True
ecmwf,2025-11-07 12:00:00,True,20251107/12z/ifs/0p25/oper/20251107120000-360h-oper-fc.grib2,2025-11-07 19:34:38,7.58,True
ecmwf,2025-11-08 12:00:00,True,20251108/12z/ifs/0p25/oper/20251108120000-360h-oper-fc.grib2,2025-11-08 19:34:37,7.58,True
ecmwf,2025-11-09 12:00:00,True,20251109/12z/ifs/0p25/oper/20251109120000-360h-oper-fc.grib2,2025-11-09 19:34:41,7.58,True
ecmwf,2025-11-10 12:00:00,True,20251110/12z/ifs/0p25/oper/20251110120000-360h-oper-fc.grib2,2025-11-10 19:34:37,7.58,True
ecmwf,2025-11-11 12:00:00,True,20251111/12z/ifs/0p25/oper/20251111120000-360h-oper-fc.grib2,2025-11-11 19:34:38,7.58,True
ecmwf,2025-11-12 12:00:00,True,20251112/12z/ifs/0p25/oper/20251112120000-360h-oper-fc.grib2,2025-11-12 19:34:37,7.58,True
ecmwf,2025-11-13 12:00:00,True,20251113/12z/ifs/0p25/oper/20251113120000-360h-oper-fc.grib2,2025-11-13 19:34:37,7.58,True
ecmwf,2025-11-14 12:00:00,True,20251114/12z/ifs/0p25/oper/20251114120000-360h-oper-fc.grib2,2025-11-14 19:34:38,7.58,True
ecmwf,2025-11-15 12:00:00,True,20251115/12z/ifs/0p25/oper/20251115120000-360h-oper-fc.grib2,2025-11-15 19:34:37,7.58,True
ecmwf,2025-11-16 12:00:00,True,20251116/12z/ifs/0p25/oper/20251116120000-360h-oper-fc.grib2,2025-11-16 19:34:36,7.58,True
ecmwf,2025-11-17 12:00:00,True,20251117/12z/ifs/0p25/oper/20251117120000-360h-oper-fc.grib2,2025-11-17 19:34:39,7.58,True
ecmwf,2025-11-18 12:00:00,True,20251118/12z/ifs/0p25/oper/20251118120000-360h-oper-fc.grib2,2025-11-18 19:34:38,7.58,True
ecmwf,2025-11-19 12:00:00,True,20251119/12z/ifs/0p25/oper/20251119120000-360h-oper-fc.grib2,2025-11-19 19:34:41,7.58,True
ecmwf,2025-11-20 12:00:00,True,20251120/12z/ifs/0p25/oper/20251120120000-360h-oper-fc.grib2,2025-11-20 19:34:39,7.58,True
ecmwf,2025-11-21 12:00:00,True,20251121/12z/ifs/0p25/oper/20251121120000-360h-oper-fc.grib2,2025-11-21 19:34:38,7.58,True
ecmwf,2025-11-22 12:00:00,True,20251122/12z/ifs/0p25/oper/20251122120000-360h-oper-fc.grib2,2025-11-22 19:34:37,7.58,True
ecmwf,2025-11-23 12:00:00,True,20251123/12z/ifs/0p25/oper/20251123120000-360h-oper-fc.grib2,2025-11-23 19:34:38,7.58,True
ecmwf,2025-11-24 12:00:00,True,20251124/12z/ifs/0p25/oper/20251124120000-360h-oper-fc.grib2,2025-11-24 19:34:38,7.58,True
ecmwf,2025-11-25 12:00:00,True,20251125/12z/ifs/0p25/oper/20251125120000-360h-oper-fc.grib2,2025-11-25 19:34:38,7.58,True
ecmwf,2025-11-26 12:00:00,True,20251126/12z/ifs/0p25/oper/20251126120000-360h-oper-fc.grib2,2025-11-26 19:34:39,7.58,True
ecmwf,2025-11-27 12:00:00,True,20251127/12z/ifs/0p25/oper/20251127120000-360h-oper-fc.grib2,2025-11-27 19:34:40,7.58,True
ecmwf,2025-11-28 12:00:00,True,20251128/12z/ifs/0p25/oper/20251128120000-360h-oper-fc.grib2,2025-11-28 19:34:39,7.58,True
ecmwf,2025-11-29 12:00:00,True,20251129/12z/ifs/0p25/oper/20251129120000-360h-oper-fc.grib2,2025-11-29 19:34:41,7.58,True
ecmwf,2025-11-30 12:00:00,True,20251130/12z/ifs/0p25/oper/20251130120000-360h-oper-fc.grib2,2025-11-30 19:34:39,7.58,True
ecmwf,2025-12-01 12:00:00,True,20251201/12z/ifs/0p25/oper/20251201120000-360h-oper-fc.grib2,2025-12-01 19:34:39,7.58,True
ecmwf,2025-12-02 12:00:00,True,20251202/12z/ifs/0p25/oper/20251202120000-360h-oper-fc.grib2,2025-12-02 19:34:39,7.58,True
ecmwf,2025-12-03 12:00:00,True,20251203/12z/ifs/0p25/oper/20251203120000-360h-oper-fc.grib2,2025-12-03 19:34:37,7.58,True
ecmwf,2025-12-04 12:00:00,True,20251204/12z/ifs/0p25/oper/20251204120000-360h-oper-fc.grib2,2025-12-04 19:34:39,7.58,True
ecmwf,2025-12-05 12:00:00,True,20251205/12z/ifs/0p25/oper/20251205120000-360h-oper-fc.grib2,2025-12-05 19:34:40,7.58,True
ecmwf,2025-12-06 12:00:00,True,20251206/12z/ifs/0p25/oper/20251206120000-360h-oper-fc.grib2,2025-12-06 19:34:38,7.58,True
ecmwf,2025-12-07 12:00:00,True,20251207/12z/ifs/0p25/oper/20251207120000-360h-oper-fc.grib2,2025-12-07 19:34:39,7.58,True
ecmwf,2025-12-08 12:00:00,True,20251208/12z/ifs/0p25/oper/20251208120000-360h-oper-fc.grib2,2025-12-08 19:34:38,7.58,True
ecmwf,2025-12-09 12:00:00,True,20251209/12z/ifs/0p25/oper/20251209120000-360h-oper-fc.grib2,2025-12-09 19:34:40,7.58,True
ecmwf,2025-12-10 12:00:00,True,20251210/12z/ifs/0p25/oper/20251210120000-360h-oper-fc.grib2,2025-12-10 19:34:37,7.58,True
ecmwf,2025-12-11 12:00:00,True,20251211/12z/ifs/0p25/oper/20251211120000-360h-oper-fc.grib2,2025-12-11 19:34:38,7.58,True
ecmwf,2025-12-12 12:00:00,True,20251212/12z/ifs/0p25/oper/20251212120000-360h-oper-fc.grib2,2025-12-12 19:34:37,7.58,True
ecmwf,2025-12-13 12:00:00,True,20251213/12z/ifs/0p25/oper/20251213120000-360h-oper-fc.grib2,2025-12-13 19:34:39,7.58,True
ecmwf,2025-12-14 12:00:00,True,20251214/12z/ifs/0p25/oper/20251214120000-360h-oper-fc.grib2,2025-12-14 19:34:38,7.58,True
ecmwf,2025-12-15 12:00:00,True,20251215/12z/ifs/0p25/oper/20251215120000-360h-oper-fc.grib2,2025-12-15 19:34:38,7.58,True
ecmwf,2025-12-16 12:00:00,True,20251216/12z/ifs/0p25/oper/20251216120000-360h-oper-fc.grib2,2025-12-16 19:34:36,7.58,True
ecmwf,2025-12-17 12:00:00,True,20251217/12z/ifs/0p25/oper/20251217120000-360h-oper-fc.grib2,2025-12-17 19:34:37,7.58,True
ecmwf,2025-12-18 12:00:00,True,20251218/12z/ifs/0p25/oper/20251218120000-360h-oper-fc.grib2,2025-12-18 19:34:36,7.58,True
ecmwf,2025-12-19 12:00:00,True,20251219/12z/ifs/0p25/oper/20251219120000-360h-oper-fc.grib2,2025-12-19 19:34:37,7.58,True
ecmwf,2025-12-20 12:00:00,True,20251220/12z/ifs/0p25/oper/20251220120000-360h-oper-fc.grib2,2025-12-20 19:34:39,7.58,True
ecmwf,2025-12-21 12:00:00,True,20251221/12z/ifs/0p25/oper/20251221120000-360h-oper-fc.grib2,2025-12-21 19:34:36,7.58,True
ecmwf,2025-12-22 12:00:00,True,20251222/12z/ifs/0p25/oper/20251222120000-360h-oper-fc.grib2,2025-12-22 19:34:37,7.58,True
ecmwf,2025-12-23 12:00:00,True,20251223/12z/ifs/0p25/oper/20251223120000-360h-oper-fc.grib2,2025-12-23 19:34:38,7.58,True
ecmwf,2025-12-24 12:00:00,True,20251224/12z/ifs/0p25/oper/20251224120000-360h-oper-fc.grib2,2025-12-24 19:34:38,7.58,True
ecmwf,2025-12-25 12:00:00,True,20251225/12z/ifs/0p25/oper/20251225120000-360h-oper-fc.grib2,2025-12-25 19:34:38,7.58,True
ecmwf,2025-12-26 12:00:00,True,20251226/12z/ifs/0p25/oper/20251226120000-360h-oper-fc.grib2,2025-12-26 19:34:38,7.58,True
ecmwf,2025-12-27 12:00:00,True,20251227/12z/ifs/0p25/oper/20251227120000-360h-oper-fc.grib2,2025-12-27 19:34:38,7.58,True
ecmwf,2025-12-28 12:00:00,True,20251228/12z/ifs/0p25/oper/20251228120000-360h-oper-fc.grib2,2025-12-28 19:34:39,7.58,True
ecmwf,2025-12-29 12:00:00,True,20251229/12z/ifs/0p25/oper/20251229120000-360h-oper-fc.grib2,2025-12-29 19:34:38,7.58,True
ecmwf,2025-12-30 12:00:00,True,20251230/12z/ifs/0p25/oper/20251230120000-360h-oper-fc.grib2,2025-12-30 19:34:38,7.58,True
ecmwf,2025-12-31 12:00:00,True,20251231/12z/ifs/0p25/oper/20251231120000-360h-oper-fc.grib2,2025-12-31 19:34:37,7.58,True
ecmwf,2026-01-01 12:00:00,True,20260101/12z/ifs/0p25/oper/20260101120000-360h-oper-fc.grib2,2026-01-01 19:34:38,7.58,True
ecmwf,2026-01-02 12:00:00,True,20260102/12z/ifs/0p25/oper/20260102120000-360h-oper-fc.grib2,2026-01-02 19:34:39,7.58,True
ecmwf,2026-01-03 12:00:00,True,20260103/12z/ifs/0p25/oper/20260103120000-360h-oper-fc.grib2,2026-01-03 19:34:37,7.58,True
ecmwf,2026-01-04 12:00:00,True,20260104/12z/ifs/0p25/oper/20260104120000-360h-oper-fc.grib2,2026-01-04 19:34:37,7.58,True
ecmwf,2026-01-05 12:00:00,True,20260105/12z/ifs/0p25/oper/20260105120000-360h-oper-fc.grib2,2026-01-05 19:34:35,7.58,True
ecmwf,2026-01-06 12:00:00,True,20260106/12z/ifs/0p25/oper/20260106120000-360h-oper-fc.grib2,2026-01-06 19:34:38,7.58,True
ecmwf,2026-01-07 12:00:00,True,20260107/12z/ifs/0p25/oper/20260107120000-360h-oper-fc.grib2,2026-01-07 19:34:40,7.58,True
ecmwf,2026-01-08 12:00:00,True,20260108/12z/ifs/0p25/oper/20260108120000-360h-oper-fc.grib2,2026-01-08 19:34:36,7.58,True
ecmwf,2026-01-09 12:00:00,True,20260109/12z/ifs/0p25/oper/20260109120000-360h-oper-fc.grib2,2026-01-09 19:34:37,7.58,True
ecmwf,2026-01-10 12:00:00,True,20260110/12z/ifs/0p25/oper/20260110120000-360h-oper-fc.grib2,2026-01-10 19:34:37,7.58,True
ecmwf,2026-01-11 12:00:00,True,20260111/12z/ifs/0p25/oper/20260111120000-360h-oper-fc.grib2,2026-01-11 19:34:38,7.58,True
ecmwf,2026-01-12 12:00:00,True,20260112/12z/ifs/0p25/oper/20260112120000-360h-oper-fc.grib2,2026-01-12 19:34:39,7.58,True
ecmwf,2026-01-13 12:00:00,True,20260113/12z/ifs/0p25/oper/20260113120000-360h-oper-fc.grib2,2026-01-13 19:34:37,7.58,True
ecmwf,2026-01-14 12:00:00,True,20260114/12z/ifs/0p25/oper/20260114120000-360h-oper-fc.grib2,2026-01-14 19:34:39,7.58,True
ecmwf,2026-01-15 12:00:00,True,20260115/12z/ifs/0p25/oper/20260115120000-360h-oper-fc.grib2,2026-01-15 19:34:43,7.58,True
ecmwf,2026-01-16 12:00:00,True,20260116/12z/ifs/0p25/oper/20260116120000-360h-oper-fc.grib2,2026-01-16 19:34:36,7.58,True
ecmwf,2026-01-17 12:00:00,True,20260117/12z/ifs/0p25/oper/20260117120000-360h-oper-fc.grib2,2026-01-17 19:34:39,7.58,True
ecmwf,2026-01-18 12:00:00,True,20260118/12z/ifs/0p25/oper/20260118120000-360h-oper-fc.grib2,2026-01-18 19:34:39,7.58,True
ecmwf,2026-01-19 12:00:00,True,20260119/12z/ifs/0p25/oper/20260119120000-360h-oper-fc.grib2,2026-01-19 19:34:39,7.58,True
ecmwf,2026-01-20 12:00:00,True,20260120/12z/ifs/0p25/oper/20260120120000-360h-oper-fc.grib2,2026-01-20 19:34:39,7.58,True
ecmwf,2026-01-21 12:00:00,True,20260121/12z/ifs/0p25/oper/20260121120000-360h-oper-fc.grib2,2026-01-21 19:34:38,7.58,True
ecmwf,2026-01-22 12:00:00,True,20260122/12z/ifs/0p25/oper/20260122120000-360h-oper-fc.grib2,2026-01-22 19:34:38,7.58,True
ecmwf,2026-01-23 12:00:00,True,20260123/12z/ifs/0p25/oper/20260123120000-360h-oper-fc.grib2,2026-01-23 19:34:41,7.58,True
ecmwf,2026-01-24 12:00:00,True,20260124/12z/ifs/0p25/oper/20260124120000-360h-oper-fc.grib2,2026-01-24 19:34:41,7.58,True
ecmwf,2026-01-25 12:00:00,True,20260125/12z/ifs/0p25/oper/20260125120000-360h-oper-fc.grib2,2026-01-25 19:34:41,7.58,True
ecmwf,2026-01-26 12:00:00,True,20260126/12z/ifs/0p25/oper/20260126120000-360h-oper-fc.grib2,2026-01-26 19:34:40,7.58,True
ecmwf,2026-01-27 12:00:00,True,20260127/12z/ifs/0p25/oper/20260127120000-360h-oper-fc.grib2,2026-01-27 19:34:39,7.58,True
ecmwf,2026-01-28 12:00:00,True,20260128/12z/ifs/0p25/oper/20260128120000-360h-oper-fc.grib2,2026-01-28 19:34:40,7.58,True
ecmwf,2026-01-29 12:00:00,True,20260129/12z/ifs/0p25/oper/20260129120000-360h-oper-fc.grib2,2026-01-29 19:34:41,7.58,True
ecmwf,2026-01-30 12:00:00,True,20260130/12z/ifs/0p25/oper/20260130120000-360h-oper-fc.grib2,2026-01-30 19:34:39,7.58,True
ecmwf,2026-01-31 12:00:00,True,20260131/12z/ifs/0p25/oper/20260131120000-360h-oper-fc.grib2,2026-01-31 19:34:41,7.58,True
ecmwf,2026-02-01 12:00:00,True,20260201/12z/ifs/0p25/oper/20260201120000-360h-oper-fc.grib2,2026-02-01 19:34:40,7.58,True
ecmwf,2026-02-02 12:00:00,True,20260202/12z/ifs/0p25/oper/20260202120000-360h-oper-fc.grib2,2026-02-02 19:34:41,7.58,True
ecmwf,2026-02-03 12:00:00,True,20260203/12z/ifs/0p25/oper/20260203120000-360h-oper-fc.grib2,2026-02-03 19:34:42,7.58,True
ecmwf,2026-02-04 12:00:00,True,20260204/12z/ifs/0p25/oper/20260204120000-360h-oper-fc.grib2,2026-02-04 19:34:42,7.58,True
ecmwf,2026-02-05 12:00:00,True,20260205/12z/ifs/0p25/oper/20260205120000-360h-oper-fc.grib2,2026-02-05 19:34:39,7.58,True
ecmwf,2026-02-06 12:00:00,True,20260206/12z/ifs/0p25/oper/20260206120000-360h-oper-fc.grib2,2026-02-06 19:34:40,7.58,True
ecmwf,2026-02-07 12:00:00,True,20260207/12z/ifs/0p25/oper/20260207120000-360h-oper-fc.grib2,2026-02-07 19:34:39,7.58,True
ecmwf,2026-02-08 12:00:00,True,20260208/12z/ifs/0p25/oper/20260208120000-360h-oper-fc.grib2,2026-02-08 19:34:39,7.58,True
ecmwf,2026-02-09 12:00:00,True,20260209/12z/ifs/0p25/oper/20260209120000-360h-oper-fc.grib2,2026-02-09 19:34:39,7.58,True
ecmwf,2026-02-10 12:00:00,True,20260210/12z/ifs/0p25/oper/20260210120000-360h-oper-fc.grib2,2026-02-10 19:34:41,7.58,True
ecmwf,2026-02-11 12:00:00,True,20260211/12z/ifs/0p25/oper/20260211120000-360h-oper-fc.grib2,2026-02-11 19:34:42,7.58,True
ecmwf,2026-02-12 12:00:00,True,20260212/12z/ifs/0p25/oper/20260212120000-360h-oper-fc.grib2,2026-02-12 19:34:40,7.58,True
ecmwf,2026-02-13 12:00:00,True,20260213/12z/ifs/0p25/oper/20260213120000-360h-oper-fc.grib2,2026-02-13 19:34:40,7.58,True
ecmwf,2026-02-14 12:00:00,True,20260214/12z/ifs/0p25/oper/20260214120000-360h-oper-fc.grib2,2026-02-14 19:34:40,7.58,True
ecmwf,2026-02-15 12:00:00,True,20260215/12z/ifs/0p25/oper/20260215120000-360h-oper-fc.grib2,2026-02-15 19:34:38,7.58,True
ecmwf,2026-02-16 12:00:00,True,20260216/12z/ifs/0p25/oper/20260216120000-360h-oper-fc.grib2,2026-02-16 19:34:41,7.58,True
ecmwf,2026-02-17 12:00:00,True,20260217/12z/ifs/0p25/oper/20260217120000-360h-oper-fc.grib2,2026-02-17 19:34:42,7.58,True
ecmwf,2026-02-18 12:00:00,True,20260218/12z/ifs/0p25/oper/20260218120000-360h-oper-fc.grib2,2026-02-18 19:34:42,7.58,True
ecmwf,2026-02-19 12:00:00,True,20260219/12z/ifs/0p25/oper/20260219120000-360h-oper-fc.grib2,2026-02-19 19:34:38,7.58,True
ecmwf,2026-02-20 12:00:00,True,20260220/12z/ifs/0p25/oper/20260220120000-360h-oper-fc.grib2,2026-02-20 19:34:39,7.58,True
ecmwf,2026-02-21 12:00:00,True,20260221/12z/ifs/0p25/oper/20260221120000-360h-oper-fc.grib2,2026-02-21 19:34:43,7.58,True
ecmwf,2026-02-22 12:00:00,True,20260222/12z/ifs/0p25/oper/20260222120000-360h-oper-fc.grib2,2026-02-22 19:34:40,7.58,True
ecmwf,2026-02-23 12:00:00,True,20260223/12z/ifs/0p25/oper/20260223120000-360h-oper-fc.grib2,2026-02-23 19:34:41,7.58,True
ecmwf,2026-02-24 12:00:00,True,20260224/12z/ifs/0p25/oper/20260224120000-360h-oper-fc.grib2,2026-02-24 19:34:41,7.58,True
ecmwf,2026-02-25 12:00:00,True,20260225/12z/ifs/0p25/oper/20260225120000-360h-oper-fc.grib2,2026-02-25 19:34:43,7.58,True
ecmwf,2026-02-26 12:00:00,True,20260226/12z/ifs/0p25/oper/20260226120000-360h-oper-fc.grib2,2026-02-26 19:34:41,7.58,True
ecmwf,2026-02-27 12:00:00,True,20260227/12z/ifs/0p25/oper/20260227120000-360h-oper-fc.grib2,2026-02-27 19:34:44,7.58,True
ecmwf,2026-02-28 12:00:00,True,20260228/12z/ifs/0p25/oper/20260228120000-360h-oper-fc.grib2,2026-02-28 19:34:42,7.58,True
ecmwf,2026-03-01 12:00:00,True,20260301/12z/ifs/0p25/oper/20260301120000-360h-oper-fc.grib2,2026-03-01 19:34:55,7.58,True
ecmwf,2026-03-02 12:00:00,True,20260302/12z/ifs/0p25/oper/20260302120000-360h-oper-fc.grib2,2026-03-02 19:34:43,7.58,True
ecmwf,2026-03-03 12:00:00,True,20260303/12z/ifs/0p25/oper/20260303120000-360h-oper-fc.grib2,2026-03-03 19:34:42,7.58,True
ecmwf,2026-03-04 12:00:00,True,20260304/12z/ifs/0p25/oper/20260304120000-360h-oper-fc.grib2,2026-03-04 19:34:43,7.58,True
ecmwf,2026-03-05 12:00:00,True,20260305/12z/ifs/0p25/oper/20260305120000-360h-oper-fc.grib2,2026-03-05 19:34:42,7.58,True
ecmwf,2026-03-06 12:00:00,True,20260306/12z/ifs/0p25/oper/20260306120000-360h-oper-fc.grib2,2026-03-06 19:34:40,7.58,True
ecmwf,2026-03-07 12:00:00,True,20260307/12z/ifs/0p25/oper/20260307120000-360h-oper-fc.grib2,2026-03-07 19:34:41,7.58,True
ecmwf,2026-03-08 12:00:00,True,20260308/12z/ifs/0p25/oper/20260308120000-360h-oper-fc.grib2,2026-03-08 19:34:40,7.58,True
ecmwf,2026-03-09 12:00:00,True,20260309/12z/ifs/0p25/oper/20260309120000-360h-oper-fc.grib2,2026-03-09 19:34:42,7.58,True
ecmwf,2026-03-10 12:00:00,True,20260310/12z/ifs/0p25/oper/20260310120000-360h-oper-fc.grib2,2026-03-10 19:34:42,7.58,True
ecmwf,2026-03-11 12:00:00,True,20260311/12z/ifs/0p25/oper/20260311120000-360h-oper-fc.grib2,2026-03-11 19:34:43,7.58,True
ecmwf,2026-03-12 12:00:00,True,20260312/12z/ifs/0p25/oper/20260312120000-360h-oper-fc.grib2,2026-03-12 19:34:43,7.58,True
ecmwf,2026-03-13 12:00:00,True,20260313/12z/ifs/0p25/oper/20260313120000-360h-oper-fc.grib2,2026-03-13 19:34:41,7.58,True
ecmwf,2026-03-14 12:00:00,True,20260314/12z/ifs/0p25/oper/20260314120000-360h-oper-fc.grib2,2026-03-14 19:34:42,7.58,True
ecmwf,2026-03-15 12:00:00,True,20260315/12z/ifs/0p25/oper/20260315120000-360h-oper-fc.grib2,2026-03-15 19:34:41,7.58,True
ecmwf,2026-03-16 12:00:00,True,20260316/12z/ifs/0p25/oper/20260316120000-360h-oper-fc.grib2,2026-03-16 19:34:43,7.58,True
ecmwf,2026-03-17 12:00:00,True,20260317/12z/ifs/0p25/oper/20260317120000-360h-oper-fc.grib2,2026-03-17 19:34:43,7.58,True
ecmwf,2026-03-18 12:00:00,True,20260318/12z/ifs/0p25/oper/20260318120000-360h-oper-fc.grib2,2026-03-18 19:34:44,7.58,True
ecmwf,2026-03-19 12:00:00,True,20260319/12z/ifs/0p25/oper/20260319120000-360h-oper-fc.grib2,2026-03-19 19:34:42,7.58,True
ecmwf,2026-03-20 12:00:00,True,20260320/12z/ifs/0p25/oper/20260320120000-360h-oper-fc.grib2,2026-03-20 19:34:41,7.58,True
ecmwf,2026-03-21 12:00:00,True,20260321/12z/ifs/0p25/oper/20260321120000-360h-oper-fc.grib2,2026-03-21 19:34:42,7.58,True
ecmwf,2026-03-22 12:00:00,True,20260322/12z/ifs/0p25/oper/20260322120000-360h-oper-fc.grib2,2026-03-22 19:34:41,7.58,True
ecmwf,2026-03-23 12:00:00,True,20260323/12z/ifs/0p25/oper/20260323120000-360h-oper-fc.grib2,2026-03-23 19:34:42,7.58,True
ecmwf,2026-03-24 12:00:00,True,20260324/12z/ifs/0p25/oper/20260324120000-360h-oper-fc.grib2,2026-03-24 19:34:42,7.58,True
ecmwf,2026-03-25 12:00:00,True,20260325/12z/ifs/0p25/oper/20260325120000-360h-oper-fc.grib2,2026-03-25 19:34:45,7.58,True
ecmwf,2026-03-26 12:00:00,True,20260326/12z/ifs/0p25/oper/20260326120000-360h-oper-fc.grib2,2026-03-26 19:34:40,7.58,True
ecmwf,2026-03-27 12:00:00,True,20260327/12z/ifs/0p25/oper/20260327120000-360h-oper-fc.grib2,2026-03-27 19:34:44,7.58,True
ecmwf,2026-03-28 12:00:00,True,20260328/12z/ifs/0p25/oper/20260328120000-360h-oper-fc.grib2,2026-03-28 19:34:42,7.58,True
ecmwf,2026-03-29 12:00:00,True,20260329/12z/ifs/0p25/oper/20260329120000-360h-oper-fc.grib2,2026-03-29 19:34:45,7.58,True
ecmwf,2026-03-30 12:00:00,True,20260330/12z/ifs/0p25/oper/20260330120000-360h-oper-fc.grib2,2026-03-30 19:34:44,7.58,True
ecmwf,2026-03-31 12:00:00,True,20260331/12z/ifs/0p25/oper/20260331120000-360h-oper-fc.grib2,2026-03-31 19:34:42,7.58,True
ecmwf,2026-04-01 12:00:00,True,20260401/12z/ifs/0p25/oper/20260401120000-360h-oper-fc.grib2,2026-04-01 19:34:41,7.58,True
ecmwf,2026-04-02 12:00:00,True,20260402/12z/ifs/0p25/oper/20260402120000-360h-oper-fc.grib2,2026-04-02 19:34:41,7.58,True
ecmwf,2026-04-03 12:00:00,True,20260403/12z/ifs/0p25/oper/20260403120000-360h-oper-fc.grib2,2026-04-03 19:34:40,7.58,True
ecmwf,2026-04-04 12:00:00,True,20260404/12z/ifs/0p25/oper/20260404120000-360h-oper-fc.grib2,2026-04-04 19:34:44,7.58,True
ecmwf,2026-04-05 12:00:00,True,20260405/12z/ifs/0p25/oper/20260405120000-360h-oper-fc.grib2,2026-04-05 19:34:42,7.58,True
ecmwf,2026-04-06 12:00:00,True,20260406/12z/ifs/0p25/oper/20260406120000-360h-oper-fc.grib2,2026-04-06 19:34:42,7.58,True
ecmwf,2026-04-07 12:00:00,True,20260407/12z/ifs/0p25/oper/20260407120000-360h-oper-fc.grib2,2026-04-07 19:34:44,7.58,True
ecmwf,2026-04-08 12:00:00,True,20260408/12z/ifs/0p25/oper/20260408120000-360h-oper-fc.grib2,2026-04-08 19:34:43,7.58,True
ecmwf,2026-04-09 12:00:00,True,20260409/12z/ifs/0p25/oper/20260409120000-360h-oper-fc.grib2,2026-04-09 19:34:42,7.58,True
ecmwf,2026-04-10 12:00:00,True,20260410/12z/ifs/0p25/oper/20260410120000-360h-oper-fc.grib2,2026-04-10 19:34:42,7.58,True
ecmwf,2026-04-11 12:00:00,True,20260411/12z/ifs/0p25/oper/20260411120000-360h-oper-fc.grib2,2026-04-11 19:34:41,7.58,True
ecmwf,2026-04-12 12:00:00,True,20260412/12z/ifs/0p25/oper/20260412120000-360h-oper-fc.grib2,2026-04-12 19:34:45,7.58,True
ecmwf,2026-04-13 12:00:00,True,20260413/12z/ifs/0p25/oper/20260413120000-360h-oper-fc.grib2,2026-04-13 19:34:42,7.58,True
ecmwf,2026-04-14 12:00:00,True,20260414/12z/ifs/0p25/oper/20260414120000-360h-oper-fc.grib2,2026-04-14 19:34:46,7.58,True
ecmwf,2026-04-15 12:00:00,True,20260415/12z/ifs/0p25/oper/20260415120000-360h-oper-fc.grib2,2026-04-15 19:34:45,7.58,True
ecmwf,2026-04-16 12:00:00,True,20260416/12z/ifs/0p25/oper/20260416120000-360h-oper-fc.grib2,2026-04-16 19:34:43,7.58,True
ecmwf,2026-04-17 12:00:00,True,20260417/12z/ifs/0p25/oper/20260417120000-360h-oper-fc.grib2,2026-04-17 19:34:43,7.58,True
ecmwf,2026-04-18 12:00:00,True,20260418/12z/ifs/0p25/oper/20260418120000-360h-oper-fc.grib2,2026-04-18 19:34:42,7.58,True
ecmwf,2026-04-19 12:00:00,True,20260419/12z/ifs/0p25/oper/20260419120000-360h-oper-fc.grib2,2026-04-19 19:34:42,7.58,True
ecmwf,2026-04-20 12:00:00,True,20260420/12z/ifs/0p25/oper/20260420120000-360h-oper-fc.grib2,2026-04-20 19:34:44,7.58,True
ecmwf,2026-04-21 12:00:00,True,20260421/12z/ifs/0p25/oper/20260421120000-360h-oper-fc.grib2,2026-04-21 19:34:43,7.58,True
ecmwf,2026-04-22 12:00:00,True,20260422/12z/ifs/0p25/oper/20260422120000-360h-oper-fc.grib2,2026-04-22 19:34:41,7.58,True
ecmwf,2026-04-23 12:00:00,True,20260423/12z/ifs/0p25/oper/20260423120000-360h-oper-fc.grib2,2026-04-23 19:34:43,7.58,True
ecmwf,2026-04-24 12:00:00,True,20260424/12z/ifs/0p25/oper/20260424120000-360h-oper-fc.grib2,2026-04-24 19:34:46,7.58,True
ecmwf,2026-04-25 12:00:00,True,20260425/12z/ifs/0p25/oper/20260425120000-360h-oper-fc.grib2,2026-04-25 19:34:43,7.58,True
ecmwf,2026-04-26 12:00:00,True,20260426/12z/ifs/0p25/oper/20260426120000-360h-oper-fc.grib2,2026-04-26 19:34:45,7.58,True
ecmwf,2026-04-27 12:00:00,True,20260427/12z/ifs/0p25/oper/20260427120000-360h-oper-fc.grib2,2026-04-27 19:34:40,7.58,True
ecmwf,2026-04-28 12:00:00,True,20260428/12z/ifs/0p25/oper/20260428120000-360h-oper-fc.grib2,2026-04-28 19:34:39,7.58,True
ecmwf,2026-04-29 12:00:00,True,20260429/12z/ifs/0p25/oper/20260429120000-360h-oper-fc.grib2,2026-04-29 19:34:41,7.58,True
ecmwf,2026-04-30 12:00:00,True,20260430/12z/ifs/0p25/oper/20260430120000-360h-oper-fc.grib2,2026-04-30 19:34:39,7.58,True
ecmwf,2026-05-01 12:00:00,True,20260501/12z/ifs/0p25/oper/20260501120000-360h-oper-fc.grib2,2026-05-01 19:34:39,7.58,True
ecmwf,2026-05-02 12:00:00,True,20260502/12z/ifs/0p25/oper/20260502120000-360h-oper-fc.grib2,2026-05-02 19:34:39,7.58,True
ecmwf,2026-05-03 12:00:00,True,20260503/12z/ifs/0p25/oper/20260503120000-360h-oper-fc.grib2,2026-05-03 19:34:39,7.58,True
ecmwf,2026-05-04 12:00:00,True,20260504/12z/ifs/0p25/oper/20260504120000-360h-oper-fc.grib2,2026-05-04 19:34:38,7.58,True
ecmwf,2026-05-05 12:00:00,True,20260505/12z/ifs/0p25/oper/20260505120000-360h-oper-fc.grib2,2026-05-05 19:34:37,7.58,True
ecmwf,2026-05-06 12:00:00,True,20260506/12z/ifs/0p25/oper/20260506120000-360h-oper-fc.grib2,2026-05-06 19:34:38,7.58,True
ecmwf,2026-05-07 12:00:00,True,20260507/12z/ifs/0p25/oper/20260507120000-360h-oper-fc.grib2,2026-05-07 19:34:42,7.58,True
ecmwf,2026-05-08 12:00:00,True,20260508/12z/ifs/0p25/oper/20260508120000-360h-oper-fc.grib2,2026-05-08 19:34:39,7.58,True
ecmwf,2026-05-09 12:00:00,True,20260509/12z/ifs/0p25/oper/20260509120000-360h-oper-fc.grib2,2026-05-09 19:34:39,7.58,True
ecmwf,2026-05-10 12:00:00,True,20260510/12z/ifs/0p25/oper/20260510120000-360h-oper-fc.grib2,2026-05-10 19:34:38,7.58,True
ecmwf,2026-05-11 12:00:00,True,20260511/12z/ifs/0p25/oper/20260511120000-360h-oper-fc.grib2,2026-05-11 19:34:39,7.58,True
ecmwf,2026-05-12 12:00:00,True,20260512/12z/ifs/0p25/oper/20260512120000-360h-oper-fc.grib2,2026-05-12 19:35:15,7.59,True
ecmwf,2026-05-13 12:00:00,True,20260513/12z/ifs/0p25/oper/20260513120000-360h-oper-fc.grib2,2026-05-13 19:35:29,7.59,True
ecmwf,2026-05-14 12:00:00,True,20260514/12z/ifs/0p25/oper/20260514120000-360h-oper-fc.grib2,2026-05-14 19:35:02,7.58,True
ecmwf,2026-05-15 12:00:00,True,20260515/12z/ifs/0p25/oper/20260515120000-360h-oper-fc.grib2,2026-05-15 19:35:11,7.59,True
ecmwf,2026-05-16 12:00:00,True,20260516/12z/ifs/0p25/oper/20260516120000-360h-oper-fc.grib2,2026-05-16 19:35:13,7.59,True
ecmwf,2026-05-17 12:00:00,True,20260517/12z/ifs/0p25/oper/20260517120000-360h-oper-fc.grib2,2026-05-17 19:54:46,7.91,True
ecmwf,2026-05-18 12:00:00,True,20260518/12z/ifs/0p25/oper/20260518120000-360h-oper-fc.grib2,2026-05-18 19:35:14,7.59,True
ecmwf,2026-05-19 12:00:00,True,20260519/12z/ifs/0p25/oper/20260519120000-360h-oper-fc.grib2,2026-05-19 19:35:08,7.59,True
ecmwf,2026-05-20 12:00:00,True,20260520/12z/ifs/0p25/oper/20260520120000-360h-oper-fc.grib2,2026-05-20 19:35:05,7.58,True
ecmwf,2026-05-21 12:00:00,True,20260521/12z/ifs/0p25/oper/20260521120000-360h-oper-fc.grib2,2026-05-21 19:34:42,7.58,True
ecmwf,2026-05-22 12:00:00,True,20260522/12z/ifs/0p25/oper/20260522120000-360h-oper-fc.grib2,2026-05-22 19:34:41,7.58,True
ecmwf,2026-05-23 12:00:00,True,20260523/12z/ifs/0p25/oper/20260523120000-360h-oper-fc.grib2,2026-05-23 19:34:39,7.58,True
ecmwf,2026-05-24 12:00:00,True,20260524/12z/ifs/0p25/oper/20260524120000-360h-oper-fc.grib2,2026-05-24 19:34:43,7.58,True
ecmwf,2026-05-25 12:00:00,True,20260525/12z/ifs/0p25/oper/20260525120000-360h-oper-fc.grib2,2026-05-25 19:34:38,7.58,True
ecmwf,2026-05-26 12:00:00,True,20260526/12z/ifs/0p25/oper/20260526120000-360h-oper-fc.grib2,2026-05-26 19:34:42,7.58,True
ecmwf,2026-05-27 12:00:00,True,20260527/12z/ifs/0p25/oper/20260527120000-360h-oper-fc.grib2,2026-05-27 19:34:41,7.58,True
ecmwf,2026-05-28 12:00:00,True,20260528/12z/ifs/0p25/oper/20260528120000-360h-oper-fc.grib2,2026-05-28 19:34:40,7.58,True
ecmwf,2026-05-29 12:00:00,True,20260529/12z/ifs/0p25/oper/20260529120000-360h-oper-fc.grib2,2026-05-29 19:34:40,7.58,True
ecmwf,2026-05-30 12:00:00,True,20260530/12z/ifs/0p25/oper/20260530120000-360h-oper-fc.grib2,2026-05-30 19:34:38,7.58,True
ecmwf,2026-05-31 12:00:00,True,20260531/12z/ifs/0p25/oper/20260531120000-360h-oper-fc.grib2,2026-05-31 19:34:40,7.58,True
ecmwf,2026-06-01 12:00:00,True,20260601/12z/ifs/0p25/oper/20260601120000-360h-oper-fc.grib2,2026-06-01 19:34:41,7.58,True
ecmwf,2026-06-02 12:00:00,True,20260602/12z/ifs/0p25/oper/20260602120000-360h-oper-fc.grib2,2026-06-02 19:34:42,7.58,True
ecmwf,2026-06-03 12:00:00,True,20260603/12z/ifs/0p25/oper/20260603120000-360h-oper-fc.grib2,2026-06-03 19:34:41,7.58,True
ecmwf,2026-06-04 12:00:00,True,20260604/12z/ifs/0p25/oper/20260604120000-360h-oper-fc.grib2,2026-06-04 19:34:39,7.58,True
ecmwf,2026-06-05 12:00:00,True,20260605/12z/ifs/0p25/oper/20260605120000-360h-oper-fc.grib2,2026-06-05 19:34:38,7.58,True
ecmwf,2026-06-06 12:00:00,True,20260606/12z/ifs/0p25/oper/20260606120000-360h-oper-fc.grib2,2026-06-06 19:34:40,7.58,True
ecmwf,2026-06-07 12:00:00,True,20260607/12z/ifs/0p25/oper/20260607120000-360h-oper-fc.grib2,2026-06-07 19:34:40,7.58,True
ecmwf,2026-06-08 12:00:00,True,20260608/12z/ifs/0p25/oper/20260608120000-360h-oper-fc.grib2,2026-06-08 19:34:39,7.58,True
ecmwf,2026-06-09 12:00:00,True,20260609/12z/ifs/0p25/oper/20260609120000-360h-oper-fc.grib2,2026-06-09 19:34:41,7.58,True
ecmwf,2026-06-11 12:00:00,True,20260611/12z/ifs/0p25/oper/20260611120000-360h-oper-fc.grib2,2026-06-11 19:34:41,7.58,True
ecmwf,2026-06-12 12:00:00,True,20260612/12z/ifs/0p25/oper/20260612120000-360h-oper-fc.grib2,2026-06-12 19:34:41,7.58,True
ecmwf,2026-06-13 12:00:00,True,20260613/12z/ifs/0p25/oper/20260613120000-360h-oper-fc.grib2,2026-06-13 19:34:42,7.58,True
ecmwf,2026-06-14 12:00:00,True,20260614/12z/ifs/0p25/oper/20260614120000-360h-oper-fc.grib2,2026-06-14 19:34:41,7.58,True
ecmwf,2026-06-15 12:00:00,True,20260615/12z/ifs/0p25/oper/20260615120000-360h-oper-fc.grib2,2026-06-15 19:34:38,7.58,True
ecmwf,2026-06-16 12:00:00,True,20260616/12z/ifs/0p25/oper/20260616120000-360h-oper-fc.grib2,2026-06-16 19:34:40,7.58,True
ecmwf,2026-06-17 12:00:00,True,20260617/12z/ifs/0p25/oper/20260617120000-360h-oper-fc.grib2,2026-06-17 19:34:39,7.58,True
ecmwf,2026-06-18 12:00:00,True,20260618/12z/ifs/0p25/oper/20260618120000-360h-oper-fc.grib2,2026-06-18 19:34:40,7.58,True
ecmwf,2026-06-19 12:00:00,True,20260619/12z/ifs/0p25/oper/20260619120000-360h-oper-fc.grib2,2026-06-19 19:34:40,7.58,True
ecmwf,2026-06-20 12:00:00,True,20260620/12z/ifs/0p25/oper/20260620120000-360h-oper-fc.grib2,2026-06-20 19:34:42,7.58,True
ecmwf,2026-06-21 12:00:00,True,20260621/12z/ifs/0p25/oper/20260621120000-360h-oper-fc.grib2,2026-06-21 19:34:41,7.58,True
ecmwf,2026-06-22 12:00:00,True,20260622/12z/ifs/0p25/oper/20260622120000-360h-oper-fc.grib2,2026-06-22 19:35:51,7.6,True
ecmwf,2026-06-23 12:00:00,True,20260623/12z/ifs/0p25/oper/20260623120000-360h-oper-fc.grib2,2026-06-23 19:34:30,7.58,True
ecmwf,2026-06-24 12:00:00,True,20260624/12z/ifs/0p25/oper/20260624120000-360h-oper-fc.grib2,2026-06-24 19:34:31,7.58,True
ecmwf,2026-06-25 12:00:00,True,20260625/12z/ifs/0p25/oper/20260625120000-360h-oper-fc.grib2,2026-06-25 19:34:38,7.58,True
ecmwf,2026-06-26 12:00:00,True,20260626/12z/ifs/0p25/oper/20260626120000-360h-oper-fc.grib2,2026-06-26 19:34:29,7.57,True
ecmwf,2026-06-27 12:00:00,True,20260627/12z/ifs/0p25/oper/20260627120000-360h-oper-fc.grib2,2026-06-27 19:34:30,7.58,True
ecmwf,2026-06-28 12:00:00,True,20260628/12z/ifs/0p25/oper/20260628120000-360h-oper-fc.grib2,2026-06-29 01:40:17,13.67,True
ecmwf,2026-06-29 12:00:00,True,20260629/12z/ifs/0p25/oper/20260629120000-360h-oper-fc.grib2,2026-06-29 19:34:35,7.58,True
ecmwf,2026-06-30 12:00:00,True,20260630/12z/ifs/0p25/oper/20260630120000-360h-oper-fc.grib2,2026-06-30 19:34:32,7.58,True
ecmwf,2026-07-01 12:00:00,True,20260701/12z/ifs/0p25/oper/20260701120000-360h-oper-fc.grib2,2026-07-01 19:34:30,7.58,True
ecmwf,2026-07-02 12:00:00,True,20260702/12z/ifs/0p25/oper/20260702120000-360h-oper-fc.grib2,2026-07-02 19:35:25,7.59,True
ecmwf,2026-07-03 12:00:00,True,20260703/12z/ifs/0p25/oper/20260703120000-360h-oper-fc.grib2,2026-07-03 19:34:31,7.58,True
ecmwf,2026-07-04 12:00:00,True,20260704/12z/ifs/0p25/oper/20260704120000-360h-oper-fc.grib2,2026-07-04 19:34:29,7.57,True
ecmwf,2026-07-05 12:00:00,True,20260705/12z/ifs/0p25/oper/20260705120000-360h-oper-fc.grib2,2026-07-05 19:34:33,7.58,True
ecmwf,2026-07-06 12:00:00,True,20260706/12z/ifs/0p25/oper/20260706120000-360h-oper-fc.grib2,2026-07-06 19:34:31,7.58,True
ecmwf,2026-07-07 12:00:00,True,20260707/12z/ifs/0p25/oper/20260707120000-360h-oper-fc.grib2,2026-07-07 19:34:32,7.58,True
ecmwf,2026-07-08 12:00:00,True,20260708/12z/ifs/0p25/oper/20260708120000-360h-oper-fc.grib2,2026-07-08 19:34:30,7.58,True
ecmwf,2026-07-09 12:00:00,True,20260709/12z/ifs/0p25/oper/20260709120000-360h-oper-fc.grib2,2026-07-09 19:34:31,7.58,True
ecmwf,2026-07-10 12:00:00,True,20260710/12z/ifs/0p25/oper/20260710120000-360h-oper-fc.grib2,2026-07-10 19:34:41,7.58,True
ecmwf,2026-07-11 12:00:00,True,20260711/12z/ifs/0p25/oper/20260711120000-360h-oper-fc.grib2,2026-07-11 19:34:39,7.58,True
ecmwf,2026-07-12 12:00:00,True,20260712/12z/ifs/0p25/oper/20260712120000-360h-oper-fc.grib2,2026-07-12 19:34:38,7.58,True
ecmwf,2026-07-13 12:00:00,True,20260713/12z/ifs/0p25/oper/20260713120000-360h-oper-fc.grib2,2026-07-13 19:34:45,7.58,True
ecmwf,2026-07-14 12:00:00,True,20260714/12z/ifs/0p25/oper/20260714120000-360h-oper-fc.grib2,2026-07-14 19:34:39,7.58,True
ecmwf,2026-07-15 12:00:00,True,20260715/12z/ifs/0p25/oper/20260715120000-360h-oper-fc.grib2,2026-07-15 19:34:44,7.58,True
ecmwf,2026-07-16 12:00:00,True,20260716/12z/ifs/0p25/oper/20260716120000-360h-oper-fc.grib2,2026-07-16 19:34:38,7.58,True
ecmwf,2026-07-17 12:00:00,True,20260717/12z/ifs/0p25/oper/20260717120000-360h-oper-fc.grib2,2026-07-17 19:34:40,7.58,True
ecmwf,2026-07-18 12:00:00,True,20260718/12z/ifs/0p25/oper/20260718120000-360h-oper-fc.grib2,2026-07-18 19:34:37,7.58,True
ecmwf,2026-07-19 12:00:00,True,20260719/12z/ifs/0p25/oper/20260719120000-360h-oper-fc.grib2,2026-07-19 19:34:40,7.58,True
ecmwf,2026-07-20 12:00:00,True,20260720/12z/ifs/0p25/oper/20260720120000-360h-oper-fc.grib2,2026-07-20 19:34:39,7.58,True
ecmwf,2026-07-21 12:00:00,True,20260721/12z/ifs/0p25/oper/20260721120000-360h-oper-fc.grib2,2026-07-21 19:34:39,7.58,True
ecmwf,2026-07-22 12:00:00,True,20260722/12z/ifs/0p25/oper/20260722120000-360h-oper-fc.grib2,2026-07-22 19:34:40,7.58,True
ecmwf,2026-07-23 12:00:00,True,20260723/12z/ifs/0p25/oper/20260723120000-360h-oper-fc.grib2,2026-07-23 19:34:39,7.58,True
ecmwf,2026-07-24 12:00:00,True,20260724/12z/ifs/0p25/oper/20260724120000-360h-oper-fc.grib2,2026-07-24 19:34:42,7.58,True
ecmwf,2026-07-25 12:00:00,True,20260725/12z/ifs/0p25/oper/20260725120000-360h-oper-fc.grib2,2026-07-25 19:34:39,7.58,True
ecmwf,2026-07-26 12:00:00,True,20260726/12z/ifs/0p25/oper/20260726120000-360h-oper-fc.grib2,2026-07-26 19:34:40,7.58,True
ecmwf,2026-07-27 12:00:00,True,20260727/12z/ifs/0p25/oper/20260727120000-360h-oper-fc.grib2,2026-07-27 19:34:38,7.58,True
ecmwf,2026-07-28 12:00:00,True,20260728/12z/ifs/0p25/oper/20260728120000-360h-oper-fc.grib2,2026-07-28 19:34:39,7.58,True
ecmwf,2026-07-29 12:00:00,True,20260729/12z/ifs/0p25/oper/20260729120000-360h-oper-fc.grib2,2026-07-29 19:34:37,7.58,True
ecmwf,2026-07-30 12:00:00,True,20260730/12z/ifs/0p25/oper/20260730120000-360h-oper-fc.grib2,2026-07-30 19:34:38,7.58,True
ecmwf,2026-07-31 12:00:00,True,20260731/12z/ifs/0p25/oper/20260731120000-360h-oper-fc.grib2,2026-07-31 19:34:39,7.58,True
ecmwf,2026-08-01 12:00:00,True,20260801/12z/ifs/0p25/oper/20260801120000-360h-oper-fc.grib2,2026-08-01 19:34:39,7.58,True
ecmwf,2026-08-02 12:00:00,True,20260802/12z/ifs/0p25/oper/20260802120000-360h-oper-fc.grib2,2026-08-02 19:34:37,7.58,True
ecmwf,2026-08-03 12:00:00,True,20260803/12z/ifs/0p25/oper/20260803120000-360h-oper-fc.grib2,2026-08-03 19:34:39,7.58,True
ecmwf,2026-08-04 12:00:00,True,20260804/12z/ifs/0p25/oper/20260804120000-360h-oper-fc.grib2,2026-08-04 19:34:40,7.58,True
ecmwf,2026-08-05 12:00:00,True,20260805/12z/ifs/0p25/oper/20260805120000-360h-oper-fc.grib2,2026-08-05 19:34:39,7.58,True
ecmwf,2026-08-06 12:00:00,True,20260806/12z/ifs/0p25/oper/20260806120000-360h-oper-fc.grib2,2026-08-06 19:34:41,7.58,True
ecmwf,2026-08-07 12:00:00,True,20260807/12z/ifs/0p25/oper/20260807120000-360h-oper-fc.grib2,2026-08-07 19:34:37,7.58,True
ecmwf,2026-08-08 12:00:00,True,20260808/12z/ifs/0p25/oper/20260808120000-360h-oper-fc.grib2,2026-08-08 19:34:40,7.58,True
ecmwf,2026-08-09 12:00:00,True,20260809/12z/ifs/0p25/oper/20260809120000-360h-oper-fc.grib2,2026-08-09 19:34:39,7.58,True
ecmwf,2026-08-10 12:00:00,True,20260810/12z/ifs/0p25/oper/20260810120000-360h-oper-fc.grib2,2026-08-10 19:34:38,7.58,True
ecmwf,2026-08-11 12:00:00,True,20260811/12z/ifs/0p25/oper/20260811120000-360h-oper-fc.grib2,2026-08-11 19:34:40,7.58,True
ecmwf,2026-08-12 12:00:00,True,20260812/12z/ifs/0p25/oper/20260812120000-360h-oper-fc.grib2,2026-08-12 19:34:36,7.58,True
ecmwf,2026-08-13 12:00:00,True,20260813/12z/ifs/0p25/oper/20260813120000-360h-oper-fc.grib2,2026-08-13 19:34:39,7.58,True
ecmwf,2026-08-14 12:00:00,True,20260814/12z/ifs/0p25/oper/20260814120000-360h-oper-fc.grib2,2026-08-14 19:34:39,7.58,True
ecmwf,2026-08-15 12:00:00,True,20260815/12z/ifs/0p25/oper/20260815120000-360h-oper-fc.grib2,2026-08-15 19:34:40,7.58,True
ecmwf,2026-08-16 12:00:00,True,20260816/12z/ifs/0p25/oper/20260816120000-360h-oper-fc.grib2,2026-08-16 19:34:41,7.58,True
ecmwf,2026-08-17 12:00:00,True,20260817/12z/ifs/0p25/oper/20260817120000-360h-oper-fc.grib2,2026-08-17 19:34:39,7.58,True
ecmwf,2026-08-18 12:00:00,True,20260818/12z/ifs/0p25/oper/20260818120000-360h-oper-fc.grib2,2026-08-18 19:34:39,7.58,True
ecmwf,2026-08-19 12:00:00,True,20260819/12z/ifs/0p25/oper/20260819120000-360h-oper-fc.grib2,2026-08-19 19:34:40,7.58,True
ecmwf,2026-08-20 12:00:00,True,20260820/12z/ifs/0p25/oper/20260820120000-360h-oper-fc.grib2,2026-08-20 19:34:40,7.58,True
ecmwf,2026-08-21 12:00:00,True,20260821/12z/ifs/0p25/oper/20260821120000-360h-oper-fc.grib2,2026-08-21 19:34:41,7.58,True
ecmwf,2026-08-22 12:00:00,True,20260822/12z/ifs/0p25/oper/20260822120000-360h-oper-fc.grib2,2026-08-22 19:34:38,7.58,True
ecmwf,2026-08-23 12:00:00,True,20260823/12z/ifs/0p25/oper/20260823120000-360h-oper-fc.grib2,2026-08-23 19:34:40,7.58,True
ecmwf,2026-08-24 12:00:00,True,20260824/12z/ifs/0p25/oper/20260824120000-360h-oper-fc.grib2,2026-08-24 19:34:42,7.58,True
ecmwf,2026-08-25 12:00:00,True,20260825/12z/ifs/0p25/oper/20260825120000-360h-oper-fc.grib2,2026-08-25 19:34:40,7.58,True
ecmwf,2026-08-26 12:00:00,True,20260826/12z/ifs/0p25/oper/20260826120000-360h-oper-fc.grib2,2026-08-26 19:34:38,7.58,True
ecmwf,2026-08-27 12:00:00,True,20260827/12z/ifs/0p25/oper/20260827120000-360h-oper-fc.grib2,2026-08-27 19:34:42,7.58,True
ecmwf,2026-08-28 12:00:00,True,20260828/12z/ifs/0p25/oper/20260828120000-360h-oper-fc.grib2,2026-08-28 19:34:41,7.58,True
ecmwf,2026-08-29 12:00:00,True,20260829/12z/ifs/0p25/oper/20260829120000-360h-oper-fc.grib2,2026-08-29 19:34:43,7.58,True
ecmwf,2026-08-30 12:00:00,True,20260830/12z/ifs/0p25/oper/20260830120000-360h-oper-fc.grib2,2026-08-30 19:34:39,7.58,True
ecmwf,2026-08-31 12:00:00,True,20260831/12z/ifs/0p25/oper/20260831120000-360h-oper-fc.grib2,2026-08-31 19:34:42,7.58,True
ecmwf,2026-09-01 12:00:00,True,20260901/12z/ifs/0p25/oper/20260901120000-360h-oper-fc.grib2,2026-09-01 19:34:41,7.58,True
ecmwf,2026-09-02 12:00:00,True,20260902/12z/ifs/0p25/oper/20260902120000-360h-oper-fc.grib2,2026-09-02 19:34:41,7.58,True
ecmwf,2026-09-03 12:00:00,True,20260903/12z/ifs/0p25/oper/20260903120000-360h-oper-fc.grib2,2026-09-03 19:34:39,7.58,True
ecmwf,2026-09-04 12:00:00,True,20260904/12z/ifs/0p25/oper/20260904120000-360h-oper-fc.grib2,2026-09-04 19:34:39,7.58,True
ecmwf,2026-09-05 12:00:00,True,20260905/12z/ifs/0p25/oper/20260905120000-360h-oper-fc.grib2,2026-09-05 19:34:42,7.58,True
ecmwf,2026-09-06 12:00:00,True,20260906/12z/ifs/0p25/oper/20260906120000-360h-oper-fc.grib2,2026-09-06 19:34:39,7.58,True
ecmwf,2026-09-07 12:00:00,True,20260907/12z/ifs/0p25/oper/20260907120000-360h-oper-fc.grib2,2026-09-07 19:34:39,7.58,True
ecmwf,2026-09-08 12:00:00,True,20260908/12z/ifs/0p25/oper/20260908120000-360h-oper-fc.grib2,2026-09-08 19:34:38,7.58,True
ecmwf,2026-09-09 12:00:00,True,20260909/12z/ifs/0p25/oper/20260909120000-360h-oper-fc.grib2,2026-09-09 19:34:39,7.58,True
ecmwf,2026-09-10 12:00:00,True,20260910/12z/ifs/0p25/oper/20260910120000-360h-oper-fc.grib2,2026-09-10 19:34:40,7.58,True
ecmwf,2026-09-11 12:00:00,True,20260911/12z/ifs/0p25/oper/20260911120000-360h-oper-fc.grib2,2026-09-11 19:34:40,7.58,True
ecmwf,2026-09-12 12:00:00,True,20260912/12z/ifs/0p25/oper/20260912120000-360h-oper-fc.grib2,2026-09-12 19:34:42,7.58,True
ecmwf,2026-09-13 12:00:00,True,20260913/12z/ifs/0p25/oper/20260913120000-360h-oper-fc.grib2,2026-09-13 19:34:40,7.58,True
ecmwf,2026-09-14 12:00:00,True,20260914/12z/ifs/0p25/oper/20260914120000-360h-oper-fc.grib2,2026-09-14 19:34:41,7.58,True
ecmwf,2026-09-15 12:00:00,True,20260915/12z/ifs/0p25/oper/20260915120000-360h-oper-fc.grib2,2026-09-15 19:34:38,7.58,True
ecmwf,2026-09-16 12:00:00,True,20260916/12z/ifs/0p25/oper/20260916120000-360h-oper-fc.grib2,2026-09-16 19:34:38,7.58,True
